state_name,month_date,year,month,deaths,deaths_imputed,population,population_imputed,deaths_per_100k,trailing_avg,trailing_stddev
Delaware,2015-01-01,2015,January,5.0,true,942065.0,false,0.5307489398289927,,
Delaware,2015-02-01,2015,February,5.0,true,942065.0,false,0.5307489398289927,5.0,
Delaware,2015-03-01,2015,March,5.0,true,942065.0,false,0.5307489398289927,5.0,0.0
Delaware,2015-04-01,2015,April,5.0,true,942065.0,false,0.5307489398289927,5.0,0.0
Delaware,2015-05-01,2015,May,5.0,true,942065.0,false,0.5307489398289927,5.0,0.0
Delaware,2015-06-01,2015,June,5.0,true,942065.0,false,0.5307489398289927,5.0,0.0
Delaware,2015-07-01,2015,July,5.0,true,942065.0,false,0.5307489398289927,5.0,0.0
Delaware,2015-08-01,2015,August,5.0,true,942065.0,false,0.5307489398289927,5.0,0.0
Delaware,2015-09-01,2015,September,5.0,true,942065.0,false,0.5307489398289927,5.0,0.0
Delaware,2015-10-01,2015,October,5.0,true,942065.0,false,0.5307489398289927,5.0,0.0
Delaware,2015-11-01,2015,November,5.0,true,942065.0,false,0.5307489398289927,5.0,0.0
Delaware,2015-12-01,2015,December,5.0,true,942065.0,false,0.5307489398289927,5.0,0.0
Delaware,2016-01-01,2016,January,5.0,true,949989.0,false,0.5263218837270748,5.0,0.0
Delaware,2016-02-01,2016,February,5.0,true,949989.0,false,0.5263218837270748,5.0,0.0
Delaware,2016-03-01,2016,March,5.0,true,949989.0,false,0.5263218837270748,5.0,0.0
Delaware,2016-04-01,2016,April,5.0,true,949989.0,false,0.5263218837270748,5.0,0.0
Delaware,2016-05-01,2016,May,5.0,true,949989.0,false,0.5263218837270748,5.0,0.0
Delaware,2016-06-01,2016,June,5.0,true,949989.0,false,0.5263218837270748,5.0,0.0
Delaware,2016-07-01,2016,July,5.0,true,949989.0,false,0.5263218837270748,5.0,0.0
Delaware,2016-08-01,2016,August,5.0,true,949989.0,false,0.5263218837270748,5.0,0.0
Delaware,2016-09-01,2016,September,5.0,true,949989.0,false,0.5263218837270748,5.0,0.0
Delaware,2016-10-01,2016,October,5.0,true,949989.0,false,0.5263218837270748,5.0,0.0
Delaware,2016-11-01,2016,November,5.0,true,949989.0,false,0.5263218837270748,5.0,0.0
Delaware,2016-12-01,2016,December,5.0,true,949989.0,false,0.5263218837270748,5.0,0.0
Delaware,2017-01-01,2017,January,5.0,true,957942.0,false,0.5219522685089494,5.0,0.0
Delaware,2017-02-01,2017,February,5.0,true,957942.0,false,0.5219522685089494,5.0,0.0
Delaware,2017-03-01,2017,March,5.0,true,957942.0,false,0.5219522685089494,5.0,0.0
Delaware,2017-04-01,2017,April,5.0,true,957942.0,false,0.5219522685089494,5.0,0.0
Delaware,2017-05-01,2017,May,5.0,true,957942.0,false,0.5219522685089494,5.0,0.0
Delaware,2017-06-01,2017,June,5.0,true,957942.0,false,0.5219522685089494,5.0,0.0
Delaware,2017-07-01,2017,July,5.0,true,957942.0,false,0.5219522685089494,5.0,0.0
Delaware,2017-08-01,2017,August,5.0,true,957942.0,false,0.5219522685089494,5.0,0.0
Delaware,2017-09-01,2017,September,5.0,true,957942.0,false,0.5219522685089494,5.0,0.0
Delaware,2017-10-01,2017,October,5.0,true,957942.0,false,0.5219522685089494,5.0,0.0
Delaware,2017-11-01,2017,November,5.0,true,957942.0,false,0.5219522685089494,5.0,0.0
Delaware,2017-12-01,2017,December,5.0,true,957942.0,false,0.5219522685089494,5.0,0.0
Delaware,2018-01-01,2018,January,5.0,true,966985.0,false,0.5170711024472975,5.0,0.0
Delaware,2018-02-01,2018,February,5.0,true,966985.0,false,0.5170711024472975,5.0,0.0
Delaware,2018-03-01,2018,March,214.0,false,966985.0,false,22.130643184744333,5.0,0.0
Delaware,2018-04-01,2018,April,228.0,false,966985.0,false,23.578442271596767,22.416666666666668,60.3331031303159
Delaware,2018-05-01,2018,May,237.0,false,966985.0,false,24.5091702560019,41.0,84.13085046521282
Delaware,2018-06-01,2018,June,247.0,false,966985.0,false,25.543312460896498,60.333333333333336,100.22368920962688
Delaware,2018-07-01,2018,July,248.0,false,966985.0,false,25.646726681385957,80.5,111.7607021517606
Delaware,2018-08-01,2018,August,267.0,false,966985.0,false,27.611596870685688,100.75,118.64011662472046
Delaware,2018-09-01,2018,September,284.0,false,966985.0,false,29.369638619006498,122.58333333333333,123.42863844294318
Delaware,2018-10-01,2018,October,298.0,false,966985.0,false,30.81743770585893,145.83333333333334,125.52568251038099
Delaware,2018-11-01,2018,November,301.0,false,966985.0,false,31.127680367327308,170.25,124.12978911387285
Delaware,2018-12-01,2018,December,300.0,false,966985.0,false,31.024266146837853,194.91666666666666,117.54183652356863
Delaware,2019-01-01,2019,January,305.0,false,976668.0,false,31.22862630904258,219.5,104.31551789032768
Delaware,2019-02-01,2019,February,303.0,false,976668.0,false,31.023848431606236,244.5,81.7418330643941
Delaware,2019-03-01,2019,March,294.0,false,976668.0,false,30.102347983142685,269.3333333333333,33.24928798508551
Delaware,2019-04-01,2019,April,294.0,false,976668.0,false,30.102347983142685,276.0,28.879058156387302
Delaware,2019-05-01,2019,May,304.0,false,976668.0,false,31.12623737032441,281.5,24.919871588754226
Delaware,2019-06-01,2019,June,311.0,false,976668.0,false,31.842959941351616,287.0833333333333,21.28361868297832
Delaware,2019-07-01,2019,July,322.0,false,976668.0,false,32.96923826725151,292.4166666666667,18.10805111411813
Delaware,2019-08-01,2019,August,319.0,false,976668.0,false,32.66207145109699,298.5833333333333,13.661214729254057
Delaware,2019-09-01,2019,September,317.0,false,976668.0,false,32.45729357366065,302.9166666666667,10.64688032270772
Delaware,2019-10-01,2019,October,311.0,false,976668.0,false,31.842959941351616,305.6666666666667,9.518721584648892
Delaware,2019-11-01,2019,November,312.0,false,976668.0,false,31.945348880069787,306.75,9.304202374098587
Delaware,2019-12-01,2019,December,336.0,false,976668.0,false,34.40268340930593,307.6666666666667,9.227757861556364
Delaware,2020-01-01,2020,January,343.0,false,991890.0,false,34.580447428646316,310.6666666666667,11.956993642621748
Delaware,2020-02-01,2020,February,360.0,false,991890.0,false,36.29434715543054,313.8333333333333,14.971690457377088
Delaware,2020-03-01,2020,March,369.0,false,991890.0,false,37.20170583431631,318.5833333333333,19.56089946497318
Delaware,2020-04-01,2020,April,377.0,false,991890.0,false,38.00824688221476,324.8333333333333,22.718968179728485
Delaware,2020-05-01,2020,May,394.0,false,991890.0,false,39.72214660899898,331.75,24.998636326444252
Delaware,2020-06-01,2020,June,400.0,false,991890.0,false,40.32705239492282,339.25,29.08334418685219
Delaware,2020-07-01,2020,July,402.0,false,991890.0,false,40.52868765689744,346.6666666666667,32.38499465474526
Delaware,2020-08-01,2020,August,402.0,false,991890.0,false,40.52868765689744,353.3333333333333,34.976182372199126
Delaware,2020-09-01,2020,September,400.0,false,991890.0,false,40.32705239492282,360.25,35.76723996264535
Delaware,2020-10-01,2020,October,398.0,false,991890.0,false,40.12541713294821,367.1666666666667,34.651074582139145
Delaware,2020-11-01,2020,November,385.0,false,991890.0,false,38.81478793011322,374.4166666666667,30.708181715015698
Delaware,2020-12-01,2020,December,367.0,false,991890.0,false,37.00007057234169,380.5,23.635489494325334
Delaware,2021-01-01,2021,January,373.0,false,1005130.0,false,37.10962761035886,383.0833333333333,19.69521553960542
Delaware,2021-02-01,2021,February,372.0,false,1005130.0,false,37.010137992100525,385.5833333333333,15.62898434048583
Delaware,2021-03-01,2021,March,384.0,false,1005130.0,false,38.20401341120054,386.5833333333333,14.157929569572296
Delaware,2021-04-01,2021,April,385.0,false,1005130.0,false,38.30350302945888,387.8333333333333,13.085962870282966
Delaware,2021-05-01,2021,May,378.0,false,1005130.0,false,37.60707570165053,388.5,12.681410876483055
Delaware,2021-06-01,2021,June,373.0,false,1005130.0,false,37.10962761035886,387.1666666666667,12.889977313847934
Delaware,2021-07-01,2021,July,365.0,false,1005130.0,false,36.31371066429218,384.9166666666667,12.802402710097624
Delaware,2021-08-01,2021,August,365.0,false,1005130.0,false,36.31371066429218,381.8333333333333,12.769518630731769
Delaware,2021-09-01,2021,September,361.0,false,1005130.0,false,35.91575219125884,378.75,11.894421916481386
Delaware,2021-10-01,2021,October,373.0,false,1005130.0,false,37.10962761035886,375.5,10.841838153443101
Delaware,2021-11-01,2021,November,388.0,false,1005130.0,false,38.60197188423388,373.4166666666667,8.207073815073201
Delaware,2021-12-01,2021,December,409.0,false,1005130.0,false,40.691253867658915,373.6666666666667,8.62694861606596
Delaware,2022-01-01,2022,January,411.0,false,1020279.0,false,40.28309903467581,377.1666666666667,13.058145025812484
Delaware,2022-02-01,2022,February,409.0,false,1020279.0,false,40.087074221855005,380.3333333333333,16.188286075449913
Delaware,2022-03-01,2022,March,401.0,false,1020279.0,false,39.302974970571775,383.4166666666667,17.890872905851545
Delaware,2022-04-01,2022,April,401.0,false,1020279.0,false,39.302974970571775,384.8333333333333,18.600260669401866
Delaware,2022-05-01,2022,May,413.0,false,1020279.0,false,40.479123847496616,386.1666666666667,19.177796505017962
Delaware,2022-06-01,2022,June,426.0,false,1020279.0,false,41.75328513083186,389.0833333333333,20.44263963267746
Delaware,2022-07-01,2022,July,428.0,false,1020279.0,false,41.949309943652665,393.5,22.293496809607955
Delaware,2022-08-01,2022,August,436.0,false,1020279.0,false,42.733409194935895,398.75,22.38962828064491
Delaware,2022-09-01,2022,September,450.0,false,1020279.0,false,44.105582884681546,404.6666666666667,22.03853374653064
Delaware,2022-10-01,2022,October,444.0,false,1020279.0,false,43.517508446219125,412.0833333333333,20.956484495836648
Delaware,2022-11-01,2022,November,452.0,false,1020279.0,false,44.30160769750235,418.0,18.834204860499728
Delaware,2022-12-01,2022,December,450.0,false,1020279.0,false,44.105582884681546,423.3333333333333,18.627122616488474
Delaware,2023-01-01,2023,January,461.0,false,1035354.0,false,44.52583367621123,426.75,19.49883446400181
Delaware,2023-02-01,2023,February,465.0,false,1035354.0,false,44.912174966243434,430.9166666666667,21.103460867972835
Delaware,2023-03-01,2023,March,474.0,false,1035354.0,false,45.78144286881588,435.5833333333333,21.989494736984707
Delaware,2023-04-01,2023,April,479.0,false,1035354.0,false,46.264369481356134,441.6666666666667,21.64731070147193
Delaware,2023-05-01,2023,May,464.0,false,1035354.0,false,44.81558964373538,448.1666666666667,19.97195002694495
Delaware,2023-06-01,2023,June,452.0,false,1035354.0,false,43.656565773638775,452.4166666666667,17.015812610271613
Delaware,2023-07-01,2023,July,474.0,false,1035354.0,false,45.78144286881588,454.5833333333333,14.86581394483412
Delaware,2023-08-01,2023,August,468.0,false,1035354.0,false,45.201930933767585,458.4166666666667,13.228470215502036
Delaware,2023-09-01,2023,September,458.0,false,1035354.0,false,44.23607770868708,461.0833333333333,11.397434586410892
Delaware,2023-10-01,2023,October,462.0,false,1035354.0,false,44.62241899871928,461.75,10.913919385978469
Delaware,2023-11-01,2023,November,457.0,false,1035354.0,false,44.13949238617902,463.25,9.38204280915022
Delaware,2023-12-01,2023,December,442.0,false,1035354.0,false,42.690712548558274,463.6666666666667,8.937493377831828
Delaware,2024-01-01,2024,January,425.0,false,1050123.0,false,40.471449534959234,463.0,10.251385715643972
Delaware,2024-02-01,2024,February,419.0,false,1050123.0,false,39.9000878944657,460.0,15.039342345389251
Delaware,2024-03-01,2024,March,404.0,false,1050123.0,false,38.47168379323184,456.1666666666667,18.992023844155465
Delaware,2024-04-01,2024,April,387.0,false,1050123.0,false,36.85282581183347,450.3333333333333,23.28219504386574
Delaware,2024-05-01,2024,May,375.0,false,1050123.0,false,35.710102530846385,442.6666666666667,27.710625901967433
Delaware,2024-06-01,2024,June,371.0,false,1050123.0,false,35.32919477051736,435.25,32.905166767545815
Delaware,2024-07-01,2024,July,339.0,false,1050123.0,false,32.28193268788513,428.5,37.18626334842186
Delaware,2024-08-01,2024,August,319.0,false,1050123.0,false,30.377393886239997,417.25,42.246301613277346
Delaware,2024-09-01,2024,September,305.0,false,1050123.0,false,29.044216725088397,404.8333333333333,47.539138580433885
Delaware,2024-10-01,2024,October,287.0,false,1050123.0,false,27.330131803607767,392.0833333333333,52.265855938362826
Delaware,2024-11-01,2024,November,274.0,false,1050123.0,false,26.092181582538426,377.5,55.30987089283264
Delaware,2024-12-01,2024,December,269.0,false,1050123.0,false,25.616046882127144,362.25,56.610511391436845
Delaware,2025-01-01,2025,January,267.0,false,1059952.0,false,25.189819916373573,347.8333333333333,56.483035801321186
Delaware,2025-02-01,2025,February,257.0,false,1059952.0,false,24.24638096819479,334.6666666666667,55.261910823629584
Delaware,2025-03-01,2025,March,250.0,false,1059952.0,false,23.585973704469637,321.1666666666667,52.505988114488304
Delaware,2025-04-01,2025,April,258.0,false,1059952.0,false,24.340724863012664,308.3333333333333,49.13124044718172
Delaware,2025-05-01,2025,May,252.0,false,1059952.0,false,23.774661494105395,297.5833333333333,44.22146400547905
Delaware,2025-06-01,2025,June,249.0,false,1059952.0,false,23.49162980965176,287.3333333333333,38.535304552704616
Delaware,2025-07-01,2025,July,249.0,false,1059952.0,false,23.49162980965176,277.1666666666667,29.48600078722519
Delaware,2025-08-01,2025,August,248.0,false,1059952.0,false,23.39728591483388,269.6666666666667,23.078259479563496
Delaware,2025-09-01,2025,September,249.0,false,1059952.0,false,23.49162980965176,263.75,17.771913489855535
Delaware,2025-10-01,2025,October,252.0,false,1059952.0,false,23.774661494105395,259.0833333333333,12.536915187726333
Delaware,2025-11-01,2025,November,244.0,false,1059952.0,false,23.019910335562365,256.1666666666667,9.033607286464271
Delaware,2025-12-01,2025,December,234.0,false,1059952.0,false,22.07647138738358,253.66666666666666,7.702813338860869
Delaware,2026-01-01,2026,January,218.0,false,1069873.0,true,20.376250265218395,250.75,7.990050631310738
Delaware,2026-02-01,2026,February,209.0,false,1069873.0,true,19.53502892399378,246.66666666666666,10.915654591068508
Delaware,2026-03-01,2026,March,194.0,false,1069873.0,true,18.132993355286096,242.66666666666666,14.86504951117543
Delaware,2026-04-01,2026,April,174.0,false,1069873.0,true,16.26361259700918,238.0,20.190006528883618
Maine,2015-01-01,2015,January,59.0,false,1329098.0,false,4.439100803702962,,
Maine,2015-02-01,2015,February,63.0,false,1329098.0,false,4.740056790394688,59.0,
Maine,2015-03-01,2015,March,70.0,false,1329098.0,false,5.266729767105209,61.0,2.8284271247461903
Maine,2015-04-01,2015,April,81.0,false,1329098.0,false,6.094358730507457,64.0,5.5677643628300215
Maine,2015-05-01,2015,May,83.0,false,1329098.0,false,6.24483672385332,68.25,9.63932916061417
Maine,2015-06-01,2015,June,80.0,false,1329098.0,false,6.0191197338345255,71.2,10.639548862616309
Maine,2015-07-01,2015,July,89.0,false,1329098.0,false,6.696270703890909,72.66666666666667,10.17185659880568
Maine,2015-08-01,2015,August,96.0,false,1329098.0,false,7.222943680601431,75.0,11.150485789118486
Maine,2015-09-01,2015,September,98.0,false,1329098.0,false,7.373421673947294,77.625,12.715991057382377
Maine,2015-10-01,2015,October,107.0,false,1329098.0,false,8.050572644003678,79.88888888888889,13.697120540869571
Maine,2015-11-01,2015,November,113.0,false,1329098.0,false,8.502006624041268,82.6,15.500537625084709
Maine,2015-12-01,2015,December,110.0,false,1329098.0,false,8.276289634022472,85.36363636363636,17.32785461199815
Maine,2016-01-01,2016,January,111.0,false,1332348.0,false,8.33115672481964,87.41666666666667,17.987158719149583
Maine,2016-02-01,2016,February,115.0,false,1332348.0,false,8.631378588777107,91.75,16.73931137934131
Maine,2016-03-01,2016,March,125.0,false,1332348.0,false,9.381933248670768,96.08333333333333,15.287893804239259
Maine,2016-04-01,2016,April,131.0,false,1332348.0,false,9.832266044606964,100.66666666666667,14.99898986497747
Maine,2016-05-01,2016,May,139.0,false,1332348.0,false,10.432709772521894,104.83333333333333,15.953531004613096
Maine,2016-06-01,2016,June,154.0,false,1332348.0,false,11.558541762362387,109.5,17.133168257664853
Maine,2016-07-01,2016,July,164.0,false,1332348.0,false,12.309096422256047,115.66666666666667,18.78748777696734
Maine,2016-08-01,2016,August,168.0,false,1332348.0,false,12.609318286213513,121.91666666666667,21.402881425951353
Maine,2016-09-01,2016,September,181.0,false,1332348.0,false,13.585039344075271,127.91666666666667,23.469354615340535
Maine,2016-10-01,2016,October,175.0,false,1332348.0,false,13.134706548139073,134.83333333333334,25.95041892579468
Maine,2016-11-01,2016,November,185.0,false,1332348.0,false,13.885261208032736,140.5,26.73268343500823
Maine,2016-12-01,2016,December,204.0,false,1332348.0,false,15.311315061830694,146.5,28.04703841114715
Maine,2017-01-01,2017,January,212.0,false,1335743.0,false,15.871316563141264,154.33333333333334,29.985855251293316
Maine,2017-02-01,2017,February,211.0,false,1335743.0,false,15.796451862371729,162.75,30.878427303333837
Maine,2017-03-01,2017,March,216.0,false,1335743.0,false,16.1707753662194,170.75,29.79971018773049
Maine,2017-04-01,2017,April,232.0,false,1335743.0,false,17.36861057853195,178.33333333333334,28.65574139943888
Maine,2017-05-01,2017,May,233.0,false,1335743.0,false,17.443475279301484,186.75,28.3200057781196
Maine,2017-06-01,2017,June,232.0,false,1335743.0,false,17.36861057853195,194.58333333333334,26.87499119097812
Maine,2017-07-01,2017,July,231.0,false,1335743.0,false,17.293745877762415,201.08333333333334,25.567942759825193
Maine,2017-08-01,2017,August,238.0,false,1335743.0,false,17.817798783149154,206.66666666666666,24.001262593051344
Maine,2017-09-01,2017,September,243.0,false,1335743.0,false,18.192122286996824,212.5,22.187219908603392
Maine,2017-10-01,2017,October,258.0,false,1335743.0,false,19.315092798539837,217.66666666666666,21.38960381856456
Maine,2017-11-01,2017,November,254.0,false,1335743.0,false,19.0156339954617,224.58333333333334,19.690599202911446
Maine,2017-12-01,2017,December,262.0,false,1335743.0,false,19.614551601617976,230.33333333333334,16.966991126265956
Maine,2018-01-01,2018,January,265.0,false,1340123.0,false,19.774304298933753,235.16666666666666,17.044505024058385
Maine,2018-02-01,2018,February,271.0,false,1340123.0,false,20.222024396268104,239.58333333333334,17.359610036117196
Maine,2018-03-01,2018,March,272.0,false,1340123.0,false,20.296644412490497,244.58333333333334,17.01581261027162
Maine,2018-04-01,2018,April,267.0,false,1340123.0,false,19.923544331378537,249.25,16.119581542053428
Maine,2018-05-01,2018,May,264.0,false,1340123.0,false,19.699684282711363,252.16666666666666,15.879279427968838
Maine,2018-06-01,2018,June,263.0,false,1340123.0,false,19.62506426648897,254.75,14.973461371858718
Maine,2018-07-01,2018,July,269.0,false,1340123.0,false,20.07278436382332,257.3333333333333,13.268783141667727
Maine,2018-08-01,2018,August,271.0,false,1340123.0,false,20.222024396268104,260.5,10.698343117256302
Maine,2018-09-01,2018,September,259.0,false,1340123.0,false,19.326584201599406,263.25,8.37881527750467
Maine,2018-10-01,2018,October,247.0,false,1340123.0,false,18.431144006930708,264.5833333333333,5.712161401675188
Maine,2018-11-01,2018,November,248.0,false,1340123.0,false,18.505764023153098,263.6666666666667,7.475211560804679
Maine,2018-12-01,2018,December,226.0,false,1340123.0,false,16.864123666260486,263.1666666666667,8.332121123954098
Maine,2019-01-01,2019,January,221.0,false,1345770.0,false,16.421825423363575,260.1666666666667,13.603698249395505
Maine,2019-02-01,2019,February,227.0,false,1345770.0,false,16.867666837572543,256.5,17.542157014668206
Maine,2019-03-01,2019,March,219.0,false,1345770.0,false,16.273211618627254,252.83333333333334,18.789907026396023
Maine,2019-04-01,2019,April,212.0,false,1345770.0,false,15.753063302050126,248.41666666666666,20.061080970300903
Maine,2019-05-01,2019,May,224.0,false,1345770.0,false,16.644746130468057,243.83333333333334,21.649410377582313
Maine,2019-06-01,2019,June,235.0,false,1345770.0,false,17.46212205651783,240.5,21.339251073166473
Maine,2019-07-01,2019,July,226.0,false,1345770.0,false,16.793359935204382,238.16666666666666,20.153201114252678
Maine,2019-08-01,2019,August,235.0,false,1345770.0,false,17.46212205651783,234.58333333333334,17.865448285006504
Maine,2019-09-01,2019,September,244.0,false,1345770.0,false,18.130884177831277,231.58333333333334,13.740837167385619
Maine,2019-10-01,2019,October,268.0,false,1345770.0,false,19.914249834667142,230.33333333333334,11.523362303940585
Maine,2019-11-01,2019,November,268.0,false,1345770.0,false,19.914249834667142,232.08333333333334,15.270043956198757
Maine,2019-12-01,2019,December,278.0,false,1345770.0,false,20.657318858348752,233.75,18.010729125617413
Maine,2020-01-01,2020,January,292.0,false,1364546.0,false,21.39905873455347,238.08333333333334,21.827665236964076
Maine,2020-02-01,2020,February,300.0,false,1364546.0,false,21.985334316322056,244.0,25.999999999999993
Maine,2020-03-01,2020,March,313.0,false,1364546.0,false,22.938032136696016,250.08333333333334,29.907306292893875
Maine,2020-04-01,2020,April,317.0,false,1364546.0,false,23.231169927580307,257.9166666666667,33.15928043229946
Maine,2020-05-01,2020,May,326.0,false,1364546.0,false,23.890729957069972,266.6666666666667,33.78900663968933
Maine,2020-06-01,2020,June,331.0,false,1364546.0,false,24.25715219567534,275.1666666666667,34.89160704846141
Maine,2020-07-01,2020,July,345.0,false,1364546.0,false,25.28313446377037,283.1666666666667,35.837596645608556
Maine,2020-08-01,2020,August,344.0,false,1364546.0,false,25.209850016049295,293.0833333333333,35.036236652755356
Maine,2020-09-01,2020,September,345.0,false,1364546.0,false,25.28313446377037,302.1666666666667,32.65754356217184
Maine,2020-10-01,2020,October,332.0,false,1364546.0,false,24.33043664339641,310.5833333333333,29.128113047311697
Maine,2020-11-01,2020,November,346.0,false,1364546.0,false,25.35641891149144,315.9166666666667,26.34891177098501
Maine,2020-12-01,2020,December,359.0,false,1364546.0,false,26.309116731865394,322.4166666666667,22.841184228706204
Maine,2021-01-01,2021,January,375.0,false,1379009.0,false,27.193441087041492,329.1666666666667,20.355179521029363
Maine,2021-02-01,2021,February,380.0,false,1379009.0,false,27.556020301535376,336.0833333333333,20.676989113211796
Maine,2021-03-01,2021,March,399.0,false,1379009.0,false,28.933821316612146,342.75,20.88115723020942
Maine,2021-04-01,2021,April,406.0,false,1379009.0,false,29.441432216903586,349.9166666666667,24.23167848961856
Maine,2021-05-01,2021,May,416.0,false,1379009.0,false,30.166590645891365,357.3333333333333,26.732116650315252
Maine,2021-06-01,2021,June,423.0,false,1379009.0,false,30.674201546182804,364.8333333333333,29.612139197950352
Maine,2021-07-01,2021,July,426.0,false,1379009.0,false,30.891749074879133,372.5,31.879032721723704
Maine,2021-08-01,2021,August,431.0,false,1379009.0,false,31.254328289373024,379.25,34.02973298856059
Maine,2021-09-01,2021,September,449.0,false,1379009.0,false,32.55961346155102,386.5,35.088200554913314
Maine,2021-10-01,2021,October,474.0,false,1379009.0,false,34.372509534020445,395.1666666666667,36.71223064304159
Maine,2021-11-01,2021,November,493.0,false,1379009.0,false,35.750310549097215,407.0,37.38011138657463
Maine,2021-12-01,2021,December,501.0,false,1379009.0,false,36.330437292287435,419.25,39.59367488512642
Maine,2022-01-01,2022,January,488.0,false,1391585.0,false,35.06792614177359,431.0833333333333,41.13936034623009
Maine,2022-02-01,2022,February,490.0,false,1391585.0,false,35.21164715055135,440.5,40.053373481802055
Maine,2022-03-01,2022,March,492.0,false,1391585.0,false,35.35536815932911,449.6666666666667,37.45138262609357
Maine,2022-04-01,2022,April,505.0,false,1391585.0,false,36.28955471638456,457.4166666666667,35.58972868509662
Maine,2022-05-01,2022,May,498.0,false,1391585.0,false,35.78653118566239,465.6666666666667,34.027618016528685
Maine,2022-06-01,2022,June,513.0,false,1391585.0,false,36.8644387514956,472.5,31.268630809923085
Maine,2022-07-01,2022,July,533.0,false,1391585.0,false,38.301648839273206,480.0,29.029765288876707
Maine,2022-08-01,2022,August,550.0,false,1391585.0,false,39.52327741388417,488.9166666666667,27.31785407961526
Maine,2022-09-01,2022,September,552.0,false,1391585.0,false,39.66699842266193,498.8333333333333,25.946915505362565
Maine,2022-10-01,2022,October,553.0,false,1391585.0,false,39.738858927050806,507.4166666666667,24.981659939510266
Maine,2022-11-01,2022,November,556.0,false,1391585.0,false,39.954440440217454,514.0,25.77172516890975
Maine,2022-12-01,2022,December,573.0,false,1391585.0,false,41.176069014828414,519.25,27.46609480134303
Maine,2023-01-01,2023,January,590.0,false,1401992.0,false,42.082979075486875,525.25,30.781118769909465
Maine,2023-02-01,2023,February,594.0,false,1401992.0,false,42.36828740820204,533.75,33.52102461007258
Maine,2023-03-01,2023,March,581.0,false,1401992.0,false,41.44103532687775,542.4166666666666,34.60808716138031
Maine,2023-04-01,2023,April,585.0,false,1401992.0,false,41.72634365959293,549.8333333333334,32.27955540229292
Maine,2023-05-01,2023,May,587.0,false,1401992.0,false,41.86899782595051,556.5,30.383907223756076
Maine,2023-06-01,2023,June,573.0,false,1401992.0,false,40.87041866144743,563.9166666666666,25.231503876677365
Maine,2023-07-01,2023,July,559.0,false,1401992.0,false,39.87183949694435,568.9166666666666,19.523684140659608
Maine,2023-08-01,2023,August,538.0,false,1401992.0,false,38.373970750189734,571.0833333333334,16.362142187675136
Maine,2023-09-01,2023,September,536.0,false,1401992.0,false,38.23131658383215,570.0833333333334,18.047706141493375
Maine,2023-10-01,2023,October,525.0,false,1401992.0,false,37.446718668865444,568.75,19.991475456031033
Maine,2023-11-01,2023,November,508.0,false,1401992.0,false,36.23415825482599,566.4166666666666,23.348966624333517
Maine,2023-12-01,2023,December,487.0,false,1401992.0,false,34.73628950807137,562.4166666666666,28.776437120208843
Maine,2024-01-01,2024,January,474.0,false,1408438.0,false,33.654303561818125,555.25,35.762156229481135
Maine,2024-02-01,2024,February,466.0,false,1408438.0,false,33.086298438411916,545.5833333333334,40.83327149036749
Maine,2024-03-01,2024,March,476.0,false,1408438.0,false,33.796304842669684,534.9166666666666,43.656631972147295
Maine,2024-04-01,2024,April,457.0,false,1408438.0,false,32.44729267457993,526.1666666666666,44.10077990102653
Maine,2024-05-01,2024,May,448.0,false,1408438.0,false,31.80828691074794,515.5,44.056781543821394
Maine,2024-06-01,2024,June,430.0,false,1408438.0,false,30.530275383083957,503.9166666666667,41.76222375943761
Maine,2024-07-01,2024,July,419.0,false,1408438.0,false,29.749268338400412,492.0,40.644802865803165
Maine,2024-08-01,2024,August,404.0,false,1408438.0,false,28.68425873201376,480.3333333333333,39.74768908853429
Maine,2024-09-01,2024,September,383.0,false,1408438.0,false,27.193245283072454,469.1666666666667,40.880831990584824
Maine,2024-10-01,2024,October,368.0,false,1408438.0,false,26.1282356766858,456.4166666666667,41.985838160748976
Maine,2024-11-01,2024,November,356.0,false,1408438.0,false,25.276227991576484,443.3333333333333,43.11787929793759
Maine,2024-12-01,2024,December,346.0,false,1408438.0,false,24.56622158731872,430.6666666666667,44.691535365584976
Maine,2025-01-01,2025,January,327.0,false,1414874.0,false,23.111598629984012,418.9166666666667,47.0095896084141
Maine,2025-02-01,2025,February,315.0,false,1414874.0,false,22.263466570168085,406.6666666666667,50.382777240087144
Maine,2025-03-01,2025,March,292.0,false,1414874.0,false,20.637880122187557,394.0833333333333,53.00507408529754
Maine,2025-04-01,2025,April,284.0,false,1414874.0,false,20.07245874897694,378.75,53.76231360010806
Maine,2025-05-01,2025,May,274.0,false,1414874.0,false,19.365682032463667,364.3333333333333,54.06617718270376
Maine,2025-06-01,2025,June,269.0,false,1414874.0,false,19.012293674207033,349.8333333333333,52.90786731897658
Maine,2025-07-01,2025,July,260.0,false,1414874.0,false,18.376194629345086,336.4166666666667,51.11388057933763
Maine,2025-08-01,2025,August,257.0,false,1414874.0,false,18.164161614391105,323.1666666666667,48.29047211375861
Maine,2025-09-01,2025,September,248.0,false,1414874.0,false,17.528062569529162,310.9166666666667,44.41019197791371
Maine,2025-10-01,2025,October,240.0,false,1414874.0,false,16.96264119631854,299.6666666666667,41.49333644932604
Maine,2025-11-01,2025,November,227.0,false,1414874.0,false,16.043831464851287,289.0,38.68755966363442
Maine,2025-12-01,2025,December,222.0,false,1414874.0,false,15.69044310659465,278.25,36.221854277117416
Maine,2026-01-01,2026,January,229.0,false,1421339.0,true,16.111568035493292,267.9166666666667,32.64814719324078
Maine,2026-02-01,2026,February,224.0,false,1421339.0,true,15.759787074019638,259.75,28.52152297348922
Maine,2026-03-01,2026,March,213.0,false,1421339.0,true,14.985868958777605,252.16666666666666,24.278060928011588
Maine,2026-04-01,2026,April,211.0,false,1421339.0,true,14.845156574188142,245.58333333333334,23.180941754080244
Alaska,2015-01-01,2015,January,5.0,true,738430.0,false,0.6771122516690817,,
Alaska,2015-02-01,2015,February,5.0,true,738430.0,false,0.6771122516690817,5.0,
Alaska,2015-03-01,2015,March,5.0,true,738430.0,false,0.6771122516690817,5.0,0.0
Alaska,2015-04-01,2015,April,5.0,true,738430.0,false,0.6771122516690817,5.0,0.0
Alaska,2015-05-01,2015,May,5.0,true,738430.0,false,0.6771122516690817,5.0,0.0
Alaska,2015-06-01,2015,June,5.0,true,738430.0,false,0.6771122516690817,5.0,0.0
Alaska,2015-07-01,2015,July,5.0,true,738430.0,false,0.6771122516690817,5.0,0.0
Alaska,2015-08-01,2015,August,5.0,true,738430.0,false,0.6771122516690817,5.0,0.0
Alaska,2015-09-01,2015,September,5.0,true,738430.0,false,0.6771122516690817,5.0,0.0
Alaska,2015-10-01,2015,October,17.0,false,738430.0,false,2.3021816556748775,5.0,0.0
Alaska,2015-11-01,2015,November,15.0,false,738430.0,false,2.0313367550072448,6.2,3.7947331922020555
Alaska,2015-12-01,2015,December,5.0,true,738430.0,false,0.6771122516690817,7.0,4.47213595499958
Alaska,2016-01-01,2016,January,13.0,false,742575.0,false,1.7506649160017507,6.833333333333333,4.302923600896432
Alaska,2016-02-01,2016,February,12.0,false,742575.0,false,1.615998384001616,7.5,4.602370930489869
Alaska,2016-03-01,2016,March,12.0,false,742575.0,false,1.615998384001616,8.083333333333334,4.699290726623895
Alaska,2016-04-01,2016,April,11.0,false,742575.0,false,1.4813318520014813,8.666666666666666,4.7161874689651855
Alaska,2016-05-01,2016,May,11.0,false,742575.0,false,1.4813318520014813,9.166666666666666,4.608950449117916
Alaska,2016-06-01,2016,June,12.0,false,742575.0,false,1.615998384001616,9.666666666666666,4.438126822992972
Alaska,2016-07-01,2016,July,13.0,false,742575.0,false,1.7506649160017507,10.25,4.223850031773037
Alaska,2016-08-01,2016,August,12.0,false,742575.0,false,1.615998384001616,10.916666666666666,3.941811612428832
Alaska,2016-09-01,2016,September,10.0,false,742575.0,false,1.3466653200013468,11.5,3.4771984543464143
Alaska,2016-10-01,2016,October,5.0,true,742575.0,false,0.6733326600006734,11.916666666666666,2.874917653629668
Alaska,2016-11-01,2016,November,5.0,true,742575.0,false,0.6733326600006734,10.916666666666666,3.0289011909011534
Alaska,2016-12-01,2016,December,5.0,true,742575.0,false,0.6733326600006734,10.083333333333334,3.1754264805429413
Alaska,2017-01-01,2017,January,10.0,false,740983.0,false,1.3495586268510884,10.083333333333334,3.175426480542942
Alaska,2017-02-01,2017,February,11.0,false,740983.0,false,1.4845144895361972,9.833333333333334,3.040135563165603
Alaska,2017-03-01,2017,March,11.0,false,740983.0,false,1.4845144895361972,9.75,2.9886147596868655
Alaska,2017-04-01,2017,April,12.0,false,740983.0,false,1.619470352221306,9.666666666666666,2.9336088024923512
Alaska,2017-05-01,2017,May,21.0,false,740983.0,false,2.8340731163872857,9.75,2.9886147596868655
Alaska,2017-06-01,2017,June,24.0,false,740983.0,false,3.238940704442612,10.583333333333334,4.420167280531223
Alaska,2017-07-01,2017,July,27.0,false,740983.0,false,3.6438082924979383,11.583333333333334,5.884623002265131
Alaska,2017-08-01,2017,August,29.0,false,740983.0,false,3.9137200178681564,12.75,7.387027942155209
Alaska,2017-09-01,2017,September,32.0,false,740983.0,false,4.318587605923483,14.166666666666666,8.736894948054104
Alaska,2017-10-01,2017,October,33.0,false,740983.0,false,4.453543468608592,16.0,10.0
Alaska,2017-11-01,2017,November,33.0,false,740983.0,false,4.453543468608592,18.333333333333332,10.456258094238748
Alaska,2017-12-01,2017,December,37.0,false,740983.0,false,4.993366919349027,20.666666666666668,10.333822080328206
Alaska,2018-01-01,2018,January,38.0,false,736624.0,false,5.1586698234105866,23.333333333333332,10.048367875913828
Alaska,2018-02-01,2018,February,38.0,false,736624.0,false,5.1586698234105866,25.666666666666668,9.920899274977163
Alaska,2018-03-01,2018,March,38.0,false,736624.0,false,5.1586698234105866,27.916666666666668,9.336714755428826
Alaska,2018-04-01,2018,April,38.0,false,736624.0,false,5.1586698234105866,30.166666666666668,8.05473698383677
Alaska,2018-05-01,2018,May,27.0,false,736624.0,false,3.6653706640022587,32.333333333333336,5.94418483337567
Alaska,2018-06-01,2018,June,24.0,false,736624.0,false,3.258107256890897,32.833333333333336,5.096047190685831
Alaska,2018-07-01,2018,July,22.0,false,736624.0,false,2.9865983188166556,32.833333333333336,5.096047190685832
Alaska,2018-08-01,2018,August,19.0,false,736624.0,false,2.5793349117052933,32.416666666666664,5.775470596069262
Alaska,2018-09-01,2018,September,16.0,false,736624.0,false,2.172071504593931,31.583333333333332,6.921092049056651
Alaska,2018-10-01,2018,October,18.0,false,736624.0,false,2.4435804426681726,30.25,8.247589179434632
Alaska,2018-11-01,2018,November,19.0,false,736624.0,false,2.5793349117052933,29.0,8.903523306687488
Alaska,2018-12-01,2018,December,16.0,false,736624.0,false,2.172071504593931,27.833333333333332,9.242523596087944
Alaska,2019-01-01,2019,January,14.0,false,733603.0,false,1.9083891423562882,26.083333333333332,9.336714755428826
Alaska,2019-02-01,2019,February,16.0,false,733603.0,false,2.1810161626929006,24.083333333333332,9.119991360974112
Alaska,2019-03-01,2019,March,20.0,false,733603.0,false,2.7262702033661257,22.25,8.236559299301446
Alaska,2019-04-01,2019,April,19.0,false,733603.0,false,2.5899566931978195,20.75,6.579928156557225
Alaska,2019-05-01,2019,May,20.0,false,733603.0,false,2.7262702033661257,19.166666666666668,3.713203305486893
Alaska,2019-06-01,2019,June,20.0,false,733603.0,false,2.7262702033661257,18.583333333333332,2.810963384947437
Alaska,2019-07-01,2019,July,19.0,false,733603.0,false,2.5899566931978195,18.25,2.3011854652449344
Alaska,2019-08-01,2019,August,20.0,false,733603.0,false,2.7262702033661257,18.0,2.0
Alaska,2019-09-01,2019,September,24.0,false,733603.0,false,3.271524244039351,18.083333333333332,2.065224325624583
Alaska,2019-10-01,2019,October,27.0,false,733603.0,false,3.6804647745442702,18.75,2.5628464289109902
Alaska,2019-11-01,2019,November,25.0,false,733603.0,false,3.4078377542076574,19.5,3.4771984543464147
Alaska,2019-12-01,2019,December,23.0,false,733603.0,false,3.135210733871044,20.0,3.8138503569823685
Alaska,2020-01-01,2020,January,24.0,false,732906.0,false,3.2746354921367815,20.583333333333332,3.679385653594738
Alaska,2020-02-01,2020,February,24.0,false,732906.0,false,3.2746354921367815,21.416666666666668,3.146667308679955
Alaska,2020-03-01,2020,March,25.0,false,732906.0,false,3.411078637642481,22.083333333333332,2.7122058561364026
Alaska,2020-04-01,2020,April,31.0,false,732906.0,false,4.229737510676676,22.5,2.746899078134203
Alaska,2020-05-01,2020,May,38.0,false,732906.0,false,5.184839529216571,23.5,3.4509550720186013
Alaska,2020-06-01,2020,June,44.0,false,732906.0,false,6.0034984022507665,25.0,5.239708527632567
Alaska,2020-07-01,2020,July,48.0,false,732906.0,false,6.549270984273563,27.0,7.323685113135575
Alaska,2020-08-01,2020,August,53.0,false,732906.0,false,7.2314867118020585,29.416666666666668,9.029832710957539
Alaska,2020-09-01,2020,September,51.0,false,732906.0,false,6.9586004207906615,32.166666666666664,10.760477628241174
Alaska,2020-10-01,2020,October,48.0,false,732906.0,false,6.549270984273563,34.416666666666664,11.68105173762062
Alaska,2020-11-01,2020,November,53.0,false,732906.0,false,7.2314867118020585,36.166666666666664,12.036560467126307
Alaska,2020-12-01,2020,December,61.0,false,732906.0,false,8.323031875847652,38.5,12.38400728212142
Alaska,2021-01-01,2021,January,67.0,false,734590.0,false,9.120734014892662,41.666666666666664,12.907597011297671
Alaska,2021-02-01,2021,February,69.0,false,734590.0,false,9.392994731755127,45.25,13.51177937276145
Alaska,2021-03-01,2021,March,79.0,false,734590.0,false,10.754298316067466,49.0,13.321206606555783
Alaska,2021-04-01,2021,April,84.0,false,734590.0,false,11.434950108223635,53.5,13.594785096432448
Alaska,2021-05-01,2021,May,99.0,false,734590.0,false,13.476905484692141,57.916666666666664,14.21560175769332
Alaska,2021-06-01,2021,June,103.0,false,734590.0,false,14.021426918417077,63.0,17.066714015085836
Alaska,2021-07-01,2021,July,110.0,false,734590.0,false,14.974339427435712,67.91666666666667,19.430333985494922
Alaska,2021-08-01,2021,August,119.0,false,734590.0,false,16.199512653316816,73.08333333333333,21.75674747304984
Alaska,2021-09-01,2021,September,127.0,false,734590.0,false,17.288555520766685,78.58333333333333,24.39991927458082
Alaska,2021-10-01,2021,October,142.0,false,734590.0,false,19.330510897235193,84.91666666666667,26.37305213258182
Alaska,2021-11-01,2021,November,151.0,false,734590.0,false,20.555684123116297,92.75,28.300738827490317
Alaska,2021-12-01,2021,December,150.0,false,734590.0,false,20.419553764685062,100.91666666666667,29.882978838168466
Alaska,2022-01-01,2022,January,146.0,false,733659.0,false,19.900253387472926,108.33333333333333,30.1189560767221
Alaska,2022-02-01,2022,February,152.0,false,733659.0,false,20.71807201983483,114.91666666666667,28.87105607330426
Alaska,2022-03-01,2022,March,156.0,false,733659.0,false,21.26328444140943,121.83333333333333,26.73381696834497
Alaska,2022-04-01,2022,April,154.0,false,733659.0,false,20.99067823062213,128.25,24.680227640028697
Alaska,2022-05-01,2022,May,142.0,false,733659.0,false,19.355040965898326,134.08333333333334,21.313496933050462
Alaska,2022-06-01,2022,June,147.0,false,733659.0,false,20.036556492866577,137.66666666666666,18.277324915331725
Alaska,2022-07-01,2022,July,148.0,false,733659.0,false,20.172859598260228,141.33333333333334,14.766875297794234
Alaska,2022-08-01,2022,August,149.0,false,733659.0,false,20.309162703653875,144.5,11.041244989089348
Alaska,2022-09-01,2022,September,149.0,false,733659.0,false,20.309162703653875,147.0,7.6038267877550885
Alaska,2022-10-01,2022,October,141.0,false,733659.0,false,19.218737860504675,148.83333333333334,4.260459500043999
Alaska,2022-11-01,2022,November,140.0,false,733659.0,false,19.082434755111027,148.75,4.413306326018254
Alaska,2022-12-01,2022,December,156.0,false,733659.0,false,21.26328444140943,147.83333333333334,5.006056937411528
Alaska,2023-01-01,2023,January,170.0,false,734654.0,false,23.140144884530677,148.33333333333334,5.515817475609796
Alaska,2023-02-01,2023,February,176.0,false,734654.0,false,23.95685588045529,150.33333333333334,8.26089730249834
Alaska,2023-03-01,2023,March,170.0,false,734654.0,false,23.140144884530677,152.33333333333334,11.113737063434208
Alaska,2023-04-01,2023,April,179.0,false,734654.0,false,24.365211378417595,153.5,12.21400090804884
Alaska,2023-05-01,2023,May,193.0,false,734654.0,false,26.27087036890836,155.58333333333334,14.266670206739859
Alaska,2023-06-01,2023,June,195.0,false,734654.0,false,26.54310736754989,159.83333333333334,17.15614564327701
Alaska,2023-07-01,2023,July,201.0,false,734654.0,false,27.359818363474506,163.83333333333334,19.34769581457526
Alaska,2023-08-01,2023,August,204.0,false,734654.0,false,27.768173861436814,168.25,21.35043112189796
Alaska,2023-09-01,2023,September,226.0,false,734654.0,false,30.762780846493722,172.83333333333334,22.702956689035958
Alaska,2023-10-01,2023,October,238.0,false,734654.0,false,32.396202838342944,179.25,25.996940379416
Alaska,2023-11-01,2023,November,250.0,false,734654.0,false,34.029624830192176,187.33333333333334,28.0237994093116
Alaska,2023-12-01,2023,December,270.0,false,734654.0,false,36.75199481660754,196.5,29.1032644217105
Alaska,2024-01-01,2024,January,281.0,false,736537.0,false,38.15151173668125,206.0,33.02340767615381
Alaska,2024-02-01,2024,February,298.0,false,736537.0,false,40.45961031149827,215.25,37.292760691587326
Alaska,2024-03-01,2024,March,308.0,false,736537.0,false,41.81731535550828,225.41666666666666,41.95768069968799
Alaska,2024-04-01,2024,April,314.0,false,736537.0,false,42.63193838191428,236.91666666666666,44.23790709609149
Alaska,2024-05-01,2024,May,317.0,false,736537.0,false,43.03924989511729,248.16666666666666,45.32274831860393
Alaska,2024-06-01,2024,June,326.0,false,736537.0,false,44.261184434726296,258.5,45.735405024196204
Alaska,2024-07-01,2024,July,326.0,false,736537.0,false,44.261184434726296,269.4166666666667,44.825841437791894
Alaska,2024-08-01,2024,August,322.0,false,736537.0,false,43.71810241712229,279.8333333333333,41.910799938860045
Alaska,2024-09-01,2024,September,299.0,false,736537.0,false,40.59538081589927,289.6666666666667,35.91488254023376
Alaska,2024-10-01,2024,October,292.0,false,736537.0,false,39.64498728509226,295.75,29.814959637434015
Alaska,2024-11-01,2024,November,288.0,false,736537.0,false,39.101905267488256,300.25,23.768294389413356
Alaska,2024-12-01,2024,December,255.0,false,736537.0,false,34.62147862225523,303.4166666666667,18.387042539063575
Alaska,2025-01-01,2025,January,242.0,false,737270.0,false,32.82379589566916,302.1666666666667,21.16529463460635
Alaska,2025-02-01,2025,February,231.0,false,737270.0,false,31.331805173138743,298.9166666666667,26.92230684879372
Alaska,2025-03-01,2025,March,227.0,false,737270.0,false,30.78926309221859,293.3333333333333,33.31757203129612
Alaska,2025-04-01,2025,April,224.0,false,737270.0,false,30.382356531528476,286.5833333333333,37.95801109200276
Alaska,2025-05-01,2025,May,217.0,false,737270.0,false,29.432907889918212,279.0833333333333,40.83104508121536
Alaska,2025-06-01,2025,June,214.0,false,737270.0,false,29.026001329228098,270.75,42.55718078495844
Alaska,2025-07-01,2025,July,209.0,false,737270.0,false,28.34782372807791,261.4166666666667,41.60956693605524
Alaska,2025-08-01,2025,August,214.0,false,737270.0,false,29.026001329228098,251.66666666666666,38.70713660608885
Alaska,2025-09-01,2025,September,217.0,false,737270.0,false,29.432907889918212,242.66666666666666,33.002295604268426
Alaska,2025-10-01,2025,October,217.0,false,737270.0,false,29.432907889918212,235.83333333333334,28.453577290141595
Alaska,2025-11-01,2025,November,213.0,false,737270.0,false,28.89036580899806,229.58333333333334,22.637291571585365
Alaska,2025-12-01,2025,December,217.0,false,737270.0,false,29.432907889918212,223.33333333333334,13.586981291150034
Alaska,2026-01-01,2026,January,218.0,false,738004.0,true,29.539135289239624,220.16666666666666,9.281784050036665
Alaska,2026-02-01,2026,February,204.0,false,738004.0,true,27.642126600939832,218.16666666666666,6.2352857094753755
Alaska,2026-03-01,2026,March,206.0,false,738004.0,true,27.91312784212552,215.91666666666666,6.052172162024791
Alaska,2026-04-01,2026,April,207.0,false,738004.0,true,28.048628462718355,214.16666666666666,5.573204290227118
Arkansas,2015-01-01,2015,January,5.0,true,2979732.0,false,0.16780032566687206,,
Arkansas,2015-02-01,2015,February,5.0,true,2979732.0,false,0.16780032566687206,5.0,
Arkansas,2015-03-01,2015,March,5.0,true,2979732.0,false,0.16780032566687206,5.0,0.0
Arkansas,2015-04-01,2015,April,5.0,true,2979732.0,false,0.16780032566687206,5.0,0.0
Arkansas,2015-05-01,2015,May,5.0,true,2979732.0,false,0.16780032566687206,5.0,0.0
Arkansas,2015-06-01,2015,June,5.0,true,2979732.0,false,0.16780032566687206,5.0,0.0
Arkansas,2015-07-01,2015,July,5.0,true,2979732.0,false,0.16780032566687206,5.0,0.0
Arkansas,2015-08-01,2015,August,5.0,true,2979732.0,false,0.16780032566687206,5.0,0.0
Arkansas,2015-09-01,2015,September,5.0,true,2979732.0,false,0.16780032566687206,5.0,0.0
Arkansas,2015-10-01,2015,October,5.0,true,2979732.0,false,0.16780032566687206,5.0,0.0
Arkansas,2015-11-01,2015,November,5.0,true,2979732.0,false,0.16780032566687206,5.0,0.0
Arkansas,2015-12-01,2015,December,5.0,true,2979732.0,false,0.16780032566687206,5.0,0.0
Arkansas,2016-01-01,2016,January,5.0,true,2991815.0,false,0.167122632916808,5.0,0.0
Arkansas,2016-02-01,2016,February,5.0,true,2991815.0,false,0.167122632916808,5.0,0.0
Arkansas,2016-03-01,2016,March,5.0,true,2991815.0,false,0.167122632916808,5.0,0.0
Arkansas,2016-04-01,2016,April,5.0,true,2991815.0,false,0.167122632916808,5.0,0.0
Arkansas,2016-05-01,2016,May,5.0,true,2991815.0,false,0.167122632916808,5.0,0.0
Arkansas,2016-06-01,2016,June,5.0,true,2991815.0,false,0.167122632916808,5.0,0.0
Arkansas,2016-07-01,2016,July,5.0,true,2991815.0,false,0.167122632916808,5.0,0.0
Arkansas,2016-08-01,2016,August,5.0,true,2991815.0,false,0.167122632916808,5.0,0.0
Arkansas,2016-09-01,2016,September,5.0,true,2991815.0,false,0.167122632916808,5.0,0.0
Arkansas,2016-10-01,2016,October,5.0,true,2991815.0,false,0.167122632916808,5.0,0.0
Arkansas,2016-11-01,2016,November,5.0,true,2991815.0,false,0.167122632916808,5.0,0.0
Arkansas,2016-12-01,2016,December,5.0,true,2991815.0,false,0.167122632916808,5.0,0.0
Arkansas,2017-01-01,2017,January,5.0,true,3003855.0,false,0.16645277485098314,5.0,0.0
Arkansas,2017-02-01,2017,February,5.0,true,3003855.0,false,0.16645277485098314,5.0,0.0
Arkansas,2017-03-01,2017,March,5.0,true,3003855.0,false,0.16645277485098314,5.0,0.0
Arkansas,2017-04-01,2017,April,5.0,true,3003855.0,false,0.16645277485098314,5.0,0.0
Arkansas,2017-05-01,2017,May,5.0,true,3003855.0,false,0.16645277485098314,5.0,0.0
Arkansas,2017-06-01,2017,June,5.0,true,3003855.0,false,0.16645277485098314,5.0,0.0
Arkansas,2017-07-01,2017,July,5.0,true,3003855.0,false,0.16645277485098314,5.0,0.0
Arkansas,2017-08-01,2017,August,5.0,true,3003855.0,false,0.16645277485098314,5.0,0.0
Arkansas,2017-09-01,2017,September,5.0,true,3003855.0,false,0.16645277485098314,5.0,0.0
Arkansas,2017-10-01,2017,October,5.0,true,3003855.0,false,0.16645277485098314,5.0,0.0
Arkansas,2017-11-01,2017,November,5.0,true,3003855.0,false,0.16645277485098314,5.0,0.0
Arkansas,2017-12-01,2017,December,5.0,true,3003855.0,false,0.16645277485098314,5.0,0.0
Arkansas,2018-01-01,2018,January,5.0,true,3012161.0,false,0.16599378320083155,5.0,0.0
Arkansas,2018-02-01,2018,February,5.0,true,3012161.0,false,0.16599378320083155,5.0,0.0
Arkansas,2018-03-01,2018,March,5.0,true,3012161.0,false,0.16599378320083155,5.0,0.0
Arkansas,2018-04-01,2018,April,5.0,true,3012161.0,false,0.16599378320083155,5.0,0.0
Arkansas,2018-05-01,2018,May,5.0,true,3012161.0,false,0.16599378320083155,5.0,0.0
Arkansas,2018-06-01,2018,June,5.0,true,3012161.0,false,0.16599378320083155,5.0,0.0
Arkansas,2018-07-01,2018,July,5.0,true,3012161.0,false,0.16599378320083155,5.0,0.0
Arkansas,2018-08-01,2018,August,5.0,true,3012161.0,false,0.16599378320083155,5.0,0.0
Arkansas,2018-09-01,2018,September,5.0,true,3012161.0,false,0.16599378320083155,5.0,0.0
Arkansas,2018-10-01,2018,October,5.0,true,3012161.0,false,0.16599378320083155,5.0,0.0
Arkansas,2018-11-01,2018,November,5.0,true,3012161.0,false,0.16599378320083155,5.0,0.0
Arkansas,2018-12-01,2018,December,5.0,true,3012161.0,false,0.16599378320083155,5.0,0.0
Arkansas,2019-01-01,2019,January,5.0,true,3020985.0,false,0.16550893168949862,5.0,0.0
Arkansas,2019-02-01,2019,February,5.0,true,3020985.0,false,0.16550893168949862,5.0,0.0
Arkansas,2019-03-01,2019,March,5.0,true,3020985.0,false,0.16550893168949862,5.0,0.0
Arkansas,2019-04-01,2019,April,5.0,true,3020985.0,false,0.16550893168949862,5.0,0.0
Arkansas,2019-05-01,2019,May,5.0,true,3020985.0,false,0.16550893168949862,5.0,0.0
Arkansas,2019-06-01,2019,June,5.0,true,3020985.0,false,0.16550893168949862,5.0,0.0
Arkansas,2019-07-01,2019,July,5.0,true,3020985.0,false,0.16550893168949862,5.0,0.0
Arkansas,2019-08-01,2019,August,5.0,true,3020985.0,false,0.16550893168949862,5.0,0.0
Arkansas,2019-09-01,2019,September,5.0,true,3020985.0,false,0.16550893168949862,5.0,0.0
Arkansas,2019-10-01,2019,October,5.0,true,3020985.0,false,0.16550893168949862,5.0,0.0
Arkansas,2019-11-01,2019,November,5.0,true,3020985.0,false,0.16550893168949862,5.0,0.0
Arkansas,2019-12-01,2019,December,5.0,true,3020985.0,false,0.16550893168949862,5.0,0.0
Arkansas,2020-01-01,2020,January,5.0,true,3014399.0,false,0.16587054334877366,5.0,0.0
Arkansas,2020-02-01,2020,February,5.0,true,3014399.0,false,0.16587054334877366,5.0,0.0
Arkansas,2020-03-01,2020,March,5.0,true,3014399.0,false,0.16587054334877366,5.0,0.0
Arkansas,2020-04-01,2020,April,5.0,true,3014399.0,false,0.16587054334877366,5.0,0.0
Arkansas,2020-05-01,2020,May,5.0,true,3014399.0,false,0.16587054334877366,5.0,0.0
Arkansas,2020-06-01,2020,June,5.0,true,3014399.0,false,0.16587054334877366,5.0,0.0
Arkansas,2020-07-01,2020,July,5.0,true,3014399.0,false,0.16587054334877366,5.0,0.0
Arkansas,2020-08-01,2020,August,5.0,true,3014399.0,false,0.16587054334877366,5.0,0.0
Arkansas,2020-09-01,2020,September,5.0,true,3014399.0,false,0.16587054334877366,5.0,0.0
Arkansas,2020-10-01,2020,October,5.0,true,3014399.0,false,0.16587054334877366,5.0,0.0
Arkansas,2020-11-01,2020,November,5.0,true,3014399.0,false,0.16587054334877366,5.0,0.0
Arkansas,2020-12-01,2020,December,5.0,true,3014399.0,false,0.16587054334877366,5.0,0.0
Arkansas,2021-01-01,2021,January,5.0,true,3027127.0,false,0.1651731162914539,5.0,0.0
Arkansas,2021-02-01,2021,February,5.0,true,3027127.0,false,0.1651731162914539,5.0,0.0
Arkansas,2021-03-01,2021,March,5.0,true,3027127.0,false,0.1651731162914539,5.0,0.0
Arkansas,2021-04-01,2021,April,5.0,true,3027127.0,false,0.1651731162914539,5.0,0.0
Arkansas,2021-05-01,2021,May,5.0,true,3027127.0,false,0.1651731162914539,5.0,0.0
Arkansas,2021-06-01,2021,June,5.0,true,3027127.0,false,0.1651731162914539,5.0,0.0
Arkansas,2021-07-01,2021,July,5.0,true,3027127.0,false,0.1651731162914539,5.0,0.0
Arkansas,2021-08-01,2021,August,259.0,false,3027127.0,false,8.555967423897313,5.0,0.0
Arkansas,2021-09-01,2021,September,269.0,false,3027127.0,false,8.886313656480219,26.166666666666668,73.32348418708247
Arkansas,2021-10-01,2021,October,285.0,false,3027127.0,false,9.414867628612873,48.166666666666664,100.8381541547312
Arkansas,2021-11-01,2021,November,5.0,true,3027127.0,false,0.1651731162914539,71.5,120.43293116540389
Arkansas,2021-12-01,2021,December,5.0,true,3027127.0,false,0.1651731162914539,71.5,120.43293116540389
Arkansas,2022-01-01,2022,January,317.0,false,3047429.0,false,10.402211175387515,71.5,120.43293116540389
Arkansas,2022-02-01,2022,February,323.0,false,3047429.0,false,10.599098453155102,97.5,137.2724563513281
Arkansas,2022-03-01,2022,March,333.0,false,3047429.0,false,10.92724391610108,124.0,148.06264030654543
Arkansas,2022-04-01,2022,April,326.0,false,3047429.0,false,10.697542092038896,151.33333333333334,154.2438054352638
Arkansas,2022-05-01,2022,May,318.0,false,3047429.0,false,10.435025721682113,178.08333333333334,154.39351042257593
Arkansas,2022-06-01,2022,June,317.0,false,3047429.0,false,10.402211175387515,204.16666666666666,148.83354542046038
Arkansas,2022-07-01,2022,July,326.0,false,3047429.0,false,10.697542092038896,230.16666666666666,137.71435082896198
Arkansas,2022-08-01,2022,August,320.0,false,3047429.0,false,10.500654814271309,256.9166666666667,120.0435211483609
Arkansas,2022-09-01,2022,September,308.0,false,3047429.0,false,10.106880258736135,262.0,121.42337651225304
Arkansas,2022-10-01,2022,October,303.0,false,3047429.0,false,9.942807527263145,265.25,122.14754490890404
Arkansas,2022-11-01,2022,November,303.0,false,3047429.0,false,9.942807527263145,266.75,122.52207593290726
Arkansas,2022-12-01,2022,December,292.0,false,3047429.0,false,9.581847518022569,291.5833333333333,90.71880463912382
Arkansas,2023-01-01,2023,January,283.0,false,3069856.0,false,9.218673449178073,315.5,11.812935898643275
Arkansas,2023-02-01,2023,February,279.0,false,3069856.0,false,9.088374177811597,312.6666666666667,15.053440158517274
Arkansas,2023-03-01,2023,March,259.0,false,3069856.0,false,8.436877820979225,309.0,17.47205561096709
Arkansas,2023-04-01,2023,April,276.0,false,3069856.0,false,8.990649724286742,302.8333333333333,20.945094167775164
Arkansas,2023-05-01,2023,May,282.0,false,3069856.0,false,9.186098631336455,298.6666666666667,20.890769311450537
Arkansas,2023-06-01,2023,June,287.0,false,3069856.0,false,9.348972720544547,295.6666666666667,20.442083746007604
Arkansas,2023-07-01,2023,July,282.0,false,3069856.0,false,9.186098631336455,293.1666666666667,19.4039983383619
Arkansas,2023-08-01,2023,August,280.0,false,3069856.0,false,9.120948995653215,289.5,16.588605070403542
Arkansas,2023-09-01,2023,September,286.0,false,3069856.0,false,9.316397902702928,286.1666666666667,13.66370995363156
Arkansas,2023-10-01,2023,October,281.0,false,3069856.0,false,9.153523813494834,284.3333333333333,11.819347261882513
Arkansas,2023-11-01,2023,November,277.0,false,3069856.0,false,9.02322454212836,282.5,10.264679067736914
Arkansas,2023-12-01,2023,December,269.0,false,3069856.0,false,8.762625999395413,280.3333333333333,8.049091798947186
Arkansas,2024-01-01,2024,January,268.0,false,3096080.0,false,8.656107077336504,278.4166666666667,7.751343969488987
Arkansas,2024-02-01,2024,February,255.0,false,3096080.0,false,8.236221286271672,277.1666666666667,8.144527815247079
Arkansas,2024-03-01,2024,March,254.0,false,3096080.0,false,8.203922379266686,275.1666666666667,10.311805532172038
Arkansas,2024-04-01,2024,April,228.0,false,3096080.0,false,7.364150797137024,274.75,11.095658446601337
Arkansas,2024-05-01,2024,May,207.0,false,3096080.0,false,6.685873750032299,270.75,17.441460531003283
Arkansas,2024-06-01,2024,June,190.0,false,3096080.0,false,6.136792330947521,264.5,24.89067003006254
Arkansas,2024-07-01,2024,July,181.0,false,3096080.0,false,5.846102167902638,256.4166666666667,31.730279010128566
Arkansas,2024-08-01,2024,August,163.0,false,3096080.0,false,5.264721841812873,248.0,37.24366938274087
Arkansas,2024-09-01,2024,September,153.0,false,3096080.0,false,4.941732771763004,238.25,42.97805994183117
Arkansas,2024-10-01,2024,October,144.0,false,3096080.0,false,4.651042608718121,227.16666666666666,46.54583925030412
Arkansas,2024-11-01,2024,November,132.0,false,3096080.0,false,4.263455724658277,215.75,48.88413946168113
Arkansas,2024-12-01,2024,December,125.0,false,3096080.0,false,4.037363375623369,203.66666666666666,50.26897350224787
Arkansas,2025-01-01,2025,January,119.0,false,3114791.0,false,3.8204810531428914,191.66666666666666,50.442286252946985
Arkansas,2025-02-01,2025,February,119.0,false,3114791.0,false,3.8204810531428914,179.25,48.23451235182319
Arkansas,2025-03-01,2025,March,113.0,false,3114791.0,false,3.627851756345771,167.91666666666666,44.66330267748463
Arkansas,2025-04-01,2025,April,115.0,false,3114791.0,false,3.692061521944811,156.16666666666666,38.00916954758378
Arkansas,2025-05-01,2025,May,111.0,false,3114791.0,false,3.5636419907467305,146.75,32.139256652601944
Arkansas,2025-06-01,2025,June,115.0,false,3114791.0,false,3.692061521944811,138.75,27.37326167166519
Arkansas,2025-07-01,2025,July,111.0,false,3114791.0,false,3.5636419907467305,132.5,22.78556161655486
Arkansas,2025-08-01,2025,August,122.0,false,3114791.0,false,3.916795701541452,126.66666666666667,17.613699902133693
Arkansas,2025-09-01,2025,September,117.0,false,3114791.0,false,3.7562712875438513,123.25,13.396912805839737
Arkansas,2025-10-01,2025,October,113.0,false,3114791.0,false,3.627851756345771,120.25,9.630680142129105
Arkansas,2025-11-01,2025,November,113.0,false,3114791.0,false,3.627851756345771,117.66666666666667,6.242571342779907
Arkansas,2025-12-01,2025,December,114.0,false,3114791.0,false,3.659956639145291,116.08333333333333,4.420167280531222
Arkansas,2026-01-01,2026,January,110.0,false,3133615.0,true,3.5103227422641265,115.16666666666667,3.4333480435107053
Arkansas,2026-02-01,2026,February,103.0,false,3133615.0,true,3.286938567756409,114.41666666666667,3.5021638332824363
Arkansas,2026-03-01,2026,March,99.0,false,3133615.0,true,3.159290468037714,113.08333333333333,4.5016831868926
Arkansas,2026-04-01,2026,April,100.0,false,3133615.0,true,3.1912024929673874,111.91666666666667,6.067174470921865
Indiana,2015-01-01,2015,January,5.0,true,6611442.0,false,0.07562646696439294,,
Indiana,2015-02-01,2015,February,5.0,true,6611442.0,false,0.07562646696439294,5.0,
Indiana,2015-03-01,2015,March,5.0,true,6611442.0,false,0.07562646696439294,5.0,0.0
Indiana,2015-04-01,2015,April,5.0,true,6611442.0,false,0.07562646696439294,5.0,0.0
Indiana,2015-05-01,2015,May,5.0,true,6611442.0,false,0.07562646696439294,5.0,0.0
Indiana,2015-06-01,2015,June,5.0,true,6611442.0,false,0.07562646696439294,5.0,0.0
Indiana,2015-07-01,2015,July,5.0,true,6611442.0,false,0.07562646696439294,5.0,0.0
Indiana,2015-08-01,2015,August,5.0,true,6611442.0,false,0.07562646696439294,5.0,0.0
Indiana,2015-09-01,2015,September,5.0,true,6611442.0,false,0.07562646696439294,5.0,0.0
Indiana,2015-10-01,2015,October,5.0,true,6611442.0,false,0.07562646696439294,5.0,0.0
Indiana,2015-11-01,2015,November,5.0,true,6611442.0,false,0.07562646696439294,5.0,0.0
Indiana,2015-12-01,2015,December,5.0,true,6611442.0,false,0.07562646696439294,5.0,0.0
Indiana,2016-01-01,2016,January,5.0,true,6637898.0,false,0.07532505018908094,5.0,0.0
Indiana,2016-02-01,2016,February,5.0,true,6637898.0,false,0.07532505018908094,5.0,0.0
Indiana,2016-03-01,2016,March,5.0,true,6637898.0,false,0.07532505018908094,5.0,0.0
Indiana,2016-04-01,2016,April,5.0,true,6637898.0,false,0.07532505018908094,5.0,0.0
Indiana,2016-05-01,2016,May,5.0,true,6637898.0,false,0.07532505018908094,5.0,0.0
Indiana,2016-06-01,2016,June,5.0,true,6637898.0,false,0.07532505018908094,5.0,0.0
Indiana,2016-07-01,2016,July,5.0,true,6637898.0,false,0.07532505018908094,5.0,0.0
Indiana,2016-08-01,2016,August,5.0,true,6637898.0,false,0.07532505018908094,5.0,0.0
Indiana,2016-09-01,2016,September,5.0,true,6637898.0,false,0.07532505018908094,5.0,0.0
Indiana,2016-10-01,2016,October,5.0,true,6637898.0,false,0.07532505018908094,5.0,0.0
Indiana,2016-11-01,2016,November,5.0,true,6637898.0,false,0.07532505018908094,5.0,0.0
Indiana,2016-12-01,2016,December,5.0,true,6637898.0,false,0.07532505018908094,5.0,0.0
Indiana,2017-01-01,2017,January,5.0,true,6662068.0,false,0.07505177071143675,5.0,0.0
Indiana,2017-02-01,2017,February,5.0,true,6662068.0,false,0.07505177071143675,5.0,0.0
Indiana,2017-03-01,2017,March,5.0,true,6662068.0,false,0.07505177071143675,5.0,0.0
Indiana,2017-04-01,2017,April,5.0,true,6662068.0,false,0.07505177071143675,5.0,0.0
Indiana,2017-05-01,2017,May,5.0,true,6662068.0,false,0.07505177071143675,5.0,0.0
Indiana,2017-06-01,2017,June,5.0,true,6662068.0,false,0.07505177071143675,5.0,0.0
Indiana,2017-07-01,2017,July,5.0,true,6662068.0,false,0.07505177071143675,5.0,0.0
Indiana,2017-08-01,2017,August,5.0,true,6662068.0,false,0.07505177071143675,5.0,0.0
Indiana,2017-09-01,2017,September,5.0,true,6662068.0,false,0.07505177071143675,5.0,0.0
Indiana,2017-10-01,2017,October,5.0,true,6662068.0,false,0.07505177071143675,5.0,0.0
Indiana,2017-11-01,2017,November,5.0,true,6662068.0,false,0.07505177071143675,5.0,0.0
Indiana,2017-12-01,2017,December,5.0,true,6662068.0,false,0.07505177071143675,5.0,0.0
Indiana,2018-01-01,2018,January,5.0,true,6698481.0,false,0.07464378864402242,5.0,0.0
Indiana,2018-02-01,2018,February,5.0,true,6698481.0,false,0.07464378864402242,5.0,0.0
Indiana,2018-03-01,2018,March,5.0,true,6698481.0,false,0.07464378864402242,5.0,0.0
Indiana,2018-04-01,2018,April,5.0,true,6698481.0,false,0.07464378864402242,5.0,0.0
Indiana,2018-05-01,2018,May,5.0,true,6698481.0,false,0.07464378864402242,5.0,0.0
Indiana,2018-06-01,2018,June,5.0,true,6698481.0,false,0.07464378864402242,5.0,0.0
Indiana,2018-07-01,2018,July,5.0,true,6698481.0,false,0.07464378864402242,5.0,0.0
Indiana,2018-08-01,2018,August,5.0,true,6698481.0,false,0.07464378864402242,5.0,0.0
Indiana,2018-09-01,2018,September,5.0,true,6698481.0,false,0.07464378864402242,5.0,0.0
Indiana,2018-10-01,2018,October,5.0,true,6698481.0,false,0.07464378864402242,5.0,0.0
Indiana,2018-11-01,2018,November,5.0,true,6698481.0,false,0.07464378864402242,5.0,0.0
Indiana,2018-12-01,2018,December,5.0,true,6698481.0,false,0.07464378864402242,5.0,0.0
Indiana,2019-01-01,2019,January,5.0,true,6731010.0,false,0.07428305707464407,5.0,0.0
Indiana,2019-02-01,2019,February,5.0,true,6731010.0,false,0.07428305707464407,5.0,0.0
Indiana,2019-03-01,2019,March,707.0,false,6731010.0,false,10.503624270354672,5.0,0.0
Indiana,2019-04-01,2019,April,705.0,false,6731010.0,false,10.473911047524815,63.5,202.64994448555865
Indiana,2019-05-01,2019,May,727.0,false,6731010.0,false,10.800756498653248,121.83333333333333,272.864213094863
Indiana,2019-06-01,2019,June,738.0,false,6731010.0,false,10.964179224217466,182.0,320.2470637151601
Indiana,2019-07-01,2019,July,771.0,false,6731010.0,false,11.454447400910116,243.08333333333334,351.7712217112742
Indiana,2019-08-01,2019,August,795.0,false,6731010.0,false,11.811006074868407,306.9166666666667,373.47129823596964
Indiana,2019-09-01,2019,September,829.0,false,6731010.0,false,12.316130862975987,372.75,384.86742109222735
Indiana,2019-10-01,2019,October,854.0,false,6731010.0,false,12.687546148349208,441.4166666666667,386.7927465554115
Indiana,2019-11-01,2019,November,885.0,false,6731010.0,false,13.148101102212001,512.1666666666666,377.23800862521153
Indiana,2019-12-01,2019,December,908.0,false,6731010.0,false,13.489803164755363,585.5,354.5351630207952
Indiana,2020-01-01,2020,January,973.0,false,6790290.0,false,14.329284905357502,660.75,313.5895188995263
Indiana,2020-02-01,2020,February,1012.0,false,6790290.0,false,14.903634454493107,741.4166666666666,247.0055053980978
Indiana,2020-03-01,2020,March,1040.0,false,6790290.0,false,15.315987976949438,825.3333333333334,103.3663681310612
Indiana,2020-04-01,2020,April,1126.0,false,6790290.0,false,16.582502367351026,853.0833333333334,112.96375793173927
Indiana,2020-05-01,2020,May,1250.0,false,6790290.0,false,18.40863939537192,888.1666666666666,127.26267276302153
Indiana,2020-06-01,2020,June,1321.0,false,6790290.0,false,19.454250113029047,931.75,153.8323319840025
Indiana,2020-07-01,2020,July,1364.0,false,6790290.0,false,20.08750730822984,980.3333333333334,177.3442124710296
Indiana,2020-08-01,2020,August,1402.0,false,6790290.0,false,20.647129945849144,1029.75,195.4101165148919
Indiana,2020-09-01,2020,September,1455.0,false,6790290.0,false,21.427656256212916,1080.3333333333333,207.3193993174139
Indiana,2020-10-01,2020,October,1514.0,false,6790290.0,false,22.296544035674472,1132.5,216.8671566567046
Indiana,2020-11-01,2020,November,1546.0,false,6790290.0,false,22.76780520419599,1187.5,223.40851290038972
Indiana,2020-12-01,2020,December,1600.0,false,6790290.0,false,23.563058426076058,1242.5833333333333,223.53175830225328
Indiana,2021-01-01,2021,January,1637.0,false,6814223.0,false,24.023281891420343,1300.25,218.5751898920908
Indiana,2021-02-01,2021,February,1670.0,false,6814223.0,false,24.507563077991428,1355.5833333333333,212.15194312024806
Indiana,2021-03-01,2021,March,1738.0,false,6814223.0,false,25.50547582607731,1410.4166666666667,199.9592951002021
Indiana,2021-04-01,2021,April,1778.0,false,6814223.0,false,26.092483324951356,1468.5833333333333,183.23430521073453
Indiana,2021-05-01,2021,May,1768.0,false,6814223.0,false,25.94573145023284,1522.9166666666667,168.48871466569202
Indiana,2021-06-01,2021,June,1758.0,false,6814223.0,false,25.798979575514334,1566.0833333333333,158.25609758945282
Indiana,2021-07-01,2021,July,1777.0,false,6814223.0,false,26.077808137479508,1602.5,146.5813457063719
Indiana,2021-08-01,2021,August,1828.0,false,6814223.0,false,26.826242698543915,1636.9166666666667,133.3828790521572
Indiana,2021-09-01,2021,September,1886.0,false,6814223.0,false,27.67740357191128,1672.4166666666667,121.32035603260799
Indiana,2021-10-01,2021,October,1897.0,false,6814223.0,false,27.838830634101644,1708.3333333333333,114.72206202449252
Indiana,2021-11-01,2021,November,1964.0,false,6814223.0,false,28.82206819471567,1740.25,108.86950069610029
Indiana,2021-12-01,2021,December,1985.0,false,6814223.0,false,29.130247131624543,1775.0833333333333,107.93470950139955
Indiana,2022-01-01,2022,January,2009.0,false,6841491.0,false,29.36494398662514,1807.1666666666667,108.3796637527146
Indiana,2022-02-01,2022,February,2069.0,false,6841491.0,false,30.241945798072376,1838.1666666666667,108.48362535284741
Indiana,2022-03-01,2022,March,2048.0,false,6841491.0,false,29.934995164065846,1871.4166666666667,113.2948352616733
Indiana,2022-04-01,2022,April,1994.0,false,6841491.0,false,29.14569353376333,1897.25,115.4305182586241
Indiana,2022-05-01,2022,May,1952.0,false,6841491.0,false,28.53179226575026,1915.25,111.93271111780417
Indiana,2022-06-01,2022,June,1964.0,false,6841491.0,false,28.707192628039707,1930.5833333333333,102.09840024864901
Indiana,2022-07-01,2022,July,1990.0,false,6841491.0,false,29.087226746333513,1947.75,86.58167452548123
Indiana,2022-08-01,2022,August,1992.0,false,6841491.0,false,29.11646014004842,1965.5,68.2968121178034
Indiana,2022-09-01,2022,September,1940.0,false,6841491.0,false,28.35639190346081,1979.1666666666667,52.96968830178137
Indiana,2022-10-01,2022,October,1957.0,false,6841491.0,false,28.604875750037525,1983.6666666666667,46.19589382250989
Indiana,2022-11-01,2022,November,1901.0,false,6841491.0,false,27.786340726020104,1988.6666666666667,38.58245793888798
Indiana,2022-12-01,2022,December,1898.0,false,6841491.0,false,27.742490635447737,1983.4166666666667,45.84649948634587
Indiana,2023-01-01,2023,January,1879.0,false,6881373.0,false,27.30559729867862,1976.1666666666667,52.03466210715758
Indiana,2023-02-01,2023,February,1820.0,false,6881373.0,false,26.44821026269031,1965.3333333333333,57.79168441807866
Indiana,2023-03-01,2023,March,1796.0,false,6881373.0,false,26.099442654830657,1944.5833333333333,61.752376963207304
Indiana,2023-04-01,2023,April,1799.0,false,6881373.0,false,26.143038605813114,1923.5833333333333,66.08322347042726
Indiana,2023-05-01,2023,May,1798.0,false,6881373.0,false,26.128506622152294,1907.3333333333333,70.98698130750113
Indiana,2023-06-01,2023,June,1761.0,false,6881373.0,false,25.590823226701996,1894.5,75.92639976857971
Indiana,2023-07-01,2023,July,1706.0,false,6881373.0,false,24.79156412535696,1877.5833333333333,81.44765003957865
Indiana,2023-08-01,2023,August,1681.0,false,6881373.0,false,24.42826453383649,1853.9166666666667,86.89226174703442
Indiana,2023-09-01,2023,September,1668.0,false,6881373.0,false,24.23934874624584,1828.0,88.33098910554344
Indiana,2023-10-01,2023,October,1614.0,false,6881373.0,false,23.454621628561625,1805.3333333333333,91.80843032525873
Indiana,2023-11-01,2023,November,1591.0,false,6881373.0,false,23.120386004362793,1776.75,93.67169457011214
Indiana,2023-12-01,2023,December,1550.0,false,6881373.0,false,22.524574674269218,1750.9166666666667,98.89154604306614
Indiana,2024-01-01,2024,January,1506.0,false,6934754.0,false,21.716704009976418,1721.9166666666667,102.78703343527457
Indiana,2024-02-01,2024,February,1481.0,false,6934754.0,false,21.356200955361935,1690.8333333333333,107.26673070039715
Indiana,2024-03-01,2024,March,1459.0,false,6934754.0,false,21.03895826730119,1662.5833333333333,114.54928144160438
Indiana,2024-04-01,2024,April,1419.0,false,6934754.0,false,20.46215337991802,1634.5,120.04506729482127
Indiana,2024-05-01,2024,May,1363.0,false,6934754.0,false,19.654626537581578,1602.8333333333333,122.79534587962598
Indiana,2024-06-01,2024,June,1342.0,false,6934754.0,false,19.351803971705415,1566.5833333333333,124.14321519433871
Indiana,2024-07-01,2024,July,1303.0,false,6934754.0,false,18.78941920650682,1531.6666666666667,123.41234160571652
Indiana,2024-08-01,2024,August,1230.0,false,6934754.0,false,17.73675028703253,1498.0833333333333,126.45477692068654
Indiana,2024-09-01,2024,September,1170.0,false,6934754.0,false,16.871542955957775,1460.5,133.94673296772575
Indiana,2024-10-01,2024,October,1127.0,false,6934754.0,false,16.251477702020864,1419.0,140.78545895988503
Indiana,2024-11-01,2024,November,1088.0,false,6934754.0,false,15.689092936822274,1378.4166666666667,149.39298896372333
Indiana,2024-12-01,2024,December,1044.0,false,6934754.0,false,15.054607560700784,1336.5,154.79223612195915
Indiana,2025-01-01,2025,January,998.0,false,6973333.0,false,14.311664164037483,1294.3333333333333,160.17168818792445
Indiana,2025-02-01,2025,February,974.0,false,6973333.0,false,13.967495887547605,1252.0,166.16257099599784
Indiana,2025-03-01,2025,March,939.0,false,6973333.0,false,13.46558381766653,1209.75,167.0961209494812
Indiana,2025-04-01,2025,April,915.0,false,6973333.0,false,13.12141554117665,1166.4166666666667,163.97863404798335
Indiana,2025-05-01,2025,May,904.0,false,6973333.0,false,12.963671747785456,1124.4166666666667,157.8327413511666
Indiana,2025-06-01,2025,June,876.0,false,6973333.0,false,12.562142091880597,1086.1666666666667,150.1900815835074
Indiana,2025-07-01,2025,July,849.0,false,6973333.0,false,12.174952780829484,1047.3333333333333,137.75824234263922
Indiana,2025-08-01,2025,August,814.0,false,6973333.0,false,11.67304071094841,1009.5,122.67658886089662
Indiana,2025-09-01,2025,September,802.0,false,6973333.0,false,11.500956572703469,974.8333333333334,113.1064127539222
Indiana,2025-10-01,2025,October,780.0,false,6973333.0,false,11.18546898592108,944.1666666666666,104.97604344310996
Indiana,2025-11-01,2025,November,752.0,false,6973333.0,false,10.78393933001622,915.25,97.56501328950773
Indiana,2025-12-01,2025,December,724.0,false,6973333.0,false,10.382409674111361,887.25,91.50670616259374
Indiana,2026-01-01,2026,January,709.0,false,7012127.0,true,10.111054748437956,860.5833333333334,88.242906831431
Indiana,2026-02-01,2026,February,686.0,false,7012127.0,true,9.783051561958304,836.5,86.75409343237197
Indiana,2026-03-01,2026,March,655.0,false,7012127.0,true,9.340960310616165,812.5,85.07803904223891
Indiana,2026-04-01,2026,April,626.0,false,7012127.0,true,8.927391075489648,788.8333333333334,86.18356026880105
Pennsylvania,2015-01-01,2015,January,5.0,true,12789838.0,false,0.03909353660304376,,
Pennsylvania,2015-02-01,2015,February,5.0,true,12789838.0,false,0.03909353660304376,5.0,
Pennsylvania,2015-03-01,2015,March,5.0,true,12789838.0,false,0.03909353660304376,5.0,0.0
Pennsylvania,2015-04-01,2015,April,5.0,true,12789838.0,false,0.03909353660304376,5.0,0.0
Pennsylvania,2015-05-01,2015,May,5.0,true,12789838.0,false,0.03909353660304376,5.0,0.0
Pennsylvania,2015-06-01,2015,June,5.0,true,12789838.0,false,0.03909353660304376,5.0,0.0
Pennsylvania,2015-07-01,2015,July,5.0,true,12789838.0,false,0.03909353660304376,5.0,0.0
Pennsylvania,2015-08-01,2015,August,5.0,true,12789838.0,false,0.03909353660304376,5.0,0.0
Pennsylvania,2015-09-01,2015,September,5.0,true,12789838.0,false,0.03909353660304376,5.0,0.0
Pennsylvania,2015-10-01,2015,October,5.0,true,12789838.0,false,0.03909353660304376,5.0,0.0
Pennsylvania,2015-11-01,2015,November,5.0,true,12789838.0,false,0.03909353660304376,5.0,0.0
Pennsylvania,2015-12-01,2015,December,5.0,true,12789838.0,false,0.03909353660304376,5.0,0.0
Pennsylvania,2016-01-01,2016,January,5.0,true,12788468.0,false,0.03909772460626245,5.0,0.0
Pennsylvania,2016-02-01,2016,February,5.0,true,12788468.0,false,0.03909772460626245,5.0,0.0
Pennsylvania,2016-03-01,2016,March,5.0,true,12788468.0,false,0.03909772460626245,5.0,0.0
Pennsylvania,2016-04-01,2016,April,5.0,true,12788468.0,false,0.03909772460626245,5.0,0.0
Pennsylvania,2016-05-01,2016,May,5.0,true,12788468.0,false,0.03909772460626245,5.0,0.0
Pennsylvania,2016-06-01,2016,June,5.0,true,12788468.0,false,0.03909772460626245,5.0,0.0
Pennsylvania,2016-07-01,2016,July,5.0,true,12788468.0,false,0.03909772460626245,5.0,0.0
Pennsylvania,2016-08-01,2016,August,5.0,true,12788468.0,false,0.03909772460626245,5.0,0.0
Pennsylvania,2016-09-01,2016,September,5.0,true,12788468.0,false,0.03909772460626245,5.0,0.0
Pennsylvania,2016-10-01,2016,October,5.0,true,12788468.0,false,0.03909772460626245,5.0,0.0
Pennsylvania,2016-11-01,2016,November,5.0,true,12788468.0,false,0.03909772460626245,5.0,0.0
Pennsylvania,2016-12-01,2016,December,5.0,true,12788468.0,false,0.03909772460626245,5.0,0.0
Pennsylvania,2017-01-01,2017,January,5.0,true,12794679.0,false,0.03907874515648263,5.0,0.0
Pennsylvania,2017-02-01,2017,February,5.0,true,12794679.0,false,0.03907874515648263,5.0,0.0
Pennsylvania,2017-03-01,2017,March,5.0,true,12794679.0,false,0.03907874515648263,5.0,0.0
Pennsylvania,2017-04-01,2017,April,5.0,true,12794679.0,false,0.03907874515648263,5.0,0.0
Pennsylvania,2017-05-01,2017,May,5.0,true,12794679.0,false,0.03907874515648263,5.0,0.0
Pennsylvania,2017-06-01,2017,June,5.0,true,12794679.0,false,0.03907874515648263,5.0,0.0
Pennsylvania,2017-07-01,2017,July,5.0,true,12794679.0,false,0.03907874515648263,5.0,0.0
Pennsylvania,2017-08-01,2017,August,5.0,true,12794679.0,false,0.03907874515648263,5.0,0.0
Pennsylvania,2017-09-01,2017,September,5.0,true,12794679.0,false,0.03907874515648263,5.0,0.0
Pennsylvania,2017-10-01,2017,October,5.0,true,12794679.0,false,0.03907874515648263,5.0,0.0
Pennsylvania,2017-11-01,2017,November,5.0,true,12794679.0,false,0.03907874515648263,5.0,0.0
Pennsylvania,2017-12-01,2017,December,5.0,true,12794679.0,false,0.03907874515648263,5.0,0.0
Pennsylvania,2018-01-01,2018,January,5.0,true,12809107.0,false,0.03903472740137154,5.0,0.0
Pennsylvania,2018-02-01,2018,February,5.0,true,12809107.0,false,0.03903472740137154,5.0,0.0
Pennsylvania,2018-03-01,2018,March,5.0,true,12809107.0,false,0.03903472740137154,5.0,0.0
Pennsylvania,2018-04-01,2018,April,5.0,true,12809107.0,false,0.03903472740137154,5.0,0.0
Pennsylvania,2018-05-01,2018,May,5.0,true,12809107.0,false,0.03903472740137154,5.0,0.0
Pennsylvania,2018-06-01,2018,June,5.0,true,12809107.0,false,0.03903472740137154,5.0,0.0
Pennsylvania,2018-07-01,2018,July,5.0,true,12809107.0,false,0.03903472740137154,5.0,0.0
Pennsylvania,2018-08-01,2018,August,5.0,true,12809107.0,false,0.03903472740137154,5.0,0.0
Pennsylvania,2018-09-01,2018,September,5.0,true,12809107.0,false,0.03903472740137154,5.0,0.0
Pennsylvania,2018-10-01,2018,October,5.0,true,12809107.0,false,0.03903472740137154,5.0,0.0
Pennsylvania,2018-11-01,2018,November,5.0,true,12809107.0,false,0.03903472740137154,5.0,0.0
Pennsylvania,2018-12-01,2018,December,5.0,true,12809107.0,false,0.03903472740137154,5.0,0.0
Pennsylvania,2019-01-01,2019,January,5.0,true,12798883.0,false,0.03906590911097477,5.0,0.0
Pennsylvania,2019-02-01,2019,February,5.0,true,12798883.0,false,0.03906590911097477,5.0,0.0
Pennsylvania,2019-03-01,2019,March,5.0,true,12798883.0,false,0.03906590911097477,5.0,0.0
Pennsylvania,2019-04-01,2019,April,5.0,true,12798883.0,false,0.03906590911097477,5.0,0.0
Pennsylvania,2019-05-01,2019,May,5.0,true,12798883.0,false,0.03906590911097477,5.0,0.0
Pennsylvania,2019-06-01,2019,June,5.0,true,12798883.0,false,0.03906590911097477,5.0,0.0
Pennsylvania,2019-07-01,2019,July,5.0,true,12798883.0,false,0.03906590911097477,5.0,0.0
Pennsylvania,2019-08-01,2019,August,5.0,true,12798883.0,false,0.03906590911097477,5.0,0.0
Pennsylvania,2019-09-01,2019,September,5.0,true,12798883.0,false,0.03906590911097477,5.0,0.0
Pennsylvania,2019-10-01,2019,October,5.0,true,12798883.0,false,0.03906590911097477,5.0,0.0
Pennsylvania,2019-11-01,2019,November,5.0,true,12798883.0,false,0.03906590911097477,5.0,0.0
Pennsylvania,2019-12-01,2019,December,5.0,true,12798883.0,false,0.03906590911097477,5.0,0.0
Pennsylvania,2020-01-01,2020,January,5.0,true,12995576.0,false,0.038474631674656055,5.0,0.0
Pennsylvania,2020-02-01,2020,February,5.0,true,12995576.0,false,0.038474631674656055,5.0,0.0
Pennsylvania,2020-03-01,2020,March,5.0,true,12995576.0,false,0.038474631674656055,5.0,0.0
Pennsylvania,2020-04-01,2020,April,5.0,true,12995576.0,false,0.038474631674656055,5.0,0.0
Pennsylvania,2020-05-01,2020,May,5.0,true,12995576.0,false,0.038474631674656055,5.0,0.0
Pennsylvania,2020-06-01,2020,June,5.0,true,12995576.0,false,0.038474631674656055,5.0,0.0
Pennsylvania,2020-07-01,2020,July,5.0,true,12995576.0,false,0.038474631674656055,5.0,0.0
Pennsylvania,2020-08-01,2020,August,5.0,true,12995576.0,false,0.038474631674656055,5.0,0.0
Pennsylvania,2020-09-01,2020,September,5.0,true,12995576.0,false,0.038474631674656055,5.0,0.0
Pennsylvania,2020-10-01,2020,October,5.0,true,12995576.0,false,0.038474631674656055,5.0,0.0
Pennsylvania,2020-11-01,2020,November,5.0,true,12995576.0,false,0.038474631674656055,5.0,0.0
Pennsylvania,2020-12-01,2020,December,5.0,true,12995576.0,false,0.038474631674656055,5.0,0.0
Pennsylvania,2021-01-01,2021,January,5.0,true,13016628.0,false,0.03841240603941359,5.0,0.0
Pennsylvania,2021-02-01,2021,February,5.0,true,13016628.0,false,0.03841240603941359,5.0,0.0
Pennsylvania,2021-03-01,2021,March,5.0,true,13016628.0,false,0.03841240603941359,5.0,0.0
Pennsylvania,2021-04-01,2021,April,5.0,true,13016628.0,false,0.03841240603941359,5.0,0.0
Pennsylvania,2021-05-01,2021,May,5.0,true,13016628.0,false,0.03841240603941359,5.0,0.0
Pennsylvania,2021-06-01,2021,June,5.0,true,13016628.0,false,0.03841240603941359,5.0,0.0
Pennsylvania,2021-07-01,2021,July,5.0,true,13016628.0,false,0.03841240603941359,5.0,0.0
Pennsylvania,2021-08-01,2021,August,5.0,true,13016628.0,false,0.03841240603941359,5.0,0.0
Pennsylvania,2021-09-01,2021,September,5.0,true,13016628.0,false,0.03841240603941359,5.0,0.0
Pennsylvania,2021-10-01,2021,October,5.0,true,13016628.0,false,0.03841240603941359,5.0,0.0
Pennsylvania,2021-11-01,2021,November,5.0,true,13016628.0,false,0.03841240603941359,5.0,0.0
Pennsylvania,2021-12-01,2021,December,5.0,true,13016628.0,false,0.03841240603941359,5.0,0.0
Pennsylvania,2022-01-01,2022,January,5.0,true,12984655.0,false,0.038506991521915675,5.0,0.0
Pennsylvania,2022-02-01,2022,February,5.0,true,12984655.0,false,0.038506991521915675,5.0,0.0
Pennsylvania,2022-03-01,2022,March,5.0,true,12984655.0,false,0.038506991521915675,5.0,0.0
Pennsylvania,2022-04-01,2022,April,5.0,true,12984655.0,false,0.038506991521915675,5.0,0.0
Pennsylvania,2022-05-01,2022,May,5.0,true,12984655.0,false,0.038506991521915675,5.0,0.0
Pennsylvania,2022-06-01,2022,June,5.0,true,12984655.0,false,0.038506991521915675,5.0,0.0
Pennsylvania,2022-07-01,2022,July,5.0,true,12984655.0,false,0.038506991521915675,5.0,0.0
Pennsylvania,2022-08-01,2022,August,5.0,true,12984655.0,false,0.038506991521915675,5.0,0.0
Pennsylvania,2022-09-01,2022,September,5.0,true,12984655.0,false,0.038506991521915675,5.0,0.0
Pennsylvania,2022-10-01,2022,October,5.0,true,12984655.0,false,0.038506991521915675,5.0,0.0
Pennsylvania,2022-11-01,2022,November,5.0,true,12984655.0,false,0.038506991521915675,5.0,0.0
Pennsylvania,2022-12-01,2022,December,5.0,true,12984655.0,false,0.038506991521915675,5.0,0.0
Pennsylvania,2023-01-01,2023,January,5.0,true,13009406.0,false,0.03843373017953318,5.0,0.0
Pennsylvania,2023-02-01,2023,February,5.0,true,13009406.0,false,0.03843373017953318,5.0,0.0
Pennsylvania,2023-03-01,2023,March,5.0,true,13009406.0,false,0.03843373017953318,5.0,0.0
Pennsylvania,2023-04-01,2023,April,3722.0,false,13009406.0,false,28.610068745644497,5.0,0.0
Pennsylvania,2023-05-01,2023,May,3756.0,false,13009406.0,false,28.87141811086532,314.75,1073.0054752889196
Pennsylvania,2023-06-01,2023,June,5.0,true,13009406.0,false,0.03843373017953318,627.3333333333334,1453.4756046571035
Pennsylvania,2023-07-01,2023,July,5.0,true,13009406.0,false,0.03843373017953318,627.3333333333334,1453.4756046571038
Pennsylvania,2023-08-01,2023,August,5.0,true,13009406.0,false,0.03843373017953318,627.3333333333334,1453.4756046571038
Pennsylvania,2023-09-01,2023,September,5.0,true,13009406.0,false,0.03843373017953318,627.3333333333334,1453.4756046571038
Pennsylvania,2023-10-01,2023,October,5.0,true,13009406.0,false,0.03843373017953318,627.3333333333334,1453.4756046571038
Pennsylvania,2023-11-01,2023,November,5.0,true,13009406.0,false,0.03843373017953318,627.3333333333334,1453.4756046571038
Pennsylvania,2023-12-01,2023,December,5.0,true,13009406.0,false,0.03843373017953318,627.3333333333334,1453.4756046571035
Pennsylvania,2024-01-01,2024,January,5.0,true,13045848.0,false,0.03832637019839569,627.3333333333334,1453.4756046571035
Pennsylvania,2024-02-01,2024,February,5.0,true,13045848.0,false,0.03832637019839569,627.3333333333334,1453.4756046571035
Pennsylvania,2024-03-01,2024,March,2979.0,false,13045848.0,false,22.83485136420415,627.3333333333334,1453.4756046571035
Pennsylvania,2024-04-01,2024,April,2879.0,false,13045848.0,false,22.068323960236235,875.1666666666666,1585.2870593700247
Pennsylvania,2024-05-01,2024,May,5.0,true,13045848.0,false,0.03832637019839569,804.9166666666666,1461.5108283947648
Pennsylvania,2024-06-01,2024,June,5.0,true,13045848.0,false,0.03832637019839569,492.3333333333333,1138.3651222323845
Pennsylvania,2024-07-01,2024,July,5.0,true,13045848.0,false,0.03832637019839569,492.3333333333333,1138.3651222323845
Pennsylvania,2024-08-01,2024,August,5.0,true,13045848.0,false,0.03832637019839569,492.3333333333333,1138.3651222323845
Pennsylvania,2024-09-01,2024,September,5.0,true,13045848.0,false,0.03832637019839569,492.3333333333333,1138.3651222323845
Pennsylvania,2024-10-01,2024,October,5.0,true,13045848.0,false,0.03832637019839569,492.3333333333333,1138.3651222323845
Pennsylvania,2024-11-01,2024,November,2166.0,false,13045848.0,false,16.60298356994501,492.3333333333333,1138.3651222323845
Pennsylvania,2024-12-01,2024,December,2082.0,false,13045848.0,false,15.959100550611964,672.4166666666666,1222.1119170840236
Pennsylvania,2025-01-01,2025,January,2058.0,false,13059432.0,false,15.758725188047995,845.5,1265.3105619498392
Pennsylvania,2025-02-01,2025,February,5.0,true,13059432.0,false,0.03828650434413993,1016.5833333333334,1280.042645478042
Pennsylvania,2025-03-01,2025,March,5.0,true,13059432.0,false,0.03828650434413993,1016.5833333333334,1280.042645478042
Pennsylvania,2025-04-01,2025,April,5.0,true,13059432.0,false,0.03828650434413993,768.75,1146.4873725665475
Pennsylvania,2025-05-01,2025,May,1887.0,false,13059432.0,false,14.449326739478408,529.25,948.7121533953278
Pennsylvania,2025-06-01,2025,June,1847.0,false,13059432.0,false,14.14303470472529,686.0833333333334,1007.8820690693506
Pennsylvania,2025-07-01,2025,July,1820.0,false,13059432.0,false,13.936287581266935,839.5833333333334,1034.6362960729316
Pennsylvania,2025-08-01,2025,August,1787.0,false,13059432.0,false,13.683596652595611,990.8333333333334,1034.2042908204912
Pennsylvania,2025-09-01,2025,September,1746.0,false,13059432.0,false,13.369647316973664,1139.3333333333333,1007.3705947423298
Pennsylvania,2025-10-01,2025,October,1696.0,false,13059432.0,false,12.986782273532263,1284.4166666666667,953.0569436706223
Pennsylvania,2025-11-01,2025,November,1673.0,false,13059432.0,false,12.810664353549221,1425.3333333333333,867.8969705645662
Pennsylvania,2025-12-01,2025,December,1649.0,false,13059432.0,false,12.626889132697348,1384.25,840.8974778067884
Pennsylvania,2026-01-01,2026,January,1581.0,false,13073030.0,true,12.09360033595884,1348.1666666666667,817.1907347551714
Pennsylvania,2026-02-01,2026,February,1548.0,false,13073030.0,true,11.841172245454956,1308.4166666666667,790.6956038064128
Pennsylvania,2026-03-01,2026,March,1502.0,false,13073030.0,true,11.489302785964693,1437.0,676.7096866456102
Pennsylvania,2026-04-01,2026,April,1423.0,false,13073030.0,true,10.885005235970544,1561.75,504.89839211829184
Idaho,2015-01-01,2015,January,5.0,true,1652495.0,false,0.3025727763170236,,
Idaho,2015-02-01,2015,February,5.0,true,1652495.0,false,0.3025727763170236,5.0,
Idaho,2015-03-01,2015,March,5.0,true,1652495.0,false,0.3025727763170236,5.0,0.0
Idaho,2015-04-01,2015,April,5.0,true,1652495.0,false,0.3025727763170236,5.0,0.0
Idaho,2015-05-01,2015,May,5.0,true,1652495.0,false,0.3025727763170236,5.0,0.0
Idaho,2015-06-01,2015,June,5.0,true,1652495.0,false,0.3025727763170236,5.0,0.0
Idaho,2015-07-01,2015,July,5.0,true,1652495.0,false,0.3025727763170236,5.0,0.0
Idaho,2015-08-01,2015,August,5.0,true,1652495.0,false,0.3025727763170236,5.0,0.0
Idaho,2015-09-01,2015,September,5.0,true,1652495.0,false,0.3025727763170236,5.0,0.0
Idaho,2015-10-01,2015,October,5.0,true,1652495.0,false,0.3025727763170236,5.0,0.0
Idaho,2015-11-01,2015,November,5.0,true,1652495.0,false,0.3025727763170236,5.0,0.0
Idaho,2015-12-01,2015,December,5.0,true,1652495.0,false,0.3025727763170236,5.0,0.0
Idaho,2016-01-01,2016,January,5.0,true,1684036.0,false,0.29690576686009085,5.0,0.0
Idaho,2016-02-01,2016,February,5.0,true,1684036.0,false,0.29690576686009085,5.0,0.0
Idaho,2016-03-01,2016,March,5.0,true,1684036.0,false,0.29690576686009085,5.0,0.0
Idaho,2016-04-01,2016,April,5.0,true,1684036.0,false,0.29690576686009085,5.0,0.0
Idaho,2016-05-01,2016,May,5.0,true,1684036.0,false,0.29690576686009085,5.0,0.0
Idaho,2016-06-01,2016,June,5.0,true,1684036.0,false,0.29690576686009085,5.0,0.0
Idaho,2016-07-01,2016,July,5.0,true,1684036.0,false,0.29690576686009085,5.0,0.0
Idaho,2016-08-01,2016,August,5.0,true,1684036.0,false,0.29690576686009085,5.0,0.0
Idaho,2016-09-01,2016,September,5.0,true,1684036.0,false,0.29690576686009085,5.0,0.0
Idaho,2016-10-01,2016,October,5.0,true,1684036.0,false,0.29690576686009085,5.0,0.0
Idaho,2016-11-01,2016,November,5.0,true,1684036.0,false,0.29690576686009085,5.0,0.0
Idaho,2016-12-01,2016,December,5.0,true,1684036.0,false,0.29690576686009085,5.0,0.0
Idaho,2017-01-01,2017,January,5.0,true,1719745.0,false,0.2907407784293602,5.0,0.0
Idaho,2017-02-01,2017,February,5.0,true,1719745.0,false,0.2907407784293602,5.0,0.0
Idaho,2017-03-01,2017,March,5.0,true,1719745.0,false,0.2907407784293602,5.0,0.0
Idaho,2017-04-01,2017,April,5.0,true,1719745.0,false,0.2907407784293602,5.0,0.0
Idaho,2017-05-01,2017,May,5.0,true,1719745.0,false,0.2907407784293602,5.0,0.0
Idaho,2017-06-01,2017,June,5.0,true,1719745.0,false,0.2907407784293602,5.0,0.0
Idaho,2017-07-01,2017,July,5.0,true,1719745.0,false,0.2907407784293602,5.0,0.0
Idaho,2017-08-01,2017,August,5.0,true,1719745.0,false,0.2907407784293602,5.0,0.0
Idaho,2017-09-01,2017,September,5.0,true,1719745.0,false,0.2907407784293602,5.0,0.0
Idaho,2017-10-01,2017,October,5.0,true,1719745.0,false,0.2907407784293602,5.0,0.0
Idaho,2017-11-01,2017,November,5.0,true,1719745.0,false,0.2907407784293602,5.0,0.0
Idaho,2017-12-01,2017,December,5.0,true,1719745.0,false,0.2907407784293602,5.0,0.0
Idaho,2018-01-01,2018,January,5.0,true,1752074.0,false,0.2853760742982317,5.0,0.0
Idaho,2018-02-01,2018,February,5.0,true,1752074.0,false,0.2853760742982317,5.0,0.0
Idaho,2018-03-01,2018,March,5.0,true,1752074.0,false,0.2853760742982317,5.0,0.0
Idaho,2018-04-01,2018,April,5.0,true,1752074.0,false,0.2853760742982317,5.0,0.0
Idaho,2018-05-01,2018,May,5.0,true,1752074.0,false,0.2853760742982317,5.0,0.0
Idaho,2018-06-01,2018,June,5.0,true,1752074.0,false,0.2853760742982317,5.0,0.0
Idaho,2018-07-01,2018,July,5.0,true,1752074.0,false,0.2853760742982317,5.0,0.0
Idaho,2018-08-01,2018,August,5.0,true,1752074.0,false,0.2853760742982317,5.0,0.0
Idaho,2018-09-01,2018,September,5.0,true,1752074.0,false,0.2853760742982317,5.0,0.0
Idaho,2018-10-01,2018,October,5.0,true,1752074.0,false,0.2853760742982317,5.0,0.0
Idaho,2018-11-01,2018,November,5.0,true,1752074.0,false,0.2853760742982317,5.0,0.0
Idaho,2018-12-01,2018,December,5.0,true,1752074.0,false,0.2853760742982317,5.0,0.0
Idaho,2019-01-01,2019,January,5.0,true,1789060.0,false,0.2794763730674209,5.0,0.0
Idaho,2019-02-01,2019,February,5.0,true,1789060.0,false,0.2794763730674209,5.0,0.0
Idaho,2019-03-01,2019,March,5.0,true,1789060.0,false,0.2794763730674209,5.0,0.0
Idaho,2019-04-01,2019,April,5.0,true,1789060.0,false,0.2794763730674209,5.0,0.0
Idaho,2019-05-01,2019,May,5.0,true,1789060.0,false,0.2794763730674209,5.0,0.0
Idaho,2019-06-01,2019,June,5.0,true,1789060.0,false,0.2794763730674209,5.0,0.0
Idaho,2019-07-01,2019,July,5.0,true,1789060.0,false,0.2794763730674209,5.0,0.0
Idaho,2019-08-01,2019,August,5.0,true,1789060.0,false,0.2794763730674209,5.0,0.0
Idaho,2019-09-01,2019,September,5.0,true,1789060.0,false,0.2794763730674209,5.0,0.0
Idaho,2019-10-01,2019,October,5.0,true,1789060.0,false,0.2794763730674209,5.0,0.0
Idaho,2019-11-01,2019,November,5.0,true,1789060.0,false,0.2794763730674209,5.0,0.0
Idaho,2019-12-01,2019,December,5.0,true,1789060.0,false,0.2794763730674209,5.0,0.0
Idaho,2020-01-01,2020,January,5.0,true,1849328.0,false,0.2703684797937413,5.0,0.0
Idaho,2020-02-01,2020,February,5.0,true,1849328.0,false,0.2703684797937413,5.0,0.0
Idaho,2020-03-01,2020,March,32.0,false,1849328.0,false,1.7303582706799443,5.0,0.0
Idaho,2020-04-01,2020,April,36.0,false,1849328.0,false,1.9466530545149374,7.25,7.794228634059948
Idaho,2020-05-01,2020,May,39.0,false,1849328.0,false,2.108874142391182,9.833333333333334,11.320402605539925
Idaho,2020-06-01,2020,June,5.0,true,1849328.0,false,0.2703684797937413,12.666666666666666,13.950127619705155
Idaho,2020-07-01,2020,July,5.0,true,1849328.0,false,0.2703684797937413,12.666666666666666,13.950127619705155
Idaho,2020-08-01,2020,August,5.0,true,1849328.0,false,0.2703684797937413,12.666666666666666,13.950127619705155
Idaho,2020-09-01,2020,September,5.0,true,1849328.0,false,0.2703684797937413,12.666666666666666,13.950127619705155
Idaho,2020-10-01,2020,October,5.0,true,1849328.0,false,0.2703684797937413,12.666666666666666,13.950127619705155
Idaho,2020-11-01,2020,November,5.0,true,1849328.0,false,0.2703684797937413,12.666666666666666,13.950127619705155
Idaho,2020-12-01,2020,December,5.0,true,1849328.0,false,0.2703684797937413,12.666666666666666,13.950127619705155
Idaho,2021-01-01,2021,January,5.0,true,1904855.0,false,0.26248717093952034,12.666666666666666,13.950127619705153
Idaho,2021-02-01,2021,February,62.0,false,1904855.0,false,3.2548409196500523,12.666666666666666,13.950127619705153
Idaho,2021-03-01,2021,March,5.0,true,1904855.0,false,0.26248717093952034,17.416666666666668,19.644376171095765
Idaho,2021-04-01,2021,April,73.0,false,1904855.0,false,3.832312695716997,15.166666666666666,19.366481509572306
Idaho,2021-05-01,2021,May,89.0,false,1904855.0,false,4.672271642723462,18.25,25.085761988535538
Idaho,2021-06-01,2021,June,101.0,false,1904855.0,false,5.3022408529783105,22.416666666666668,32.03537344116893
Idaho,2021-07-01,2021,July,108.0,false,1904855.0,false,5.669722892293639,30.416666666666668,38.6039525374689
Idaho,2021-08-01,2021,August,114.0,false,1904855.0,false,5.984707497421064,39.0,43.57021501397068
Idaho,2021-09-01,2021,September,124.0,false,1904855.0,false,6.509681839300105,48.083333333333336,47.05984262488335
Idaho,2021-10-01,2021,October,130.0,false,1904855.0,false,6.824666444427528,58.0,49.624041094468055
Idaho,2021-11-01,2021,November,142.0,false,1904855.0,false,7.454635654682377,68.41666666666667,50.59726606579978
Idaho,2021-12-01,2021,December,150.0,false,1904855.0,false,7.874615128185609,79.83333333333333,50.44318736474879
Idaho,2022-01-01,2022,January,165.0,false,1942951.0,false,8.49223680885416,91.91666666666667,48.2049758528069
Idaho,2022-02-01,2022,February,170.0,false,1942951.0,false,8.749577318213378,105.25,43.91546631675658
Idaho,2022-03-01,2022,March,184.0,false,1942951.0,false,9.470130744419185,114.25,45.29122933356363
Idaho,2022-04-01,2022,April,183.0,false,1942951.0,false,9.418662642547343,129.16666666666666,34.14363599249323
Idaho,2022-05-01,2022,May,171.0,false,1942951.0,false,8.801045420085222,138.33333333333334,32.41585844595017
Idaho,2022-06-01,2022,June,175.0,false,1942951.0,false,9.006917827572595,145.16666666666666,29.590641436205143
Idaho,2022-07-01,2022,July,175.0,false,1942951.0,false,9.006917827572595,151.33333333333334,27.160577491963785
Idaho,2022-08-01,2022,August,183.0,false,1942951.0,false,9.418662642547343,156.91666666666666,24.164054195261087
Idaho,2022-09-01,2022,September,179.0,false,1942951.0,false,9.212790235059968,162.66666666666666,21.029560723952955
Idaho,2022-10-01,2022,October,181.0,false,1942951.0,false,9.315726438803654,167.25,17.540213536587597
Idaho,2022-11-01,2022,November,179.0,false,1942951.0,false,9.212790235059968,171.5,13.37908816025965
Idaho,2022-12-01,2022,December,186.0,false,1942951.0,false,9.573066948162872,174.58333333333334,9.727732925959053
Idaho,2023-01-01,2023,January,183.0,false,1970497.0,false,9.286997138285416,177.58333333333334,6.459078647121205
Idaho,2023-02-01,2023,February,199.0,false,1970497.0,false,10.098975030157368,179.08333333333334,5.2476545987592225
Idaho,2023-03-01,2023,March,194.0,false,1970497.0,false,9.845231938947382,181.5,7.05175671214434
Idaho,2023-04-01,2023,April,199.0,false,1970497.0,false,10.098975030157368,182.33333333333334,7.912399168776834
Idaho,2023-05-01,2023,May,211.0,false,1970497.0,false,10.707958449061328,183.66666666666666,9.267080871492807
Idaho,2023-06-01,2023,June,208.0,false,1970497.0,false,10.555712594335338,187.0,11.273460386718423
Idaho,2023-07-01,2023,July,211.0,false,1970497.0,false,10.707958449061328,189.75,12.076460950581053
Idaho,2023-08-01,2023,August,207.0,false,1970497.0,false,10.504963976093341,192.75,12.541748464446837
Idaho,2023-09-01,2023,September,212.0,false,1970497.0,false,10.758707067303325,194.75,12.75735082217307
Idaho,2023-10-01,2023,October,213.0,false,1970497.0,false,10.809455685545322,197.5,12.609520212918483
Idaho,2023-11-01,2023,November,213.0,false,1970497.0,false,10.809455685545322,200.16666666666666,12.17921727096341
Idaho,2023-12-01,2023,December,200.0,false,1970497.0,false,10.149723648399364,203.0,10.668560437949532
Idaho,2024-01-01,2024,January,190.0,false,2000872.0,false,9.495859805124965,204.16666666666666,9.320879136582983
Idaho,2024-02-01,2024,February,179.0,false,2000872.0,false,8.94609950061773,204.75,8.001420328462148
Idaho,2024-03-01,2024,March,187.0,false,2000872.0,false,9.345925176622993,203.08333333333334,10.874978230559881
Idaho,2024-04-01,2024,April,177.0,false,2000872.0,false,8.846143081616415,202.5,11.57190956191289
Idaho,2024-05-01,2024,May,171.0,false,2000872.0,false,8.546273824612468,200.66666666666666,13.720146655281212
Idaho,2024-06-01,2024,June,166.0,false,2000872.0,false,8.29638277710918,197.33333333333334,15.697905670000768
Idaho,2024-07-01,2024,July,157.0,false,2000872.0,false,7.8465788916032615,193.83333333333334,17.66266392619463
Idaho,2024-08-01,2024,August,147.0,false,2000872.0,false,7.346796796596684,189.33333333333334,19.657676424853527
Idaho,2024-09-01,2024,September,139.0,false,2000872.0,false,6.946971120591423,184.33333333333334,22.219292736200433
Idaho,2024-10-01,2024,October,134.0,false,2000872.0,false,6.6970800730881335,178.25,23.886569067536303
Idaho,2024-11-01,2024,November,128.0,false,2000872.0,false,6.397210816084187,171.66666666666666,24.321084505324833
Idaho,2024-12-01,2024,December,125.0,false,2000872.0,false,6.247276187582214,164.58333333333334,23.55441797329338
Idaho,2025-01-01,2025,January,127.0,false,2029733.0,false,6.256980597940714,158.33333333333334,23.250936768355405
Idaho,2025-02-01,2025,February,124.0,false,2029733.0,false,6.109177906650776,153.08333333333334,22.552800000859936
Idaho,2025-03-01,2025,March,115.0,false,2029733.0,false,5.665769832780962,148.5,22.39521052692862
Idaho,2025-04-01,2025,April,121.0,false,2029733.0,false,5.961375215360838,142.5,20.725478391232734
Idaho,2025-05-01,2025,May,116.0,false,2029733.0,false,5.7150373965442745,137.83333333333334,18.42840363694209
Idaho,2025-06-01,2025,June,112.0,false,2029733.0,false,5.517967141491024,133.25,16.125220224007084
Idaho,2025-07-01,2025,July,115.0,false,2029733.0,false,5.665769832780962,128.75,13.471350070697168
Idaho,2025-08-01,2025,August,117.0,false,2029733.0,false,5.764304960307587,125.25,10.61838029079763
Idaho,2025-09-01,2025,September,116.0,false,2029733.0,false,5.7150373965442745,122.75,8.313461154274814
Idaho,2025-10-01,2025,October,118.0,false,2029733.0,false,5.8135725240709,120.83333333333333,6.7262488983403115
Idaho,2025-11-01,2025,November,118.0,false,2029733.0,false,5.8135725240709,119.5,5.317210478505365
Idaho,2025-12-01,2025,December,119.0,false,2029733.0,false,5.862840087834213,118.66666666666667,4.599077641388021
Idaho,2026-01-01,2026,January,114.0,false,2059010.0,true,5.536641395622168,118.16666666666667,4.152399817265219
Idaho,2026-02-01,2026,February,111.0,false,2059010.0,true,5.39094030626369,117.08333333333333,3.232177237864546
Idaho,2026-03-01,2026,March,104.0,false,2059010.0,true,5.050971097760574,116.0,2.8603877677367766
Idaho,2026-04-01,2026,April,98.0,false,2059010.0,true,4.759568919043618,115.08333333333333,4.501683186892596
Missouri,2015-01-01,2015,January,5.0,true,6075411.0,false,0.08229895886879093,,
Missouri,2015-02-01,2015,February,5.0,true,6075411.0,false,0.08229895886879093,5.0,
Missouri,2015-03-01,2015,March,5.0,true,6075411.0,false,0.08229895886879093,5.0,0.0
Missouri,2015-04-01,2015,April,5.0,true,6075411.0,false,0.08229895886879093,5.0,0.0
Missouri,2015-05-01,2015,May,5.0,true,6075411.0,false,0.08229895886879093,5.0,0.0
Missouri,2015-06-01,2015,June,5.0,true,6075411.0,false,0.08229895886879093,5.0,0.0
Missouri,2015-07-01,2015,July,5.0,true,6075411.0,false,0.08229895886879093,5.0,0.0
Missouri,2015-08-01,2015,August,5.0,true,6075411.0,false,0.08229895886879093,5.0,0.0
Missouri,2015-09-01,2015,September,5.0,true,6075411.0,false,0.08229895886879093,5.0,0.0
Missouri,2015-10-01,2015,October,5.0,true,6075411.0,false,0.08229895886879093,5.0,0.0
Missouri,2015-11-01,2015,November,5.0,true,6075411.0,false,0.08229895886879093,5.0,0.0
Missouri,2015-12-01,2015,December,5.0,true,6075411.0,false,0.08229895886879093,5.0,0.0
Missouri,2016-01-01,2016,January,5.0,true,6091384.0,false,0.08208315220317747,5.0,0.0
Missouri,2016-02-01,2016,February,5.0,true,6091384.0,false,0.08208315220317747,5.0,0.0
Missouri,2016-03-01,2016,March,5.0,true,6091384.0,false,0.08208315220317747,5.0,0.0
Missouri,2016-04-01,2016,April,5.0,true,6091384.0,false,0.08208315220317747,5.0,0.0
Missouri,2016-05-01,2016,May,5.0,true,6091384.0,false,0.08208315220317747,5.0,0.0
Missouri,2016-06-01,2016,June,5.0,true,6091384.0,false,0.08208315220317747,5.0,0.0
Missouri,2016-07-01,2016,July,5.0,true,6091384.0,false,0.08208315220317747,5.0,0.0
Missouri,2016-08-01,2016,August,5.0,true,6091384.0,false,0.08208315220317747,5.0,0.0
Missouri,2016-09-01,2016,September,5.0,true,6091384.0,false,0.08208315220317747,5.0,0.0
Missouri,2016-10-01,2016,October,5.0,true,6091384.0,false,0.08208315220317747,5.0,0.0
Missouri,2016-11-01,2016,November,5.0,true,6091384.0,false,0.08208315220317747,5.0,0.0
Missouri,2016-12-01,2016,December,5.0,true,6091384.0,false,0.08208315220317747,5.0,0.0
Missouri,2017-01-01,2017,January,5.0,true,6111382.0,false,0.08181455520208031,5.0,0.0
Missouri,2017-02-01,2017,February,5.0,true,6111382.0,false,0.08181455520208031,5.0,0.0
Missouri,2017-03-01,2017,March,5.0,true,6111382.0,false,0.08181455520208031,5.0,0.0
Missouri,2017-04-01,2017,April,5.0,true,6111382.0,false,0.08181455520208031,5.0,0.0
Missouri,2017-05-01,2017,May,5.0,true,6111382.0,false,0.08181455520208031,5.0,0.0
Missouri,2017-06-01,2017,June,5.0,true,6111382.0,false,0.08181455520208031,5.0,0.0
Missouri,2017-07-01,2017,July,5.0,true,6111382.0,false,0.08181455520208031,5.0,0.0
Missouri,2017-08-01,2017,August,5.0,true,6111382.0,false,0.08181455520208031,5.0,0.0
Missouri,2017-09-01,2017,September,5.0,true,6111382.0,false,0.08181455520208031,5.0,0.0
Missouri,2017-10-01,2017,October,5.0,true,6111382.0,false,0.08181455520208031,5.0,0.0
Missouri,2017-11-01,2017,November,640.0,false,6111382.0,false,10.47226306586628,5.0,0.0
Missouri,2017-12-01,2017,December,5.0,true,6111382.0,false,0.08181455520208031,57.916666666666664,183.3087104677062
Missouri,2018-01-01,2018,January,5.0,true,6125986.0,false,0.08161951398517725,57.916666666666664,183.3087104677062
Missouri,2018-02-01,2018,February,658.0,false,6125986.0,false,10.741128040449325,57.916666666666664,183.3087104677062
Missouri,2018-03-01,2018,March,668.0,false,6125986.0,false,10.90436706841968,112.33333333333333,250.7060333368847
Missouri,2018-04-01,2018,April,5.0,true,6125986.0,false,0.08161951398517725,167.58333333333334,294.18653894590364
Missouri,2018-05-01,2018,May,5.0,true,6125986.0,false,0.08161951398517725,167.58333333333334,294.1865389459037
Missouri,2018-06-01,2018,June,5.0,true,6125986.0,false,0.08161951398517725,167.58333333333334,294.1865389459037
Missouri,2018-07-01,2018,July,5.0,true,6125986.0,false,0.08161951398517725,167.58333333333334,294.1865389459037
Missouri,2018-08-01,2018,August,5.0,true,6125986.0,false,0.08161951398517725,167.58333333333334,294.1865389459037
Missouri,2018-09-01,2018,September,5.0,true,6125986.0,false,0.08161951398517725,167.58333333333334,294.1865389459037
Missouri,2018-10-01,2018,October,835.0,false,6125986.0,false,13.6304588355246,167.58333333333334,294.1865389459037
Missouri,2018-11-01,2018,November,857.0,false,6125986.0,false,13.98958469705938,236.75,345.5701810052481
Missouri,2018-12-01,2018,December,881.0,false,6125986.0,false,14.381358364188232,254.83333333333334,373.1660204089847
Missouri,2019-01-01,2019,January,906.0,false,6140475.0,false,14.754558889988154,327.8333333333333,404.23909066818663
Missouri,2019-02-01,2019,February,899.0,false,6140475.0,false,14.640561194370141,402.9166666666667,422.1058588323622
Missouri,2019-03-01,2019,March,892.0,false,6140475.0,false,14.526563498752132,423.0,440.67076970537465
Missouri,2019-04-01,2019,April,879.0,false,6140475.0,false,14.314853492604401,441.6666666666667,456.45398719284117
Missouri,2019-05-01,2019,May,879.0,false,6140475.0,false,14.314853492604401,514.5,450.1291733794564
Missouri,2019-06-01,2019,June,852.0,false,6140475.0,false,13.875148095220647,587.3333333333334,430.4746499416943
Missouri,2019-07-01,2019,July,851.0,false,6140475.0,false,13.85886271013236,657.9166666666666,394.2247762919325
Missouri,2019-08-01,2019,August,868.0,false,6140475.0,false,14.135714256633241,728.4166666666666,338.5642032125808
Missouri,2019-09-01,2019,September,875.0,false,6140475.0,false,14.249711952251252,800.3333333333334,251.35463296933978
Missouri,2019-10-01,2019,October,877.0,false,6140475.0,false,14.282282722427825,872.8333333333334,21.139507749207123
Missouri,2019-11-01,2019,November,885.0,false,6140475.0,false,14.412565803134122,876.3333333333334,17.463381601788836
Missouri,2019-12-01,2019,December,897.0,false,6140475.0,false,14.607990424193568,878.6666666666666,16.488747310780955
Missouri,2020-01-01,2020,January,902.0,false,6155074.0,false,14.654576045714478,880.0,17.320508075688764
Missouri,2020-02-01,2020,February,929.0,false,6155074.0,false,15.09323852158398,879.6666666666666,16.8054825109023
Missouri,2020-03-01,2020,March,961.0,false,6155074.0,false,15.61313478928117,882.1666666666666,21.514618004482173
Missouri,2020-04-01,2020,April,1035.0,false,6155074.0,false,16.815394908330916,887.9166666666666,31.352709998378533
Missouri,2020-05-01,2020,May,1102.0,false,6155074.0,false,17.9039277188219,900.9166666666666,52.517457414971375
Missouri,2020-06-01,2020,June,1157.0,false,6155074.0,false,18.797499428926443,919.5,77.54705316480728
Missouri,2020-07-01,2020,July,1198.0,false,6155074.0,false,19.463616521913465,944.9166666666666,100.11217193576898
Missouri,2020-08-01,2020,August,1213.0,false,6155074.0,false,19.70731789739652,973.8333333333334,118.87490241528033
Missouri,2020-09-01,2020,September,1216.0,false,6155074.0,false,19.756058172493134,1002.5833333333334,131.95209759835595
Missouri,2020-10-01,2020,October,1227.0,false,6155074.0,false,19.93477251451404,1031.0,138.53256919321439
Missouri,2020-11-01,2020,November,1232.0,false,6155074.0,false,20.016006306341726,1060.1666666666667,139.99859306652354
Missouri,2020-12-01,2020,December,1236.0,false,6155074.0,false,20.080993339803875,1089.0833333333333,136.31678235461382
Missouri,2021-01-01,2021,January,1262.0,false,6172551.0,false,20.445355575028863,1117.3333333333333,127.74856934501061
Missouri,2021-02-01,2021,February,1283.0,false,6172551.0,false,20.785571476039646,1147.3333333333333,114.1277859031338
Missouri,2021-03-01,2021,March,1314.0,false,6172551.0,false,21.287794948960325,1176.8333333333333,97.03310900112517
Missouri,2021-04-01,2021,April,1324.0,false,6172551.0,false,21.44980252087022,1206.25,77.11635246938101
Missouri,2021-05-01,2021,May,1336.0,false,6172551.0,false,21.644211607162095,1230.3333333333333,62.51884564358218
Missouri,2021-06-01,2021,June,1353.0,false,6172551.0,false,21.91962447940892,1249.8333333333333,54.87810183129557
Missouri,2021-07-01,2021,July,1361.0,false,6172551.0,false,22.049230536936836,1266.1666666666667,53.89524069615938
Missouri,2021-08-01,2021,August,1381.0,false,6172551.0,false,22.37324568075663,1279.75,55.66478403639223
Missouri,2021-09-01,2021,September,1404.0,false,6172551.0,false,22.74586309614939,1293.75,58.4094092669076
Missouri,2021-10-01,2021,October,1426.0,false,6172551.0,false,23.10227975435116,1309.4166666666667,60.82233192344786
Missouri,2021-11-01,2021,November,1453.0,false,6172551.0,false,23.539700198507877,1326.0,63.38339329394208
Missouri,2021-12-01,2021,December,1477.0,false,6172551.0,false,23.928518371091627,1344.4166666666667,65.653994316393
Missouri,2022-01-01,2022,January,1493.0,false,6179285.0,false,24.161371420803537,1364.5,66.3318105505126
Missouri,2022-02-01,2022,February,1495.0,false,6179285.0,false,24.19373762498412,1383.75,67.39183252374943
Missouri,2022-03-01,2022,March,1476.0,false,6179285.0,false,23.886258685268604,1401.4166666666667,66.35915821337616
Missouri,2022-04-01,2022,April,1467.0,false,6179285.0,false,23.74061076645599,1414.9166666666667,63.36970646112929
Missouri,2022-05-01,2022,May,1443.0,false,6179285.0,false,23.35221631628902,1426.8333333333333,57.930731887053845
Missouri,2022-06-01,2022,June,1442.0,false,6179285.0,false,23.336033214198732,1435.75,50.427490698842206
Missouri,2022-07-01,2022,July,1446.0,false,6179285.0,false,23.40076562255989,1443.1666666666667,43.17371534822659
Missouri,2022-08-01,2022,August,1453.0,false,6179285.0,false,23.514047337191926,1450.25,34.586190097415255
Missouri,2022-09-01,2022,September,1475.0,false,6179285.0,false,23.870075583178313,1456.25,26.863713274770678
Missouri,2022-10-01,2022,October,1472.0,false,6179285.0,false,23.82152627690744,1462.1666666666667,21.61579108527895
Missouri,2022-11-01,2022,November,1480.0,false,6179285.0,false,23.950991093629764,1466.0,18.468646650226137
Missouri,2022-12-01,2022,December,1486.0,false,6179285.0,false,24.048089706171506,1468.25,18.385394400793402
Missouri,2023-01-01,2023,January,1485.0,false,6205956.0,false,23.92862598445751,1469.0,18.949694168796185
Missouri,2023-02-01,2023,February,1491.0,false,6205956.0,false,24.02530730156643,1468.3333333333333,18.15255220389551
Missouri,2023-03-01,2023,March,1540.0,false,6205956.0,false,24.814871391289273,1468.0,17.648074837062115
Missouri,2023-04-01,2023,April,1537.0,false,6205956.0,false,24.766530732734815,1473.3333333333333,27.31078153181976
Missouri,2023-05-01,2023,May,1529.0,false,6205956.0,false,24.637622309922918,1479.1666666666667,32.76592834952287
Missouri,2023-06-01,2023,June,1504.0,false,6205956.0,false,24.234783488635756,1486.3333333333333,33.532435676882194
Missouri,2023-07-01,2023,July,1485.0,false,6205956.0,false,23.92862598445751,1491.5,30.740852297878792
Missouri,2023-08-01,2023,August,1470.0,false,6205956.0,false,23.68692269168521,1494.75,27.369940379248824
Missouri,2023-09-01,2023,September,1446.0,false,6205956.0,false,23.300197423249536,1496.1666666666667,25.380140172022585
Missouri,2023-10-01,2023,October,1445.0,false,6205956.0,false,23.28408387039805,1493.75,28.737447852774093
Missouri,2023-11-01,2023,November,1422.0,false,6205956.0,false,22.91347215481386,1491.5,31.517671810646732
Missouri,2023-12-01,2023,December,1381.0,false,6205956.0,false,22.252816487902912,1486.6666666666667,37.349293125435395
Missouri,2024-01-01,2024,January,1353.0,false,6243544.0,false,21.67038464051827,1477.9166666666667,48.23325584798289
Missouri,2024-02-01,2024,February,1329.0,false,6243544.0,false,21.285987573724153,1466.9166666666667,60.0703501712532
Missouri,2024-03-01,2024,March,1251.0,false,6243544.0,false,20.036697106643278,1453.4166666666667,71.31678156880973
Missouri,2024-04-01,2024,April,1211.0,false,6243544.0,false,19.396035328653085,1429.3333333333333,86.58294324291627
Missouri,2024-05-01,2024,May,1167.0,false,6243544.0,false,18.69130737286387,1402.1666666666667,99.85610859753355
Missouri,2024-06-01,2024,June,1141.0,false,6243544.0,false,18.27487721717025,1372.0,111.99837661161145
Missouri,2024-07-01,2024,July,1103.0,false,6243544.0,false,17.666248528079564,1341.75,121.70614760001388
Missouri,2024-08-01,2024,August,1041.0,false,6243544.0,false,16.673222772194766,1309.9166666666667,130.47358376547365
Missouri,2024-09-01,2024,September,977.0,false,6243544.0,false,15.648163927410458,1274.1666666666667,140.97377791846984
Missouri,2024-10-01,2024,October,909.0,false,6243544.0,false,14.55903890482713,1235.0833333333333,153.46332599107325
Missouri,2024-11-01,2024,November,868.0,false,6243544.0,false,13.902360582387184,1190.4166666666667,164.42321133052485
Missouri,2024-12-01,2024,December,839.0,false,6243544.0,false,13.437880793344293,1144.25,171.12734492715708
Missouri,2025-01-01,2025,January,798.0,false,6270541.0,false,12.726174663398263,1099.0833333333333,174.4541921293815
Missouri,2025-02-01,2025,February,768.0,false,6270541.0,false,12.247747044473515,1052.8333333333333,174.58669809442847
Missouri,2025-03-01,2025,March,748.0,false,6270541.0,false,11.928795298523683,1006.0833333333334,168.93272374384765
Missouri,2025-04-01,2025,April,722.0,false,6270541.0,false,11.514158028788904,964.1666666666666,164.9957758871603
Missouri,2025-05-01,2025,May,713.0,false,6270541.0,false,11.37062974311148,923.4166666666666,158.75965730587467
Missouri,2025-06-01,2025,June,700.0,false,6270541.0,false,11.16331110824409,885.5833333333334,149.24565371063622
Missouri,2025-07-01,2025,July,683.0,false,6270541.0,false,10.892202124186733,848.8333333333334,134.1687088118628
Missouri,2025-08-01,2025,August,680.0,false,6270541.0,false,10.844359362294258,813.8333333333334,115.29159342793172
Missouri,2025-09-01,2025,September,677.0,false,6270541.0,false,10.796516600401784,783.75,96.13449385673653
Missouri,2025-10-01,2025,October,680.0,false,6270541.0,false,10.844359362294258,758.75,78.74599556918317
Missouri,2025-11-01,2025,November,657.0,false,6270541.0,false,10.477564854451952,739.6666666666666,65.68981287194778
Missouri,2025-12-01,2025,December,644.0,false,6270541.0,false,10.270246219584562,722.0833333333334,55.69471712067056
Missouri,2026-01-01,2026,January,631.0,false,6297655.0,true,10.019602534594226,705.8333333333334,46.102323611985554
Missouri,2026-02-01,2026,February,618.0,false,6297655.0,true,9.813176491884677,691.9166666666666,40.63240608482873
Missouri,2026-03-01,2026,March,617.0,false,6297655.0,true,9.797297565522406,679.4166666666666,38.091894469065515
Missouri,2026-04-01,2026,April,608.0,false,6297655.0,true,9.654387228261948,668.5,35.32060948717414
Utah,2015-01-01,2015,January,68.0,false,2983626.0,false,2.2791060273640196,,
Utah,2015-02-01,2015,February,62.0,false,2983626.0,false,2.0780084367142533,68.0,
Utah,2015-03-01,2015,March,58.0,false,2983626.0,false,1.9439433762810754,65.0,4.242640687119285
Utah,2015-04-01,2015,April,62.0,false,2983626.0,false,2.0780084367142533,62.666666666666664,5.033222956847165
Utah,2015-05-01,2015,May,66.0,false,2983626.0,false,2.212073497147431,62.5,4.12310562561766
Utah,2015-06-01,2015,June,63.0,false,2983626.0,false,2.1115247018225474,63.2,3.898717737923585
Utah,2015-07-01,2015,July,62.0,false,2983626.0,false,2.0780084367142533,63.166666666666664,3.488074922742724
Utah,2015-08-01,2015,August,61.0,false,2983626.0,false,2.0444921716059588,63.0,3.214550253664318
Utah,2015-09-01,2015,September,67.0,false,2983626.0,false,2.245589762255725,62.75,3.058944729337694
Utah,2015-10-01,2015,October,70.0,false,2983626.0,false,2.346138557580608,63.22222222222222,3.192874010111335
Utah,2015-11-01,2015,November,67.0,false,2983626.0,false,2.245589762255725,63.9,3.6953424138441546
Utah,2015-12-01,2015,December,63.0,false,2983626.0,false,2.1115247018225474,64.18181818181819,3.6281725928677027
Utah,2016-01-01,2016,January,72.0,false,3044241.0,false,2.365121552465787,64.08333333333333,3.4761089357690333
Utah,2016-02-01,2016,February,78.0,false,3044241.0,false,2.5622150151712693,64.41666666666667,4.033007750445254
Utah,2016-03-01,2016,March,79.0,false,3044241.0,false,2.595063925622183,65.75,5.5288499543921255
Utah,2016-04-01,2016,April,76.0,false,3044241.0,false,2.4965171942694417,67.5,6.142253066039588
Utah,2016-05-01,2016,May,78.0,false,3044241.0,false,2.5622150151712693,68.66666666666667,6.329344836600865
Utah,2016-06-01,2016,June,89.0,false,3044241.0,false,2.92355303013132,69.66666666666667,6.800178250783156
Utah,2016-07-01,2016,July,88.0,false,3044241.0,false,2.8907041196804064,71.83333333333333,8.4297453141009
Utah,2016-08-01,2016,August,88.0,false,3044241.0,false,2.8907041196804064,74.0,8.994948077064759
Utah,2016-09-01,2016,September,85.0,false,3044241.0,false,2.792157388327665,76.25,8.822749519900755
Utah,2016-10-01,2016,October,80.0,false,3044241.0,false,2.627912836073097,77.75,8.635287014233043
Utah,2016-11-01,2016,November,80.0,false,3044241.0,false,2.627912836073097,78.58333333333333,8.295215853768124
Utah,2016-12-01,2016,December,77.0,false,3044241.0,false,2.5293661047203555,79.66666666666667,7.450849046595396
Utah,2017-01-01,2017,January,78.0,false,3103540.0,false,2.51325905256578,80.83333333333333,5.424411712272814
Utah,2017-02-01,2017,February,78.0,false,3103540.0,false,2.51325905256578,81.33333333333333,4.7736651315188405
Utah,2017-03-01,2017,March,82.0,false,3103540.0,false,2.6421441321845376,81.33333333333333,4.7736651315188405
Utah,2017-04-01,2017,April,82.0,false,3103540.0,false,2.6421441321845376,81.58333333333333,4.718596350097294
Utah,2017-05-01,2017,May,81.0,false,3103540.0,false,2.6099228622798485,82.08333333333333,4.378840305862086
Utah,2017-06-01,2017,June,77.0,false,3103540.0,false,2.48103778266109,82.33333333333333,4.206776639776552
Utah,2017-07-01,2017,July,78.0,false,3103540.0,false,2.51325905256578,81.33333333333333,3.892494720807615
Utah,2017-08-01,2017,August,81.0,false,3103540.0,false,2.6099228622798485,80.5,3.3709993123162088
Utah,2017-09-01,2017,September,79.0,false,3103540.0,false,2.5454803224704694,79.91666666666667,2.429303429280738
Utah,2017-10-01,2017,October,83.0,false,3103540.0,false,2.674365402089227,79.41666666666667,1.831955405041458
Utah,2017-11-01,2017,November,82.0,false,3103540.0,false,2.6421441321845376,79.66666666666667,2.103388319888275
Utah,2017-12-01,2017,December,88.0,false,3103540.0,false,2.8354717516126744,79.83333333333333,2.208797835653565
Utah,2018-01-01,2018,January,81.0,false,3155153.0,false,2.567228910927616,80.75,3.0488447886789096
Utah,2018-02-01,2018,February,77.0,false,3155153.0,false,2.4404521745855114,81.0,2.9232609437842774
Utah,2018-03-01,2018,March,81.0,false,3155153.0,false,2.567228910927616,80.91666666666667,3.0289011909011525
Utah,2018-04-01,2018,April,81.0,false,3155153.0,false,2.567228910927616,80.83333333333333,3.0100840620497733
Utah,2018-05-01,2018,May,83.0,false,3155153.0,false,2.630617279098668,80.75,2.9886147596868633
Utah,2018-06-01,2018,June,87.0,false,3155153.0,false,2.757394015440773,80.91666666666667,3.0587678248047214
Utah,2018-07-01,2018,July,91.0,false,3155153.0,false,2.8841707517828774,81.75,3.2508740083524947
Utah,2018-08-01,2018,August,92.0,false,3155153.0,false,2.9158649358684032,82.83333333333333,3.9733963794062643
Utah,2018-09-01,2018,September,92.0,false,3155153.0,false,2.9158649358684032,83.75,4.712169930567598
Utah,2018-10-01,2018,October,89.0,false,3155153.0,false,2.820782383611825,84.83333333333333,5.006056937411523
Utah,2018-11-01,2018,November,88.0,false,3155153.0,false,2.7890881995262986,85.33333333333333,5.104958967573212
Utah,2018-12-01,2018,December,84.0,false,3155153.0,false,2.662311463184194,85.83333333333333,5.042245771899901
Utah,2019-01-01,2019,January,90.0,false,3203383.0,false,2.809529800214336,85.5,5.01814887999731
Utah,2019-02-01,2019,February,97.0,false,3203383.0,false,3.028048784675451,86.25,4.956630086881796
Utah,2019-03-01,2019,March,94.0,false,3203383.0,false,2.9343977913349732,87.91666666666667,4.925967063953181
Utah,2019-04-01,2019,April,94.0,false,3203383.0,false,2.9343977913349732,89.0,4.690415759823433
Utah,2019-05-01,2019,May,89.0,false,3203383.0,false,2.7783128024341766,90.08333333333333,4.144181755695862
Utah,2019-06-01,2019,June,82.0,false,3203383.0,false,2.5597938179730613,90.58333333333333,3.528026317499585
Utah,2019-07-01,2019,July,78.0,false,3203383.0,false,2.434925826852424,90.16666666666667,4.217567875906538
Utah,2019-08-01,2019,August,74.0,false,3203383.0,false,2.3100578357317874,89.08333333333333,5.468227788919839
Utah,2019-09-01,2019,September,79.0,false,3203383.0,false,2.466142824632584,87.58333333333333,6.8815739919048005
Utah,2019-10-01,2019,October,76.0,false,3203383.0,false,2.372491831292106,86.5,7.141428428542844
Utah,2019-11-01,2019,November,84.0,false,3203383.0,false,2.6222278135333803,85.41666666666667,7.69247960180866
Utah,2019-12-01,2019,December,93.0,false,3203383.0,false,2.9031807935548137,85.08333333333333,7.656943768814543
Utah,2020-01-01,2020,January,91.0,false,3283970.0,false,2.7710362762144602,85.83333333333333,7.975340783067555
Utah,2020-02-01,2020,February,90.0,false,3283970.0,false,2.740585328124191,85.91666666666667,8.027887000759897
Utah,2020-03-01,2020,March,90.0,false,3283970.0,false,2.740585328124191,85.33333333333333,7.3772787953446946
Utah,2020-04-01,2020,April,103.0,false,3283970.0,false,3.1364476532976857,85.0,7.0323925839322605
Utah,2020-05-01,2020,May,107.0,false,3283970.0,false,3.258251445658761,85.75,8.422102954833681
Utah,2020-06-01,2020,June,115.0,false,3283970.0,false,3.501859030380911,87.25,10.419605646001292
Utah,2020-07-01,2020,July,127.0,false,3283970.0,false,3.867270407464136,90.0,12.954465709483417
Utah,2020-08-01,2020,August,141.0,false,3283970.0,false,4.2935836807279,94.08333333333333,16.15525995589127
Utah,2020-09-01,2020,September,143.0,false,3283970.0,false,4.354485576908437,99.66666666666667,19.759155913759134
Utah,2020-10-01,2020,October,157.0,false,3283970.0,false,4.7807988501722,105.0,22.16467295659305
Utah,2020-11-01,2020,November,152.0,false,3283970.0,false,4.628544109720856,111.75,24.71703497958075
Utah,2020-12-01,2020,December,154.0,false,3283970.0,false,4.689446005901393,117.41666666666667,25.557273767447153
Utah,2021-01-01,2021,January,156.0,false,3339874.0,false,4.670834887783192,122.5,26.314531070390473
Utah,2021-02-01,2021,February,158.0,false,3339874.0,false,4.730717386344515,127.91666666666667,25.928076510129934
Utah,2021-03-01,2021,March,161.0,false,3339874.0,false,4.8205411341865,133.58333333333334,24.26541996464528
Utah,2021-04-01,2021,April,163.0,false,3339874.0,false,4.880423632747822,139.5,21.12516810046082
Utah,2021-05-01,2021,May,172.0,false,3339874.0,false,5.149894876273775,144.5,18.657194566464412
Utah,2021-06-01,2021,June,177.0,false,3339874.0,false,5.299601122677083,149.91666666666666,16.030983258753167
Utah,2021-07-01,2021,July,178.0,false,3339874.0,false,5.329542371957745,155.08333333333334,13.554323921527661
Utah,2021-08-01,2021,August,177.0,false,3339874.0,false,5.299601122677083,159.33333333333334,11.834720362585935
Utah,2021-09-01,2021,September,182.0,false,3339874.0,false,5.44930736908039,162.33333333333334,11.316386616787442
Utah,2021-10-01,2021,October,184.0,false,3339874.0,false,5.509189867641713,165.58333333333334,10.849870827327692
Utah,2021-11-01,2021,November,194.0,false,3339874.0,false,5.808602360448329,167.83333333333334,11.676186592091327
Utah,2021-12-01,2021,December,198.0,false,3339874.0,false,5.928367357570974,171.33333333333334,12.744576980984572
Utah,2022-01-01,2022,January,208.0,false,3393928.0,false,6.128592003130296,175.0,13.604811982931224
Utah,2022-02-01,2022,February,208.0,false,3393928.0,false,6.128592003130296,179.33333333333334,15.191704275290466
Utah,2022-03-01,2022,March,218.0,false,3393928.0,false,6.423235849434636,183.5,15.658282734125681
Utah,2022-04-01,2022,April,212.0,false,3393928.0,false,6.246449541652033,188.25,16.81517172080024
Utah,2022-05-01,2022,May,207.0,false,3393928.0,false,6.099127618499862,192.33333333333334,16.058604792409216
Utah,2022-06-01,2022,June,200.0,false,3393928.0,false,5.8928769260868235,195.25,15.184471733260333
Utah,2022-07-01,2022,July,202.0,false,3393928.0,false,5.951805695347692,197.16666666666666,14.083086782851737
Utah,2022-08-01,2022,August,200.0,false,3393928.0,false,5.8928769260868235,199.16666666666666,12.755272231393954
Utah,2022-09-01,2022,September,206.0,false,3393928.0,false,6.069663233869428,201.08333333333334,10.680979980008079
Utah,2022-10-01,2022,October,202.0,false,3393928.0,false,5.951805695347692,203.08333333333334,8.877533782566305
Utah,2022-11-01,2022,November,207.0,false,3393928.0,false,6.099127618499862,204.58333333333334,6.584531920042658
Utah,2022-12-01,2022,December,213.0,false,3393928.0,false,6.275913926282468,205.66666666666666,5.694228870026426
Utah,2023-01-01,2023,January,222.0,false,3449259.0,false,6.436164985001126,206.91666666666666,5.501377238033348
Utah,2023-02-01,2023,February,233.0,false,3449259.0,false,6.755074060834516,208.08333333333334,7.025386865223911
Utah,2023-03-01,2023,March,241.0,false,3449259.0,false,6.987007934167889,210.16666666666666,10.052890433134449
Utah,2023-04-01,2023,April,254.0,false,3449259.0,false,7.363900478334622,212.08333333333334,13.337972677716616
Utah,2023-05-01,2023,May,267.0,false,3449259.0,false,7.740793022501354,215.58333333333334,18.00736381359447
Utah,2023-06-01,2023,June,289.0,false,3449259.0,false,8.378611174168132,220.58333333333334,23.035381218438463
Utah,2023-07-01,2023,July,286.0,false,3449259.0,false,8.291635971668118,228.0,29.28542920355383
Utah,2023-08-01,2023,August,296.0,false,3449259.0,false,8.581553313334835,235.0,32.38125159016334
Utah,2023-09-01,2023,September,302.0,false,3449259.0,false,8.755503718334866,243.0,34.722274747435016
Utah,2023-10-01,2023,October,307.0,false,3449259.0,false,8.900462389168224,251.0,36.43923958891268
Utah,2023-11-01,2023,November,325.0,false,3449259.0,false,9.422313604168314,259.75,36.209303174234634
Utah,2023-12-01,2023,December,335.0,false,3449259.0,false,9.712230945835033,269.5833333333333,36.6021815875734
Utah,2024-01-01,2024,January,331.0,false,3502983.0,false,9.449089533120771,279.75,36.39961288505441
Utah,2024-02-01,2024,February,338.0,false,3502983.0,false,9.648919221132388,288.8333333333333,34.212792220383726
Utah,2024-03-01,2024,March,339.0,false,3502983.0,false,9.677466319419763,297.5833333333333,31.98993686467767
Utah,2024-04-01,2024,April,341.0,false,3502983.0,false,9.734560515994511,305.75,28.556562691039556
Utah,2024-05-01,2024,May,342.0,false,3502983.0,false,9.763107614281884,313.0,25.052671786385638
Utah,2024-06-01,2024,June,339.0,false,3502983.0,false,9.677466319419763,319.25,21.65903128867118
Utah,2024-07-01,2024,July,353.0,false,3502983.0,false,10.077125695442998,323.4166666666667,20.061080970300917
Utah,2024-08-01,2024,August,347.0,false,3502983.0,false,9.905843105718754,329.0,17.908860173871272
Utah,2024-09-01,2024,September,336.0,false,3502983.0,false,9.591825024557641,333.25,15.21437717184875
Utah,2024-10-01,2024,October,341.0,false,3502983.0,false,9.734560515994511,336.0833333333333,11.602964615941397
Utah,2024-11-01,2024,November,315.0,false,3502983.0,false,8.992335960522789,338.9166666666667,7.153617436251563
Utah,2024-12-01,2024,December,303.0,false,3502983.0,false,8.6497707810743,338.0833333333333,9.20926740086342
Utah,2025-01-01,2025,January,300.0,false,3538904.0,false,8.477200850884907,335.4166666666667,13.714347718113812
Utah,2025-02-01,2025,February,289.0,false,3538904.0,false,8.166370153019127,332.8333333333333,17.119012999019716
Utah,2025-03-01,2025,March,282.0,false,3538904.0,false,7.968568799831813,328.75,21.145061748872635
Utah,2025-04-01,2025,April,281.0,false,3538904.0,false,7.940311463662196,324.0,24.73128309725081
Utah,2025-05-01,2025,May,280.0,false,3538904.0,false,7.91205412749258,319.0,26.947760912213433
Utah,2025-06-01,2025,June,272.0,false,3538904.0,false,7.685995438135649,313.8333333333333,28.057840691015844
Utah,2025-07-01,2025,July,263.0,false,3538904.0,false,7.4316794126091015,308.25,29.23610781208743
Utah,2025-08-01,2025,August,263.0,false,3538904.0,false,7.4316794126091015,300.75,28.239640095569055
Utah,2025-09-01,2025,September,261.0,false,3538904.0,false,7.375164740269869,293.75,26.059808832062373
Utah,2025-10-01,2025,October,255.0,false,3538904.0,false,7.205620723252172,287.5,23.910819156341617
Utah,2025-11-01,2025,November,262.0,false,3538904.0,false,7.403422076439485,280.3333333333333,18.74873733122184
Utah,2025-12-01,2025,December,259.0,false,3538904.0,false,7.318650067930636,275.9166666666667,15.859945737229967
Utah,2026-01-01,2026,January,259.0,false,3575193.0,true,7.2443641504109015,272.25,14.007303289875093
Utah,2026-02-01,2026,February,259.0,false,3575193.0,true,7.2443641504109015,268.8333333333333,11.3764775930093
Utah,2026-03-01,2026,March,261.0,false,3575193.0,true,7.30030518632141,266.3333333333333,9.717213717122954
Utah,2026-04-01,2026,April,257.0,false,3575193.0,true,7.1884231145003925,264.5833333333333,8.447251659922337
Nevada,2015-01-01,2015,January,31.0,false,2868531.0,false,1.0806925217123329,,
Nevada,2015-02-01,2015,February,30.0,false,2868531.0,false,1.0458314726248383,31.0,
Nevada,2015-03-01,2015,March,30.0,false,2868531.0,false,1.0458314726248383,30.5,0.7071067811865476
Nevada,2015-04-01,2015,April,29.0,false,2868531.0,false,1.0109704235373438,30.333333333333332,0.5773502691896255
Nevada,2015-05-01,2015,May,28.0,false,2868531.0,false,0.976109374449849,30.0,0.8164965809277257
Nevada,2015-06-01,2015,June,30.0,false,2868531.0,false,1.0458314726248383,29.6,1.140175425099138
Nevada,2015-07-01,2015,July,30.0,false,2868531.0,false,1.0458314726248383,29.666666666666668,1.0327955589886444
Nevada,2015-08-01,2015,August,35.0,false,2868531.0,false,1.2201367180623113,29.714285714285715,0.9511897312113418
Nevada,2015-09-01,2015,September,36.0,false,2868531.0,false,1.254997767149806,30.375,2.0658792662827956
Nevada,2015-10-01,2015,October,37.0,false,2868531.0,false,1.2898588162373006,31.0,2.692582403567252
Nevada,2015-11-01,2015,November,35.0,false,2868531.0,false,1.2201367180623113,31.6,3.169297153067923
Nevada,2015-12-01,2015,December,36.0,false,2868531.0,false,1.254997767149806,31.90909090909091,3.1766191290283903
Nevada,2016-01-01,2016,January,37.0,false,2919555.0,false,1.267316423222032,32.25,3.2508740083524947
Nevada,2016-02-01,2016,February,38.0,false,2919555.0,false,1.3015682184442492,32.75,3.4935004586439447
Nevada,2016-03-01,2016,March,39.0,false,2919555.0,false,1.3358200136664664,33.416666666666664,3.67938565359474
Nevada,2016-04-01,2016,April,43.0,false,2919555.0,false,1.4728271945553346,34.166666666666664,3.8336626999476247
Nevada,2016-05-01,2016,May,46.0,false,2919555.0,false,1.575582580221986,35.333333333333336,4.228331571528878
Nevada,2016-06-01,2016,June,44.0,false,2919555.0,false,1.5070789897775518,36.833333333333336,4.569331228832932
Nevada,2016-07-01,2016,July,47.0,false,2919555.0,false,1.609834375444203,38.0,4.4517616533437465
Nevada,2016-08-01,2016,August,50.0,false,2919555.0,false,1.7125897611108543,39.416666666666664,4.378840305862092
Nevada,2016-09-01,2016,September,52.0,false,2919555.0,false,1.7810933515552885,40.666666666666664,5.0871198018906405
Nevada,2016-10-01,2016,October,50.0,false,2919555.0,false,1.7125897611108543,42.0,5.799686511904214
Nevada,2016-11-01,2016,November,52.0,false,2919555.0,false,1.7810933515552885,43.083333333333336,5.991787308601262
Nevada,2016-12-01,2016,December,50.0,false,2919555.0,false,1.7125897611108543,44.5,5.916079783099615
Nevada,2017-01-01,2017,January,48.0,false,2972097.0,false,1.615021313234393,45.666666666666664,5.449492609130656
Nevada,2017-02-01,2017,February,53.0,false,2972097.0,false,1.7832527000296423,46.583333333333336,4.737823307909412
Nevada,2017-03-01,2017,March,52.0,false,2972097.0,false,1.7496064226705923,47.833333333333336,4.21756787590654
Nevada,2017-04-01,2017,April,51.0,false,2972097.0,false,1.7159601453115427,48.916666666666664,3.315482505220656
Nevada,2017-05-01,2017,May,51.0,false,2972097.0,false,1.7159601453115427,49.583333333333336,2.778434265858555
Nevada,2017-06-01,2017,June,58.0,false,2972097.0,false,1.9514840868248917,50.0,2.558408596267322
Nevada,2017-07-01,2017,July,56.0,false,2972097.0,false,1.8841915321067921,51.166666666666664,2.7579087378048976
Nevada,2017-08-01,2017,August,57.0,false,2972097.0,false,1.9178378094658417,51.916666666666664,2.7455197664338145
Nevada,2017-09-01,2017,September,60.0,false,2972097.0,false,2.0187766415429915,52.5,3.03015151136345
Nevada,2017-10-01,2017,October,65.0,false,2972097.0,false,2.1870080283382407,53.166666666666664,3.7132033054868945
Nevada,2017-11-01,2017,November,64.0,false,2972097.0,false,2.1533617509791907,54.416666666666664,4.888917584856093
Nevada,2017-12-01,2017,December,74.0,false,2972097.0,false,2.4898245245696895,55.416666666666664,5.534328132554836
Nevada,2018-01-01,2018,January,76.0,false,3030725.0,false,2.5076508096247596,57.416666666666664,7.41568771203482
Nevada,2018-02-01,2018,February,76.0,false,3030725.0,false,2.5076508096247596,59.75,8.508017609076964
Nevada,2018-03-01,2018,March,77.0,false,3030725.0,false,2.5406462150145592,61.666666666666664,9.393743888483664
Nevada,2018-04-01,2018,April,80.0,false,3030725.0,false,2.6396324311839576,63.75,9.817655709809936
Nevada,2018-05-01,2018,May,79.0,false,3030725.0,false,2.6066370257941585,66.16666666666667,9.962049198956223
Nevada,2018-06-01,2018,June,80.0,false,3030725.0,false,2.6396324311839576,68.5,9.346851681910673
Nevada,2018-07-01,2018,July,80.0,false,3030725.0,false,2.6396324311839576,70.33333333333333,9.257265778671892
Nevada,2018-08-01,2018,August,83.0,false,3030725.0,false,2.738618647353356,72.33333333333333,8.435135751813077
Nevada,2018-09-01,2018,September,79.0,false,3030725.0,false,2.6066370257941585,74.5,7.416198487095667
Nevada,2018-10-01,2018,October,81.0,false,3030725.0,false,2.672627836573757,76.08333333333333,5.915439480074515
Nevada,2018-11-01,2018,November,86.0,false,3030725.0,false,2.8376048635227544,77.41666666666667,4.907477288111819
Nevada,2018-12-01,2018,December,86.0,false,3030725.0,false,2.8376048635227544,79.25,3.278719262151004
Nevada,2019-01-01,2019,January,96.0,false,3090771.0,false,3.106021119002346,80.25,3.360871099202491
Nevada,2019-02-01,2019,February,97.0,false,3090771.0,false,3.1383755056586207,81.91666666666667,5.401318581998516
Nevada,2019-03-01,2019,March,102.0,false,3090771.0,false,3.3001474389399927,83.66666666666667,6.582805886043833
Nevada,2019-04-01,2019,April,107.0,false,3090771.0,false,3.461919372221365,85.75,8.069302098920103
Nevada,2019-05-01,2019,May,111.0,false,3090771.0,false,3.5913369188464626,88.0,9.881111457541786
Nevada,2019-06-01,2019,June,107.0,false,3090771.0,false,3.461919372221365,90.66666666666667,11.428300862598109
Nevada,2019-07-01,2019,July,113.0,false,3090771.0,false,3.656045692159011,92.91666666666667,11.789504834488358
Nevada,2019-08-01,2019,August,113.0,false,3090771.0,false,3.656045692159011,95.66666666666667,12.33865569024536
Nevada,2019-09-01,2019,September,118.0,false,3090771.0,false,3.8178176254403837,98.16666666666667,12.575830594895715
Nevada,2019-10-01,2019,October,119.0,false,3090771.0,false,3.8501720120966585,101.41666666666667,12.20624529666777
Nevada,2019-11-01,2019,November,119.0,false,3090771.0,false,3.8501720120966585,104.58333333333333,11.325420588885498
Nevada,2019-12-01,2019,December,123.0,false,3090771.0,false,3.9795895587217562,107.33333333333333,10.368951321862383
Nevada,2020-01-01,2020,January,127.0,false,3116851.0,false,4.074625318951725,110.41666666666667,8.836477427874378
Nevada,2020-02-01,2020,February,133.0,false,3116851.0,false,4.267127302524246,113.0,8.769782831352831
Nevada,2020-03-01,2020,March,135.0,false,3116851.0,false,4.331294630381754,116.0,8.954430086935638
Nevada,2020-04-01,2020,April,149.0,false,3116851.0,false,4.7804659253843065,118.75,9.323723407620914
Nevada,2020-05-01,2020,May,180.0,false,3116851.0,false,5.775059507175672,122.25,12.008519702883671
Nevada,2020-06-01,2020,June,196.0,false,3116851.0,false,6.2883981300357314,128.0,19.995454028808194
Nevada,2020-07-01,2020,July,219.0,false,3116851.0,false,7.026322400397067,135.41666666666666,26.83436851005317
Nevada,2020-08-01,2020,August,246.0,false,3116851.0,false,7.892581326473418,144.25,34.991232668146516
Nevada,2020-09-01,2020,September,251.0,false,3116851.0,false,8.052999646117186,155.33333333333334,44.077067493061286
Nevada,2020-10-01,2020,October,273.0,false,3116851.0,false,8.758840252549769,166.41666666666666,50.14063554975479
Nevada,2020-11-01,2020,November,285.0,false,3116851.0,false,9.143844219694815,179.25,56.23833212320577
Nevada,2020-12-01,2020,December,300.0,false,3116851.0,false,9.62509917862612,193.08333333333334,60.337623319772774
Nevada,2021-01-01,2021,January,310.0,false,3148472.0,false,9.84604595499023,207.83333333333334,63.213682830299454
Nevada,2021-02-01,2021,February,331.0,false,3148472.0,false,10.513036164844406,223.08333333333334,64.00917311154898
Nevada,2021-03-01,2021,March,352.0,false,3148472.0,false,11.180026374698583,239.58333333333334,64.19637250206776
Nevada,2021-04-01,2021,April,357.0,false,3148472.0,false,11.338833567521007,257.6666666666667,62.60167487351832
Nevada,2021-05-01,2021,May,340.0,false,3148472.0,false,10.798889111924769,275.0,58.43566781279454
Nevada,2021-06-01,2021,June,349.0,false,3148472.0,false,11.08474205900513,288.3333333333333,52.76764389684499
Nevada,2021-07-01,2021,July,347.0,false,3148472.0,false,11.02121918187616,301.0833333333333,46.54705992733363
Nevada,2021-08-01,2021,August,340.0,false,3148472.0,false,10.798889111924769,311.75,40.26982854332869
Nevada,2021-09-01,2021,September,351.0,false,3148472.0,false,11.1482649361341,319.5833333333333,35.13210997812615
Nevada,2021-10-01,2021,October,354.0,false,3148472.0,false,11.243549251827552,327.9166666666667,28.646619135227585
Nevada,2021-11-01,2021,November,366.0,false,3148472.0,false,11.62468651460137,334.6666666666667,23.634848436282827
Nevada,2021-12-01,2021,December,364.0,false,3148472.0,false,11.561163637472399,341.4166666666667,19.336533173025483
Nevada,2022-01-01,2022,January,370.0,false,3177672.0,false,11.643744225332256,346.75,15.274012391819461
Nevada,2022-02-01,2022,February,373.0,false,3177672.0,false,11.738152962294409,351.75,11.505927326224677
Nevada,2022-03-01,2022,March,371.0,false,3177672.0,false,11.67521380431964,355.25,10.996900389737927
Nevada,2022-04-01,2022,April,375.0,false,3177672.0,false,11.801092120269178,356.8333333333333,11.823192411014796
Nevada,2022-05-01,2022,May,385.0,false,3177672.0,false,12.115787910143023,358.3333333333333,12.935738607954827
Nevada,2022-06-01,2022,June,391.0,false,3177672.0,false,12.30460538406733,362.0833333333333,13.641236503093621
Nevada,2022-07-01,2022,July,403.0,false,3177672.0,false,12.682240331915944,365.5833333333333,15.27004395619877
Nevada,2022-08-01,2022,August,401.0,false,3177672.0,false,12.619301173941174,370.25,17.472705988067617
Nevada,2022-09-01,2022,September,441.0,false,3177672.0,false,13.878084333436552,375.3333333333333,16.729578233738824
Nevada,2022-10-01,2022,October,456.0,false,3177672.0,false,14.35012801824732,382.8333333333333,23.594426665994018
Nevada,2022-11-01,2022,November,474.0,false,3177672.0,false,14.91658044002024,391.3333333333333,29.81559486191237
Nevada,2022-12-01,2022,December,491.0,false,3177672.0,false,15.451563282805779,400.3333333333333,36.925806037446904
Nevada,2023-01-01,2023,January,501.0,false,3211077.0,false,15.602241864645414,410.9166666666667,43.22763916614908
Nevada,2023-02-01,2023,February,500.0,false,3211077.0,false,15.571099665314783,421.8333333333333,48.20945462408298
Nevada,2023-03-01,2023,March,559.0,false,3211077.0,false,17.408489425821926,432.4166666666667,50.4046504588494
Nevada,2023-04-01,2023,April,593.0,false,3211077.0,false,18.46732420306333,448.0833333333333,58.19474879985987
Nevada,2023-05-01,2023,May,620.0,false,3211077.0,false,19.308163584990332,466.25,66.7098534360146
Nevada,2023-06-01,2023,June,641.0,false,3211077.0,false,19.962149770933554,485.8333333333333,74.70406260503489
Nevada,2023-07-01,2023,July,658.0,false,3211077.0,false,20.491567159554258,506.6666666666667,80.48865909197549
Nevada,2023-08-01,2023,August,720.0,false,3211077.0,false,22.42238351805329,527.9166666666666,84.20695105548356
Nevada,2023-09-01,2023,September,718.0,false,3211077.0,false,22.36009911939203,554.5,90.60754534103255
Nevada,2023-10-01,2023,October,736.0,false,3211077.0,false,22.920658707343364,577.5833333333334,94.27373907291407
Nevada,2023-11-01,2023,November,748.0,false,3211077.0,false,23.294365099310916,600.9166666666666,96.07900000741185
Nevada,2023-12-01,2023,December,772.0,false,3211077.0,false,24.041777883246027,623.75,95.73270078713959
Nevada,2024-01-01,2024,January,809.0,false,3253543.0,false,24.86520079802234,647.1666666666666,94.67056116615744
Nevada,2024-02-01,2024,February,842.0,false,3253543.0,false,25.879479693368122,672.8333333333334,93.18001476451447
Nevada,2024-03-01,2024,March,814.0,false,3253543.0,false,25.018879418529277,701.3333333333334,87.64943948722222
Nevada,2024-04-01,2024,April,822.0,false,3253543.0,false,25.264765211340375,722.5833333333334,80.63549673272526
Nevada,2024-05-01,2024,May,831.0,false,3253543.0,false,25.541386728252863,741.6666666666666,74.00532331385277
Nevada,2024-06-01,2024,June,859.0,false,3253543.0,false,26.401987003091705,759.25,67.22570531088132
Nevada,2024-07-01,2024,July,889.0,false,3253543.0,false,27.324058726133327,777.4166666666666,61.58432258195902
Nevada,2024-08-01,2024,August,864.0,false,3253543.0,false,26.555665623598642,796.6666666666666,56.779210877563195
Nevada,2024-09-01,2024,September,837.0,false,3253543.0,false,25.725801072861184,808.6666666666666,54.26422450018115
Nevada,2024-10-01,2024,October,832.0,false,3253543.0,false,25.57212245235425,818.5833333333334,46.507982371227754
Nevada,2024-11-01,2024,November,803.0,false,3253543.0,false,24.68078645341402,826.5833333333334,38.594531721318745
Nevada,2024-12-01,2024,December,799.0,false,3253543.0,false,24.557843557008464,831.1666666666666,30.915819232035222
Nevada,2025-01-01,2025,January,768.0,false,3282188.0,false,23.399025284352998,833.4166666666666,26.945933521281727
Nevada,2025-02-01,2025,February,766.0,false,3282188.0,false,23.338090322674994,830.0,32.3756361818856
Nevada,2025-03-01,2025,March,778.0,false,3282188.0,false,23.703700092743013,823.6666666666666,36.92826789462198
Nevada,2025-04-01,2025,April,753.0,false,3282188.0,false,22.94201307176798,820.6666666666666,39.17868932174352
Nevada,2025-05-01,2025,May,748.0,false,3282188.0,false,22.789675667572972,814.9166666666666,43.76062641510546
Nevada,2025-06-01,2025,June,736.0,false,3282188.0,false,22.424065897504956,808.0,47.395818764566535
Nevada,2025-07-01,2025,July,710.0,false,3282188.0,false,21.631911395690924,797.75,48.647386176630114
Nevada,2025-08-01,2025,August,698.0,false,3282188.0,false,21.26630162562291,782.8333333333334,45.462938619042035
Nevada,2025-09-01,2025,September,5.0,true,3282188.0,false,0.1523374041950065,769.0,43.74305139624515
Nevada,2025-10-01,2025,October,5.0,true,3282188.0,false,0.1523374041950065,699.6666666666666,222.06359995335217
Nevada,2025-11-01,2025,November,5.0,true,3282188.0,false,0.1523374041950065,630.75,293.95272501790924
Nevada,2025-12-01,2025,December,5.0,true,3282188.0,false,0.1523374041950065,564.25,338.3538021872156
Nevada,2026-01-01,2026,January,5.0,true,3311085.0,true,0.1510079022435244,498.0833333333333,364.8702031565679
Nevada,2026-02-01,2026,February,5.0,true,3311085.0,true,0.1510079022435244,434.5,379.73615241973664
Nevada,2026-03-01,2026,March,5.0,true,3311085.0,true,0.1510079022435244,371.0833333333333,382.8734560312758
Nevada,2026-04-01,2026,April,5.0,true,3311085.0,true,0.1510079022435244,306.6666666666667,373.08963907870566
South Dakota,2015-01-01,2015,January,5.0,true,854663.0,false,0.5850259107975893,,
South Dakota,2015-02-01,2015,February,5.0,true,854663.0,false,0.5850259107975893,5.0,
South Dakota,2015-03-01,2015,March,5.0,true,854663.0,false,0.5850259107975893,5.0,0.0
South Dakota,2015-04-01,2015,April,5.0,true,854663.0,false,0.5850259107975893,5.0,0.0
South Dakota,2015-05-01,2015,May,5.0,true,854663.0,false,0.5850259107975893,5.0,0.0
South Dakota,2015-06-01,2015,June,5.0,true,854663.0,false,0.5850259107975893,5.0,0.0
South Dakota,2015-07-01,2015,July,5.0,true,854663.0,false,0.5850259107975893,5.0,0.0
South Dakota,2015-08-01,2015,August,5.0,true,854663.0,false,0.5850259107975893,5.0,0.0
South Dakota,2015-09-01,2015,September,5.0,true,854663.0,false,0.5850259107975893,5.0,0.0
South Dakota,2015-10-01,2015,October,5.0,true,854663.0,false,0.5850259107975893,5.0,0.0
South Dakota,2015-11-01,2015,November,5.0,true,854663.0,false,0.5850259107975893,5.0,0.0
South Dakota,2015-12-01,2015,December,5.0,true,854663.0,false,0.5850259107975893,5.0,0.0
South Dakota,2016-01-01,2016,January,5.0,true,863693.0,false,0.5789094041517067,5.0,0.0
South Dakota,2016-02-01,2016,February,5.0,true,863693.0,false,0.5789094041517067,5.0,0.0
South Dakota,2016-03-01,2016,March,5.0,true,863693.0,false,0.5789094041517067,5.0,0.0
South Dakota,2016-04-01,2016,April,5.0,true,863693.0,false,0.5789094041517067,5.0,0.0
South Dakota,2016-05-01,2016,May,5.0,true,863693.0,false,0.5789094041517067,5.0,0.0
South Dakota,2016-06-01,2016,June,5.0,true,863693.0,false,0.5789094041517067,5.0,0.0
South Dakota,2016-07-01,2016,July,5.0,true,863693.0,false,0.5789094041517067,5.0,0.0
South Dakota,2016-08-01,2016,August,13.0,false,863693.0,false,1.5051644507944373,5.0,0.0
South Dakota,2016-09-01,2016,September,13.0,false,863693.0,false,1.5051644507944373,5.666666666666667,2.309401076758503
South Dakota,2016-10-01,2016,October,5.0,true,863693.0,false,0.5789094041517067,6.333333333333333,3.1139957766460915
South Dakota,2016-11-01,2016,November,10.0,false,863693.0,false,1.1578188083034133,6.333333333333333,3.113995776646092
South Dakota,2016-12-01,2016,December,11.0,false,863693.0,false,1.2736006891337548,6.75,3.2508740083524947
South Dakota,2017-01-01,2017,January,14.0,false,873732.0,false,1.6023219934716824,7.25,3.4145410978769766
South Dakota,2017-02-01,2017,February,12.0,false,873732.0,false,1.3734188515471564,8.0,3.8376128944009875
South Dakota,2017-03-01,2017,March,13.0,false,873732.0,false,1.4878704225094195,8.583333333333334,3.8720051965905524
South Dakota,2017-04-01,2017,April,13.0,false,873732.0,false,1.4878704225094195,9.25,3.8876260575878905
South Dakota,2017-05-01,2017,May,14.0,false,873732.0,false,1.6023219934716824,9.916666666666666,3.7769235516689394
South Dakota,2017-06-01,2017,June,11.0,false,873732.0,false,1.2589672805848933,10.666666666666666,3.60134654951408
South Dakota,2017-07-01,2017,July,10.0,false,873732.0,false,1.1445157096226304,11.166666666666666,3.128558579902059
South Dakota,2017-08-01,2017,August,10.0,false,873732.0,false,1.1445157096226304,11.583333333333334,2.5030284687057627
South Dakota,2017-09-01,2017,September,10.0,false,873732.0,false,1.1445157096226304,11.333333333333334,2.4984843890695503
South Dakota,2017-10-01,2017,October,12.0,false,873732.0,false,1.3734188515471564,11.083333333333334,2.466441431158124
South Dakota,2017-11-01,2017,November,14.0,false,873732.0,false,1.6023219934716824,11.666666666666666,1.5569978883230462
South Dakota,2017-12-01,2017,December,13.0,false,873732.0,false,1.4878704225094195,12.0,1.5954480704349312
South Dakota,2018-01-01,2018,January,11.0,false,879386.0,false,1.2508727680449767,12.166666666666666,1.5859229221975177
South Dakota,2018-02-01,2018,February,11.0,false,879386.0,false,1.2508727680449767,11.916666666666666,1.5050420310248864
South Dakota,2018-03-01,2018,March,13.0,false,879386.0,false,1.4783041804167907,11.833333333333334,1.5275252316519463
South Dakota,2018-04-01,2018,April,13.0,false,879386.0,false,1.4783041804167907,11.833333333333334,1.5275252316519468
South Dakota,2018-05-01,2018,May,14.0,false,879386.0,false,1.5920198866026978,11.833333333333334,1.5275252316519468
South Dakota,2018-06-01,2018,June,17.0,false,879386.0,false,1.9331670051604186,11.833333333333334,1.5275252316519468
South Dakota,2018-07-01,2018,July,16.0,false,879386.0,false,1.8194512989745117,12.333333333333334,2.103388319888276
South Dakota,2018-08-01,2018,August,17.0,false,879386.0,false,1.9331670051604186,12.833333333333334,2.2087978356535656
South Dakota,2018-09-01,2018,September,16.0,false,879386.0,false,1.8194512989745117,13.416666666666666,2.3143164446679725
South Dakota,2018-10-01,2018,October,14.0,false,879386.0,false,1.5920198866026978,13.916666666666666,2.151461800448217
South Dakota,2018-11-01,2018,November,14.0,false,879386.0,false,1.5920198866026978,14.083333333333334,2.0652243256245835
South Dakota,2018-12-01,2018,December,14.0,false,879386.0,false,1.5920198866026978,14.083333333333334,2.0652243256245835
South Dakota,2019-01-01,2019,January,13.0,false,887127.0,false,1.4654046151227502,14.166666666666666,2.037526724122938
South Dakota,2019-02-01,2019,February,14.0,false,887127.0,false,1.5781280470552694,14.333333333333334,1.8257418583505536
South Dakota,2019-03-01,2019,March,12.0,false,887127.0,false,1.3526811831902308,14.583333333333334,1.5050420310248864
South Dakota,2019-04-01,2019,April,13.0,false,887127.0,false,1.4654046151227502,14.5,1.6236882817719778
South Dakota,2019-05-01,2019,May,12.0,false,887127.0,false,1.3526811831902308,14.5,1.6236882817719773
South Dakota,2019-06-01,2019,June,11.0,false,887127.0,false,1.2399577512577118,14.333333333333334,1.7752507291971888
South Dakota,2019-07-01,2019,July,13.0,false,887127.0,false,1.4654046151227502,13.833333333333334,1.8006732747570404
South Dakota,2019-08-01,2019,August,19.0,false,887127.0,false,2.1417452067178657,13.583333333333334,1.6764862244009224
South Dakota,2019-09-01,2019,September,21.0,false,887127.0,false,2.367192070582904,13.75,2.0943647333651403
South Dakota,2019-10-01,2019,October,24.0,false,887127.0,false,2.7053623663804616,14.166666666666666,2.918073253904281
South Dakota,2019-11-01,2019,November,22.0,false,887127.0,false,2.4799155025154236,15.0,4.067610422035835
South Dakota,2019-12-01,2019,December,25.0,false,887127.0,false,2.8180857983129814,15.666666666666666,4.51931880090821
South Dakota,2020-01-01,2020,January,26.0,false,887808.0,false,2.9285611303344865,16.583333333333332,5.212891944424172
South Dakota,2020-02-01,2020,February,25.0,false,887808.0,false,2.8159241637831602,17.666666666666668,5.72607009980482
South Dakota,2020-03-01,2020,March,26.0,false,887808.0,false,2.9285611303344865,18.583333333333332,5.961365513695566
South Dakota,2020-04-01,2020,April,26.0,false,887808.0,false,2.9285611303344865,19.75,5.92567602587556
South Dakota,2020-05-01,2020,May,25.0,false,887808.0,false,2.8159241637831602,20.833333333333332,5.765624358421579
South Dakota,2020-06-01,2020,June,30.0,false,887808.0,false,3.3791089965397925,21.916666666666668,5.142661732699291
South Dakota,2020-07-01,2020,July,30.0,false,887808.0,false,3.3791089965397925,23.5,4.337992832887327
South Dakota,2020-08-01,2020,August,24.0,false,887808.0,false,2.703287197231834,24.916666666666668,3.2321772378645472
South Dakota,2020-09-01,2020,September,24.0,false,887808.0,false,2.703287197231834,25.333333333333332,2.6742316936860853
South Dakota,2020-10-01,2020,October,21.0,false,887808.0,false,2.3653762975778547,25.583333333333332,2.353269807709858
South Dakota,2020-11-01,2020,November,24.0,false,887808.0,false,2.703287197231834,25.333333333333332,2.6742316936860857
South Dakota,2020-12-01,2020,December,25.0,false,887808.0,false,2.8159241637831602,25.5,2.5045413298101646
South Dakota,2021-01-01,2021,January,25.0,false,896303.0,false,2.7892353367109113,25.5,2.5045413298101646
South Dakota,2021-02-01,2021,February,29.0,false,896303.0,false,3.235512990584657,25.416666666666668,2.503028468705763
South Dakota,2021-03-01,2021,March,27.0,false,896303.0,false,3.012374163647784,25.75,2.7010099121355595
South Dakota,2021-04-01,2021,April,28.0,false,896303.0,false,3.1239435771162207,25.833333333333332,2.7247463045653304
South Dakota,2021-05-01,2021,May,27.0,false,896303.0,false,3.012374163647784,26.0,2.7961011816781274
South Dakota,2021-06-01,2021,June,23.0,false,896303.0,false,2.5660965097740385,26.166666666666668,2.79067711996189
South Dakota,2021-07-01,2021,July,24.0,false,896303.0,false,2.6776659232424747,25.583333333333332,2.6443192398846707
South Dakota,2021-08-01,2021,August,26.0,false,896303.0,false,2.900804750179348,25.083333333333332,2.2746961169005457
South Dakota,2021-09-01,2021,September,29.0,false,896303.0,false,3.235512990584657,25.25,2.261335084333227
South Dakota,2021-10-01,2021,October,33.0,false,896303.0,false,3.681790644458403,25.666666666666668,2.461829819586655
South Dakota,2021-11-01,2021,November,34.0,false,896303.0,false,3.7933600579268396,26.666666666666668,2.8069178610689485
South Dakota,2021-12-01,2021,December,32.0,false,896303.0,false,3.570221230989967,27.5,3.370999312316209
South Dakota,2022-01-01,2022,January,34.0,false,909156.0,false,3.739732235171962,28.083333333333332,3.502163833282435
South Dakota,2022-02-01,2022,February,31.0,false,909156.0,false,3.409755861480318,28.833333333333332,3.7376057804023364
South Dakota,2022-03-01,2022,March,32.0,false,909156.0,false,3.5197479860441994,29.0,3.7899388337592397
South Dakota,2022-04-01,2022,April,33.0,false,909156.0,false,3.6297401106080804,29.416666666666668,3.8247598458972396
South Dakota,2022-05-01,2022,May,35.0,false,909156.0,false,3.849724359735843,29.833333333333332,3.927370930309795
South Dakota,2022-06-01,2022,June,35.0,false,909156.0,false,3.849724359735843,30.5,4.078769868031737
South Dakota,2022-07-01,2022,July,33.0,false,909156.0,false,3.6297401106080804,31.5,3.5032452487268535
South Dakota,2022-08-01,2022,August,32.0,false,909156.0,false,3.5197479860441994,32.25,2.598076211353315
South Dakota,2022-09-01,2022,September,32.0,false,909156.0,false,3.5197479860441994,32.75,1.7122552910761233
South Dakota,2022-10-01,2022,October,30.0,false,909156.0,false,3.2997637369164368,33.0,1.2792042981336627
South Dakota,2022-11-01,2022,November,27.0,false,909156.0,false,2.969787363224793,32.75,1.5447859516333124
South Dakota,2022-12-01,2022,December,28.0,false,909156.0,false,3.079779487788674,32.166666666666664,2.208797835653566
South Dakota,2023-01-01,2023,January,28.0,false,917739.0,false,3.050976366919135,31.833333333333332,2.516611478423585
South Dakota,2023-02-01,2023,February,30.0,false,917739.0,false,3.268903250270502,31.333333333333332,2.640018365409035
South Dakota,2023-03-01,2023,March,33.0,false,917739.0,false,3.5957935752975523,31.25,2.6671401094873834
South Dakota,2023-04-01,2023,April,30.0,false,917739.0,false,3.268903250270502,31.333333333333332,2.7080128015453213
South Dakota,2023-05-01,2023,May,32.0,false,917739.0,false,3.4868301336218686,31.083333333333332,2.6784776318353702
South Dakota,2023-06-01,2023,June,31.0,false,917739.0,false,3.377866691946185,30.833333333333332,2.405801069888944
South Dakota,2023-07-01,2023,July,32.0,false,917739.0,false,3.4868301336218686,30.5,2.0225995873897267
South Dakota,2023-08-01,2023,August,31.0,false,917739.0,false,3.377866691946185,30.416666666666668,1.9286515936521476
South Dakota,2023-09-01,2023,September,27.0,false,917739.0,false,2.9420129252434517,30.333333333333332,1.874873733122184
South Dakota,2023-10-01,2023,October,29.0,false,917739.0,false,3.1599398085948183,29.916666666666668,2.02072594216369
South Dakota,2023-11-01,2023,November,29.0,false,917739.0,false,3.1599398085948183,29.833333333333332,2.0375267241229387
South Dakota,2023-12-01,2023,December,32.0,false,917739.0,false,3.4868301336218686,30.0,1.8586407545691703
South Dakota,2024-01-01,2024,January,31.0,false,927110.0,false,3.343724045690371,30.333333333333332,1.8257418583505536
South Dakota,2024-02-01,2024,February,30.0,false,927110.0,false,3.2358619797003594,30.583333333333332,1.6764862244009227
South Dakota,2024-03-01,2024,March,28.0,false,927110.0,false,3.0201378477203353,30.583333333333332,1.6764862244009227
South Dakota,2024-04-01,2024,April,28.0,false,927110.0,false,3.0201378477203353,30.166666666666668,1.6422453217986943
South Dakota,2024-05-01,2024,May,27.0,false,927110.0,false,2.9122757817303233,30.0,1.7580981459830654
South Dakota,2024-06-01,2024,June,28.0,false,927110.0,false,3.0201378477203353,29.583333333333332,1.831955405041456
South Dakota,2024-07-01,2024,July,28.0,false,927110.0,false,3.0201378477203353,29.333333333333332,1.8257418583505536
South Dakota,2024-08-01,2024,August,27.0,false,927110.0,false,2.9122757817303233,29.0,1.6514456476895403
South Dakota,2024-09-01,2024,September,28.0,false,927110.0,false,3.0201378477203353,28.666666666666668,1.6143297699232972
South Dakota,2024-10-01,2024,October,25.0,false,927110.0,false,2.6965516497502993,28.75,1.5447859516333111
South Dakota,2024-11-01,2024,November,26.0,false,927110.0,false,2.8044137157403113,28.416666666666668,1.8809249819912524
South Dakota,2024-12-01,2024,December,24.0,false,927110.0,false,2.5886895837602872,28.166666666666668,1.9924098397912458
South Dakota,2025-01-01,2025,January,23.0,false,935094.0,false,2.4596457682329262,27.5,1.9306145983268455
South Dakota,2025-02-01,2025,February,26.0,false,935094.0,false,2.7804691293067862,26.833333333333332,1.9924098397912422
South Dakota,2025-03-01,2025,March,28.0,false,935094.0,false,2.994351370022693,26.5,1.7320508075688765
South Dakota,2025-04-01,2025,April,31.0,false,935094.0,false,3.3151747310965525,26.5,1.7320508075688787
South Dakota,2025-05-01,2025,May,31.0,false,935094.0,false,3.3151747310965525,26.75,2.1373305355470453
South Dakota,2025-06-01,2025,June,28.0,false,935094.0,false,2.994351370022693,27.083333333333332,2.466441431158124
South Dakota,2025-07-01,2025,July,26.0,false,935094.0,false,2.7804691293067862,27.083333333333332,2.466441431158124
South Dakota,2025-08-01,2025,August,27.0,false,935094.0,false,2.8874102496647396,26.916666666666668,2.4664414311581244
South Dakota,2025-09-01,2025,September,25.0,false,935094.0,false,2.673528008948833,26.916666666666668,2.466441431158125
South Dakota,2025-10-01,2025,October,24.0,false,935094.0,false,2.5665868885908796,26.666666666666668,2.498484389069549
South Dakota,2025-11-01,2025,November,25.0,false,935094.0,false,2.673528008948833,26.583333333333332,2.5746432527221863
South Dakota,2025-12-01,2025,December,23.0,false,935094.0,false,2.4596457682329262,26.5,2.6111648393354683
South Dakota,2026-01-01,2026,January,23.0,false,943147.0,true,2.438644241035597,26.416666666666668,2.712205856136404
South Dakota,2026-02-01,2026,February,19.0,false,943147.0,true,2.0145321991163625,26.416666666666668,2.712205856136406
South Dakota,2026-03-01,2026,March,17.0,false,943147.0,true,1.8024761781567455,25.833333333333332,3.459724984691265
South Dakota,2026-04-01,2026,April,14.0,false,943147.0,true,1.4843921467173198,24.916666666666668,4.2094770423054895
District of Columbia,2015-01-01,2015,January,15.0,false,677014.0,false,2.215611494001601,,
District of Columbia,2015-02-01,2015,February,17.0,false,677014.0,false,2.5110263598684814,15.0,
District of Columbia,2015-03-01,2015,March,20.0,false,677014.0,false,2.9541486586688017,16.0,1.4142135623730951
District of Columbia,2015-04-01,2015,April,20.0,false,677014.0,false,2.9541486586688017,17.333333333333332,2.5166114784235836
District of Columbia,2015-05-01,2015,May,23.0,false,677014.0,false,3.397270957469122,18.0,2.4494897427831788
District of Columbia,2015-06-01,2015,June,19.0,false,677014.0,false,2.8064412257353615,19.0,3.0822070014844885
District of Columbia,2015-07-01,2015,July,17.0,false,677014.0,false,2.5110263598684814,19.0,2.7568097504180447
District of Columbia,2015-08-01,2015,August,17.0,false,677014.0,false,2.5110263598684814,18.714285714285715,2.627691364061218
District of Columbia,2015-09-01,2015,September,20.0,false,677014.0,false,2.9541486586688017,18.5,2.507132682112035
District of Columbia,2015-10-01,2015,October,18.0,false,677014.0,false,2.6587337928019212,18.666666666666668,2.39791576165636
District of Columbia,2015-11-01,2015,November,24.0,false,677014.0,false,3.5449783904025622,18.6,2.270584848790187
District of Columbia,2015-12-01,2015,December,28.0,false,677014.0,false,4.135808122136322,19.09090909090909,2.7001683449201996
District of Columbia,2016-01-01,2016,January,32.0,false,687576.0,false,4.654030972576122,19.833333333333332,3.639014185521161
District of Columbia,2016-02-01,2016,February,31.0,false,687576.0,false,4.508592504683119,21.25,4.7314230033219
District of Columbia,2016-03-01,2016,March,39.0,false,687576.0,false,5.672100247827149,22.416666666666668,5.282188481256149
District of Columbia,2016-04-01,2016,April,50.0,false,687576.0,false,7.271923394650192,24.0,7.04530791636275
District of Columbia,2016-05-01,2016,May,66.0,false,687576.0,false,9.598938880938253,26.5,10.139930069688933
District of Columbia,2016-06-01,2016,June,76.0,false,687576.0,false,11.053323559868291,30.083333333333332,15.150507542253452
District of Columbia,2016-07-01,2016,July,86.0,false,687576.0,false,12.507708238798328,34.833333333333336,19.63222459183478
District of Columbia,2016-08-01,2016,August,96.0,false,687576.0,false,13.962092917728366,40.583333333333336,23.631482596252184
District of Columbia,2016-09-01,2016,September,104.0,false,687576.0,false,15.125600660872399,47.166666666666664,27.199041872607918
District of Columbia,2016-10-01,2016,October,118.0,false,687576.0,false,17.161739211374453,54.166666666666664,30.21388402504365
District of Columbia,2016-11-01,2016,November,140.0,false,687576.0,false,20.361385505020536,62.5,32.99448989810819
District of Columbia,2016-12-01,2016,December,147.0,false,687576.0,false,21.379454780271562,72.16666666666667,37.3894329586542
District of Columbia,2017-01-01,2017,January,159.0,false,697079.0,false,22.809466358906235,82.08333333333333,40.27960985035691
District of Columbia,2017-02-01,2017,February,176.0,false,697079.0,false,25.248214334386777,92.66666666666667,42.54480703987981
District of Columbia,2017-03-01,2017,March,192.0,false,697079.0,false,27.54350654660376,104.75,44.00439027683902
District of Columbia,2017-04-01,2017,April,205.0,false,697079.0,false,29.408431469030052,117.5,45.36618684759508
District of Columbia,2017-05-01,2017,May,211.0,false,697079.0,false,30.26916604861142,130.41666666666666,46.45321856611784
District of Columbia,2017-06-01,2017,June,216.0,false,697079.0,false,30.98644486492923,142.5,47.02900459001096
District of Columbia,2017-07-01,2017,July,218.0,false,697079.0,false,31.273356391456346,154.16666666666666,46.393246634971916
District of Columbia,2017-08-01,2017,August,223.0,false,697079.0,false,31.990635207774154,165.16666666666666,44.36590282337703
District of Columbia,2017-09-01,2017,September,220.0,false,697079.0,false,31.56026791798347,175.75,41.41612553759048
District of Columbia,2017-10-01,2017,October,214.0,false,697079.0,false,30.6995333384021,185.41666666666666,36.37796119364114
District of Columbia,2017-11-01,2017,November,197.0,false,697079.0,false,28.260785362921563,193.41666666666666,30.24283035495831
District of Columbia,2017-12-01,2017,December,203.0,false,697079.0,false,29.12151994250293,198.16666666666666,25.13539096150841
District of Columbia,2018-01-01,2018,January,199.0,false,704147.0,false,28.261144334918704,202.83333333333334,19.291228969444003
District of Columbia,2018-02-01,2018,February,196.0,false,704147.0,false,27.835096932884753,206.16666666666666,13.663709953631546
District of Columbia,2018-03-01,2018,March,179.0,false,704147.0,false,25.420828321359036,207.83333333333334,10.50396750439248
District of Columbia,2018-04-01,2018,April,179.0,false,704147.0,false,25.420828321359036,206.75,12.72167084509378
District of Columbia,2018-05-01,2018,May,173.0,false,704147.0,false,24.568733517291136,204.58333333333334,15.048155026346917
District of Columbia,2018-06-01,2018,June,169.0,false,704147.0,false,24.0006703145792,201.41666666666666,17.391002550082316
District of Columbia,2018-07-01,2018,July,169.0,false,704147.0,false,24.0006703145792,197.5,19.02390840256258
District of Columbia,2018-08-01,2018,August,168.0,false,704147.0,false,23.858654513901215,193.41666666666666,19.47706498952193
District of Columbia,2018-09-01,2018,September,173.0,false,704147.0,false,24.568733517291136,188.83333333333334,18.319554050414556
District of Columbia,2018-10-01,2018,October,179.0,false,704147.0,false,25.420828321359036,184.91666666666666,15.917162454597886
District of Columbia,2018-11-01,2018,November,183.0,false,704147.0,false,25.988891524070965,182.0,13.052342179227315
District of Columbia,2018-12-01,2018,December,182.0,false,704147.0,false,25.846875723392984,180.83333333333334,12.186679265294192
District of Columbia,2019-01-01,2019,January,184.0,false,708253.0,false,25.97941695975873,179.08333333333334,10.031390126935943
District of Columbia,2019-02-01,2019,February,190.0,false,708253.0,false,26.82657186062043,177.83333333333334,8.06601550089051
District of Columbia,2019-03-01,2019,March,192.0,false,708253.0,false,27.10895682757433,177.33333333333334,6.945676658355496
District of Columbia,2019-04-01,2019,April,182.0,false,708253.0,false,25.69703199280483,178.41666666666666,8.140340995016839
District of Columbia,2019-05-01,2019,May,187.0,false,708253.0,false,26.402994410189578,178.66666666666666,8.20568908339411
District of Columbia,2019-06-01,2019,June,194.0,false,708253.0,false,27.391341794528227,179.83333333333334,8.321203292939321
District of Columbia,2019-07-01,2019,July,201.0,false,708253.0,false,28.379689178866872,181.91666666666666,8.490190417966685
District of Columbia,2019-08-01,2019,August,207.0,false,708253.0,false,29.226844079728572,184.58333333333334,9.070013865212747
District of Columbia,2019-09-01,2019,September,221.0,false,708253.0,false,31.203538848405866,187.83333333333334,9.561602502940733
District of Columbia,2019-10-01,2019,October,233.0,false,708253.0,false,32.89784865012926,191.83333333333334,12.408452642037883
District of Columbia,2019-11-01,2019,November,243.0,false,708253.0,false,34.30977348489876,196.33333333333334,16.461157218424727
District of Columbia,2019-12-01,2019,December,255.0,false,708253.0,false,36.004083286622155,201.33333333333334,20.62801860371353
District of Columbia,2020-01-01,2020,January,278.0,false,670958.0,false,41.433293887247785,207.41666666666666,24.758683814823915
District of Columbia,2020-02-01,2020,February,281.0,false,670958.0,false,41.88041576372888,215.25,30.8076879425191
District of Columbia,2020-03-01,2020,March,295.0,false,670958.0,false,43.966984520640636,222.83333333333334,34.948880417321575
District of Columbia,2020-04-01,2020,April,324.0,false,670958.0,false,48.28916265995785,231.41666666666666,39.09070648291399
District of Columbia,2020-05-01,2020,May,337.0,false,670958.0,false,50.226690791375916,243.25,43.96098476852153
District of Columbia,2020-06-01,2020,June,350.0,false,670958.0,false,52.16421892279397,255.75,47.68099487979748
District of Columbia,2020-07-01,2020,July,355.0,false,670958.0,false,52.909422050262464,268.75,50.49774972484147
District of Columbia,2020-08-01,2020,August,378.0,false,670958.0,false,56.33735643661749,281.5833333333333,51.277247006894385
District of Columbia,2020-09-01,2020,September,384.0,false,670958.0,false,57.23160018957968,295.8333333333333,52.41414336076117
District of Columbia,2020-10-01,2020,October,386.0,false,670958.0,false,57.529681440567074,309.4166666666667,52.37879226163846
District of Columbia,2020-11-01,2020,November,390.0,false,670958.0,false,58.125843942541856,322.1666666666667,50.68052043453334
District of Columbia,2020-12-01,2020,December,384.0,false,670958.0,false,57.23160018957968,334.4166666666667,47.469527705740454
District of Columbia,2021-01-01,2021,January,386.0,false,669637.0,false,57.64317085226772,345.1666666666667,42.159509513563414
District of Columbia,2021-02-01,2021,February,387.0,false,669637.0,false,57.79250549178136,354.1666666666667,37.82215159817266
District of Columbia,2021-03-01,2021,March,393.0,false,669637.0,false,58.68851332886325,363.0,30.93100827207663
District of Columbia,2021-04-01,2021,April,372.0,false,669637.0,false,55.55248589907666,371.1666666666667,23.354319566714896
District of Columbia,2021-05-01,2021,May,375.0,false,669637.0,false,56.000489817617606,375.1666666666667,18.04959497572948
District of Columbia,2021-06-01,2021,June,378.0,false,669637.0,false,56.44849373615855,378.3333333333333,13.506451881387722
District of Columbia,2021-07-01,2021,July,392.0,false,669637.0,false,58.5391786893496,380.6666666666667,10.174239603781283
District of Columbia,2021-08-01,2021,August,385.0,false,669637.0,false,57.493836212754076,383.75,6.703120033373868
District of Columbia,2021-09-01,2021,September,384.0,false,669637.0,false,57.34450157324043,384.3333333333333,6.457319079693187
District of Columbia,2021-10-01,2021,October,381.0,false,669637.0,false,56.89649765469949,384.3333333333333,6.457319079693192
District of Columbia,2021-11-01,2021,November,385.0,false,669637.0,false,57.493836212754076,383.9166666666667,6.501165396692463
District of Columbia,2021-12-01,2021,December,397.0,false,669637.0,false,59.28585188691783,383.5,6.230423887520154
District of Columbia,2022-01-01,2022,January,393.0,false,674501.0,false,58.26529538132634,384.5833333333333,7.354137157636728
District of Columbia,2022-02-01,2022,February,402.0,false,674501.0,false,59.599615122883435,385.1666666666667,7.744010393181111
District of Columbia,2022-03-01,2022,March,397.0,false,674501.0,false,58.85832637757394,386.4166666666667,9.149846827663128
District of Columbia,2022-04-01,2022,April,408.0,false,674501.0,false,60.48916161725483,386.75,9.478444444681264
District of Columbia,2022-05-01,2022,May,399.0,false,674501.0,false,59.154841875697734,389.75,10.064564299832094
District of Columbia,2022-06-01,2022,June,408.0,false,674501.0,false,60.48916161725483,391.75,9.215846037224054
District of Columbia,2022-07-01,2022,July,399.0,false,674501.0,false,59.154841875697734,394.25,9.215846037224038
District of Columbia,2022-08-01,2022,August,404.0,false,674501.0,false,59.89613062100723,394.8333333333333,9.281784050036666
District of Columbia,2022-09-01,2022,September,405.0,false,674501.0,false,60.04438837006913,396.4166666666667,9.07001386521276
District of Columbia,2022-10-01,2022,October,420.0,false,674501.0,false,62.26825460599761,398.1666666666667,8.46203643374693
District of Columbia,2022-11-01,2022,November,425.0,false,674501.0,false,63.009543351307116,401.4166666666667,8.753787059255425
District of Columbia,2022-12-01,2022,December,433.0,false,674501.0,false,64.1956053438023,404.75,9.516731677323996
District of Columbia,2023-01-01,2023,January,434.0,false,682559.0,false,63.58424692956946,407.75,12.158984706418094
District of Columbia,2023-02-01,2023,February,436.0,false,682559.0,false,63.87726189237854,411.1666666666667,13.340528361714034
District of Columbia,2023-03-01,2023,March,460.0,false,682559.0,false,67.39344144608744,414.0,14.752503639598386
District of Columbia,2023-04-01,2023,April,461.0,false,682559.0,false,67.53994892749199,419.25,18.80582598316518
District of Columbia,2023-05-01,2023,May,466.0,false,682559.0,false,68.27248633451467,423.6666666666667,21.89368249823072
District of Columbia,2023-06-01,2023,June,465.0,false,682559.0,false,68.12597885311014,429.25,23.51450229500551
District of Columbia,2023-07-01,2023,July,481.0,false,682559.0,false,70.47009855558274,434.0,24.56531183304102
District of Columbia,2023-08-01,2023,August,489.0,false,682559.0,false,71.64215840681905,440.8333333333333,25.337120928978848
District of Columbia,2023-09-01,2023,September,502.0,false,682559.0,false,73.54675566507804,447.9166666666667,25.97711696976025
District of Columbia,2023-10-01,2023,October,493.0,false,682559.0,false,72.2281883324372,456.0,26.495282598983533
District of Columbia,2023-11-01,2023,November,492.0,false,682559.0,false,72.08168085103266,462.0833333333333,25.850824967786842
District of Columbia,2023-12-01,2023,December,493.0,false,682559.0,false,72.2281883324372,467.6666666666667,24.302387960981548
District of Columbia,2024-01-01,2024,January,481.0,false,691310.0,false,69.57804747508354,472.6666666666667,22.636789578565306
District of Columbia,2024-02-01,2024,February,471.0,false,691310.0,false,68.1315184215475,476.5833333333333,19.133304297306655
District of Columbia,2024-03-01,2024,March,453.0,false,691310.0,false,65.52776612518262,479.5,14.48823974501701
District of Columbia,2024-04-01,2024,April,451.0,false,691310.0,false,65.23846031447542,478.9166666666667,15.453498181984767
District of Columbia,2024-05-01,2024,May,455.0,false,691310.0,false,65.81707193588983,478.0833333333333,16.7248227784242
District of Columbia,2024-06-01,2024,June,440.0,false,691310.0,false,63.64727835558577,477.1666666666667,17.719190076572268
District of Columbia,2024-07-01,2024,July,426.0,false,691310.0,false,61.62213768063532,475.0833333333333,20.526959360949224
District of Columbia,2024-08-01,2024,August,405.0,false,691310.0,false,58.58442666820963,470.5,24.78452596425293
District of Columbia,2024-09-01,2024,September,377.0,false,691310.0,false,54.53414531830872,463.5,30.327005667016856
District of Columbia,2024-10-01,2024,October,365.0,false,691310.0,false,52.798310454065465,453.0833333333333,36.69891832275995
District of Columbia,2024-11-01,2024,November,343.0,false,691310.0,false,49.61594653628618,442.4166666666667,42.227647843850384
District of Columbia,2024-12-01,2024,December,315.0,false,691310.0,false,45.56566518638527,430.0,47.853944456021594
District of Columbia,2025-01-01,2025,January,310.0,false,693645.0,false,44.69144879585379,415.1666666666667,53.771965208872956
District of Columbia,2025-02-01,2025,February,306.0,false,693645.0,false,44.11478494042341,400.9166666666667,57.2831219523348
District of Columbia,2025-03-01,2025,March,290.0,false,693645.0,false,41.80812951870193,387.1666666666667,58.7163185205447
District of Columbia,2025-04-01,2025,April,277.0,false,693645.0,false,39.933971988553225,373.5833333333333,60.91493074672894
District of Columbia,2025-05-01,2025,May,252.0,false,693645.0,false,36.329822892113405,359.0833333333333,61.51785894922688
District of Columbia,2025-06-01,2025,June,240.0,false,693645.0,false,34.59983132582229,342.1666666666667,60.64926490348698
District of Columbia,2025-07-01,2025,July,224.0,false,693645.0,false,32.2931759041008,325.5,58.77151443591451
District of Columbia,2025-08-01,2025,August,211.0,false,693645.0,false,30.419018373952092,308.6666666666667,56.2435181450568
District of Columbia,2025-09-01,2025,September,207.0,false,693645.0,false,29.84235451852172,292.5,53.8676830087138
District of Columbia,2025-10-01,2025,October,211.0,false,693645.0,false,30.419018373952092,278.3333333333333,51.94460919327841
District of Columbia,2025-11-01,2025,November,218.0,false,693645.0,false,31.428180120955243,265.5,47.4121196626885
District of Columbia,2025-12-01,2025,December,222.0,false,693645.0,false,32.004843976385615,255.08333333333334,42.29218353169753
District of Columbia,2026-01-01,2026,January,219.0,false,695988.0,true,31.466059759651028,247.33333333333334,38.68129294946621
District of Columbia,2026-02-01,2026,February,213.0,false,695988.0,true,30.603975930619495,239.75,33.903941846447175
District of Columbia,2026-03-01,2026,March,208.0,false,695988.0,true,29.88557273975988,232.0,27.38612787525832
District of Columbia,2026-04-01,2026,April,197.0,false,695988.0,true,28.305085719868732,225.16666666666666,21.10938323604128
Arizona,2015-01-01,2015,January,5.0,true,6832810.0,false,0.07317633594377716,,
Arizona,2015-02-01,2015,February,5.0,true,6832810.0,false,0.07317633594377716,5.0,
Arizona,2015-03-01,2015,March,5.0,true,6832810.0,false,0.07317633594377716,5.0,0.0
Arizona,2015-04-01,2015,April,5.0,true,6832810.0,false,0.07317633594377716,5.0,0.0
Arizona,2015-05-01,2015,May,5.0,true,6832810.0,false,0.07317633594377716,5.0,0.0
Arizona,2015-06-01,2015,June,5.0,true,6832810.0,false,0.07317633594377716,5.0,0.0
Arizona,2015-07-01,2015,July,5.0,true,6832810.0,false,0.07317633594377716,5.0,0.0
Arizona,2015-08-01,2015,August,5.0,true,6832810.0,false,0.07317633594377716,5.0,0.0
Arizona,2015-09-01,2015,September,5.0,true,6832810.0,false,0.07317633594377716,5.0,0.0
Arizona,2015-10-01,2015,October,5.0,true,6832810.0,false,0.07317633594377716,5.0,0.0
Arizona,2015-11-01,2015,November,5.0,true,6832810.0,false,0.07317633594377716,5.0,0.0
Arizona,2015-12-01,2015,December,5.0,true,6832810.0,false,0.07317633594377716,5.0,0.0
Arizona,2016-01-01,2016,January,5.0,true,6944767.0,false,0.07199665589932679,5.0,0.0
Arizona,2016-02-01,2016,February,5.0,true,6944767.0,false,0.07199665589932679,5.0,0.0
Arizona,2016-03-01,2016,March,5.0,true,6944767.0,false,0.07199665589932679,5.0,0.0
Arizona,2016-04-01,2016,April,5.0,true,6944767.0,false,0.07199665589932679,5.0,0.0
Arizona,2016-05-01,2016,May,5.0,true,6944767.0,false,0.07199665589932679,5.0,0.0
Arizona,2016-06-01,2016,June,5.0,true,6944767.0,false,0.07199665589932679,5.0,0.0
Arizona,2016-07-01,2016,July,5.0,true,6944767.0,false,0.07199665589932679,5.0,0.0
Arizona,2016-08-01,2016,August,5.0,true,6944767.0,false,0.07199665589932679,5.0,0.0
Arizona,2016-09-01,2016,September,5.0,true,6944767.0,false,0.07199665589932679,5.0,0.0
Arizona,2016-10-01,2016,October,5.0,true,6944767.0,false,0.07199665589932679,5.0,0.0
Arizona,2016-11-01,2016,November,5.0,true,6944767.0,false,0.07199665589932679,5.0,0.0
Arizona,2016-12-01,2016,December,5.0,true,6944767.0,false,0.07199665589932679,5.0,0.0
Arizona,2017-01-01,2017,January,5.0,true,7048088.0,false,0.07094122547845601,5.0,0.0
Arizona,2017-02-01,2017,February,5.0,true,7048088.0,false,0.07094122547845601,5.0,0.0
Arizona,2017-03-01,2017,March,5.0,true,7048088.0,false,0.07094122547845601,5.0,0.0
Arizona,2017-04-01,2017,April,5.0,true,7048088.0,false,0.07094122547845601,5.0,0.0
Arizona,2017-05-01,2017,May,5.0,true,7048088.0,false,0.07094122547845601,5.0,0.0
Arizona,2017-06-01,2017,June,195.0,false,7048088.0,false,2.766707793659784,5.0,0.0
Arizona,2017-07-01,2017,July,211.0,false,7048088.0,false,2.9937197151908435,20.833333333333332,54.84827557301445
Arizona,2017-08-01,2017,August,215.0,false,7048088.0,false,3.050472695573608,38.0,77.14684934354976
Arizona,2017-09-01,2017,September,222.0,false,7048088.0,false,3.1497904112434463,55.5,91.46931924769291
Arizona,2017-10-01,2017,October,235.0,false,7048088.0,false,3.3342375974874323,73.58333333333333,101.48036830596917
Arizona,2017-11-01,2017,November,249.0,false,7048088.0,false,3.532873028827109,92.75,108.80518453556421
Arizona,2017-12-01,2017,December,263.0,false,7048088.0,false,3.731508460166786,113.08333333333333,113.60894517705208
Arizona,2018-01-01,2018,January,274.0,false,7164228.0,false,3.8245572307302336,134.58333333333334,115.68881326710684
Arizona,2018-02-01,2018,February,297.0,false,7164228.0,false,4.14559670630248,157.0,114.35113387361676
Arizona,2018-03-01,2018,March,324.0,false,7164228.0,false,4.522469134148159,181.33333333333334,110.05315520100717
Arizona,2018-04-01,2018,April,348.0,false,7164228.0,false,4.857466847788764,207.91666666666666,101.80592796933274
Arizona,2018-05-01,2018,May,358.0,false,7164228.0,false,4.997049228472349,236.5,86.6828073547984
Arizona,2018-06-01,2018,June,379.0,false,7164228.0,false,5.2901722279078776,265.9166666666667,55.135301895895296
Arizona,2018-07-01,2018,July,394.0,false,7164228.0,false,5.499545798933256,281.25,59.06564145084687
Arizona,2018-08-01,2018,August,436.0,false,7164228.0,false,6.085791797804313,296.5,62.78607257259295
Arizona,2018-09-01,2018,September,465.0,false,7164228.0,false,6.49058070178671,314.9166666666667,68.82845385889517
Arizona,2018-10-01,2018,October,478.0,false,7164228.0,false,6.672037796675371,335.1666666666667,74.5176407830977
Arizona,2018-11-01,2018,November,499.0,false,7164228.0,false,6.9651607961109,355.4166666666667,77.76942415456946
Arizona,2018-12-01,2018,December,527.0,false,7164228.0,false,7.355991462024939,376.25,80.12050583056411
Arizona,2019-01-01,2019,January,558.0,false,7291843.0,false,7.652386372004992,398.25,82.40931655186478
Arizona,2019-02-01,2019,February,564.0,false,7291843.0,false,7.734670096435154,421.9166666666667,84.24257003475503
Arizona,2019-03-01,2019,March,570.0,false,7291843.0,false,7.816953820865314,444.1666666666667,83.50703109573612
Arizona,2019-04-01,2019,April,596.0,false,7291843.0,false,8.173516626729347,464.6666666666667,81.49660710543091
Arizona,2019-05-01,2019,May,625.0,false,7291843.0,false,8.57122129480846,485.3333333333333,80.66240910377176
Arizona,2019-06-01,2019,June,627.0,false,7291843.0,false,8.598649202951846,507.5833333333333,79.15629916165672
Arizona,2019-07-01,2019,July,670.0,false,7291843.0,false,9.188349228034669,528.25,74.78712212917166
Arizona,2019-08-01,2019,August,684.0,false,7291843.0,false,9.380344585038378,551.25,72.14017289592914
Arizona,2019-09-01,2019,September,709.0,false,7291843.0,false,9.723193436830716,571.9166666666666,71.64363618675846
Arizona,2019-10-01,2019,October,749.0,false,7291843.0,false,10.271751599698458,592.25,73.15006369226084
Arizona,2019-11-01,2019,November,780.0,false,7291843.0,false,10.696884175920957,614.8333333333334,76.43040010758845
Arizona,2019-12-01,2019,December,824.0,false,7291843.0,false,11.300298155075472,638.25,80.64526700872835
Arizona,2020-01-01,2020,January,870.0,false,7186647.0,false,12.105784519540197,663.0,88.58278100685871
Arizona,2020-02-01,2020,February,910.0,false,7186647.0,false,12.662372313542047,689.0,100.01272646291294
Arizona,2020-03-01,2020,March,985.0,false,7186647.0,false,13.705974427295512,717.8333333333334,110.06926194102698
Arizona,2020-04-01,2020,April,1032.0,false,7186647.0,false,14.359965085247682,752.4166666666666,123.74420708816551
Arizona,2020-05-01,2020,May,1127.0,false,7186647.0,false,15.681861096002072,788.75,136.94665517505845
Arizona,2020-06-01,2020,June,1241.0,false,7186647.0,false,17.26813630890734,830.5833333333334,157.50812869836466
Arizona,2020-07-01,2020,July,1322.0,false,7186647.0,false,18.395226591761084,881.75,183.02415389530123
Arizona,2020-08-01,2020,August,1395.0,false,7186647.0,false,19.410999315814454,936.0833333333334,209.3350764741166
Arizona,2020-09-01,2020,September,1415.0,false,7186647.0,false,19.68929321281538,995.3333333333334,230.99875376811937
Arizona,2020-10-01,2020,October,1451.0,false,7186647.0,false,20.190222227417042,1054.1666666666667,241.12645996856025
Arizona,2020-11-01,2020,November,1500.0,false,7186647.0,false,20.872042275069305,1112.6666666666667,245.47628411031093
Arizona,2020-12-01,2020,December,1519.0,false,7186647.0,false,21.136421477220182,1172.6666666666667,244.7642031660577
Arizona,2021-01-01,2021,January,1549.0,false,7274022.0,false,21.294958964930267,1230.5833333333333,236.86031876627334
Arizona,2021-02-01,2021,February,1578.0,false,7274022.0,false,21.69363799009681,1287.1666666666667,223.62299171651026
Arizona,2021-03-01,2021,March,1593.0,false,7274022.0,false,21.89985127897606,1342.8333333333333,203.43050335918085
Arizona,2021-04-01,2021,April,1640.0,false,7274022.0,false,22.545986250797704,1393.5,180.64455304673461
Arizona,2021-05-01,2021,May,1654.0,false,7274022.0,false,22.738451987085,1444.1666666666667,153.21751225172028
Arizona,2021-06-01,2021,June,1651.0,false,7274022.0,false,22.69720932930915,1488.0833333333333,127.39448991461941
Arizona,2021-07-01,2021,July,1654.0,false,7274022.0,false,22.738451987085,1522.25,108.71407452579453
Arizona,2021-08-01,2021,August,1680.0,false,7274022.0,false,23.095888354475694,1549.9166666666667,94.42597710119364
Arizona,2021-09-01,2021,September,1731.0,false,7274022.0,false,23.797013536665133,1573.6666666666667,87.50722913859833
Arizona,2021-10-01,2021,October,1757.0,false,7274022.0,false,24.15444990405583,1600.0,82.84157937127505
Arizona,2021-11-01,2021,November,1754.0,false,7274022.0,false,24.11320724627998,1625.5,79.84928985851468
Arizona,2021-12-01,2021,December,1792.0,false,7274022.0,false,24.635614244774075,1646.6666666666667,77.17787404706262
Arizona,2022-01-01,2022,January,1786.0,false,7370065.0,false,24.233164836402395,1669.4166666666667,76.35617297583183
Arizona,2022-02-01,2022,February,1804.0,false,7370065.0,false,24.477396060957396,1689.1666666666667,72.9530774892431
Arizona,2022-03-01,2022,March,1807.0,false,7370065.0,false,24.5181012650499,1708.0,70.78520646678552
Arizona,2022-04-01,2022,April,1786.0,false,7370065.0,false,24.233164836402395,1725.8333333333333,65.97221637426881
Arizona,2022-05-01,2022,May,1758.0,false,7370065.0,false,23.853249598205714,1738.0,62.04983334531863
Arizona,2022-06-01,2022,June,1747.0,false,7370065.0,false,23.703997183199878,1746.6666666666667,56.24190177395781
Arizona,2022-07-01,2022,July,1787.0,false,7370065.0,false,24.24673323776656,1754.6666666666667,47.55347866700536
Arizona,2022-08-01,2022,August,1773.0,false,7370065.0,false,24.056775618668222,1765.75,36.07095280642911
Arizona,2022-09-01,2022,September,1762.0,false,7370065.0,false,23.907523203662382,1773.5,23.914620860659504
Arizona,2022-10-01,2022,October,1772.0,false,7370065.0,false,24.04320721730405,1776.0833333333333,20.308790453815003
Arizona,2022-11-01,2022,November,1783.0,false,7370065.0,false,24.19245963230989,1777.3333333333333,19.47181335036655
Arizona,2022-12-01,2022,December,1776.0,false,7370065.0,false,24.097480822760723,1779.75,18.0611335595124
Arizona,2023-01-01,2023,January,1817.0,false,7452073.0,false,24.382477197955524,1778.4166666666667,17.660733709320155
Arizona,2023-02-01,2023,February,1814.0,false,7452073.0,false,24.34221994336341,1781.0,20.850114453577334
Arizona,2023-03-01,2023,March,1830.0,false,7452073.0,false,24.556925301188006,1781.8333333333333,22.019963394129192
Arizona,2023-04-01,2023,April,1842.0,false,7452073.0,false,24.71795431955645,1783.75,25.183418065356836
Arizona,2023-05-01,2023,May,1859.0,false,7452073.0,false,24.946078762245083,1788.4166666666667,30.305890016578736
Arizona,2023-06-01,2023,June,1854.0,false,7452073.0,false,24.878983337924897,1796.8333333333333,34.78461868368977
Arizona,2023-07-01,2023,July,1884.0,false,7452073.0,false,25.281555883846014,1805.75,34.56252568632948
Arizona,2023-08-01,2023,August,1897.0,false,7452073.0,false,25.456003987078493,1813.8333333333333,40.595193027865875
Arizona,2023-09-01,2023,September,1900.0,false,7452073.0,false,25.496261241670606,1824.1666666666667,44.81848915009259
Arizona,2023-10-01,2023,October,1888.0,false,7452073.0,false,25.33523222330216,1835.6666666666667,45.120713512518726
Arizona,2023-11-01,2023,November,1873.0,false,7452073.0,false,25.1339459503416,1845.3333333333333,42.596059001088825
Arizona,2023-12-01,2023,December,1836.0,false,7452073.0,false,24.63743981037223,1852.8333333333333,38.33306982781637
Arizona,2024-01-01,2024,January,1784.0,false,7556424.0,false,23.609051053778877,1857.8333333333333,30.516264913033243
Arizona,2024-02-01,2024,February,1748.0,false,7556424.0,false,23.132635225339392,1855.0833333333333,35.59483704475166
Arizona,2024-03-01,2024,March,1713.0,false,7556424.0,false,22.669453169912117,1849.5833333333333,46.075941924636005
Arizona,2024-04-01,2024,April,1687.0,false,7556424.0,false,22.32537507159471,1839.8333333333333,60.665750908839215
Arizona,2024-05-01,2024,May,1641.0,false,7556424.0,false,21.71662151303315,1826.9166666666667,74.97570313512274
Arizona,2024-06-01,2024,June,1626.0,false,7556424.0,false,21.51811491785003,1808.75,91.15932605758286
Arizona,2024-07-01,2024,July,1572.0,false,7556424.0,false,20.803491175190807,1789.75,103.76032259710139
Arizona,2024-08-01,2024,August,1538.0,false,7556424.0,false,20.35354289277574,1763.75,116.32565964097988
Arizona,2024-09-01,2024,September,1499.0,false,7556424.0,false,19.83742574529963,1733.8333333333333,124.7964403144238
Arizona,2024-10-01,2024,October,1457.0,false,7556424.0,false,19.281607278786897,1700.4166666666667,129.8428829101705
Arizona,2024-11-01,2024,November,1471.0,false,7556424.0,false,19.46688010095781,1664.5,132.8139505268383
Arizona,2024-12-01,2024,December,1525.0,false,7556424.0,false,20.181503843617033,1631.0,125.964641503443
Arizona,2025-01-01,2025,January,1599.0,false,7623818.0,false,20.973743077287523,1605.0833333333333,111.06464811363718
Arizona,2025-02-01,2025,February,1685.0,false,7623818.0,false,22.101786795015304,1589.6666666666667,95.7566359754421
Arizona,2025-03-01,2025,March,1745.0,false,7623818.0,false,22.88879403994167,1584.4166666666667,87.67238430484805
Arizona,2025-04-01,2025,April,1805.0,false,7623818.0,false,23.67580128486803,1587.0833333333333,92.30331259034809
Arizona,2025-05-01,2025,May,1871.0,false,7623818.0,false,24.541509254287025,1596.9166666666667,108.7377648986381
Arizona,2025-06-01,2025,June,1917.0,false,7623818.0,false,25.144881475397234,1616.0833333333333,134.44597315267467
Arizona,2025-07-01,2025,July,1901.0,false,7623818.0,false,24.935012876750204,1640.3333333333333,160.1784989165258
Arizona,2025-08-01,2025,August,1929.0,false,7623818.0,false,25.302282924382506,1667.75,174.8989968264801
Arizona,2025-09-01,2025,September,1971.0,false,7623818.0,false,25.85318799583096,1700.3333333333333,184.6772778922652
Arizona,2025-10-01,2025,October,2017.0,false,7623818.0,false,26.45656021694117,1739.6666666666667,188.13019347507645
Arizona,2025-11-01,2025,November,2019.0,false,7623818.0,false,26.482793791772053,1786.3333333333333,180.9577214978598
Arizona,2025-12-01,2025,December,2018.0,false,7623818.0,false,26.469677004356612,1832.0,162.33411112998908
Arizona,2026-01-01,2026,January,1987.0,false,7691813.0,true,25.8326612984481,1873.0833333333333,138.15962989720742
Arizona,2026-02-01,2026,February,1970.0,false,7691813.0,true,25.61164708502404,1905.4166666666667,110.89672372677805
Arizona,2026-03-01,2026,March,1931.0,false,7691813.0,true,25.104614477757064,1929.1666666666667,87.43707694246433
Arizona,2026-04-01,2026,April,1885.0,false,7691813.0,true,24.50657601790371,1944.6666666666667,65.5748473582715
Kansas,2015-01-01,2015,January,5.0,true,2910717.0,false,0.17177898091776012,,
Kansas,2015-02-01,2015,February,5.0,true,2910717.0,false,0.17177898091776012,5.0,
Kansas,2015-03-01,2015,March,5.0,true,2910717.0,false,0.17177898091776012,5.0,0.0
Kansas,2015-04-01,2015,April,5.0,true,2910717.0,false,0.17177898091776012,5.0,0.0
Kansas,2015-05-01,2015,May,5.0,true,2910717.0,false,0.17177898091776012,5.0,0.0
Kansas,2015-06-01,2015,June,5.0,true,2910717.0,false,0.17177898091776012,5.0,0.0
Kansas,2015-07-01,2015,July,5.0,true,2910717.0,false,0.17177898091776012,5.0,0.0
Kansas,2015-08-01,2015,August,5.0,true,2910717.0,false,0.17177898091776012,5.0,0.0
Kansas,2015-09-01,2015,September,5.0,true,2910717.0,false,0.17177898091776012,5.0,0.0
Kansas,2015-10-01,2015,October,5.0,true,2910717.0,false,0.17177898091776012,5.0,0.0
Kansas,2015-11-01,2015,November,5.0,true,2910717.0,false,0.17177898091776012,5.0,0.0
Kansas,2015-12-01,2015,December,5.0,true,2910717.0,false,0.17177898091776012,5.0,0.0
Kansas,2016-01-01,2016,January,5.0,true,2912977.0,false,0.17164570815354874,5.0,0.0
Kansas,2016-02-01,2016,February,5.0,true,2912977.0,false,0.17164570815354874,5.0,0.0
Kansas,2016-03-01,2016,March,5.0,true,2912977.0,false,0.17164570815354874,5.0,0.0
Kansas,2016-04-01,2016,April,5.0,true,2912977.0,false,0.17164570815354874,5.0,0.0
Kansas,2016-05-01,2016,May,5.0,true,2912977.0,false,0.17164570815354874,5.0,0.0
Kansas,2016-06-01,2016,June,5.0,true,2912977.0,false,0.17164570815354874,5.0,0.0
Kansas,2016-07-01,2016,July,5.0,true,2912977.0,false,0.17164570815354874,5.0,0.0
Kansas,2016-08-01,2016,August,5.0,true,2912977.0,false,0.17164570815354874,5.0,0.0
Kansas,2016-09-01,2016,September,5.0,true,2912977.0,false,0.17164570815354874,5.0,0.0
Kansas,2016-10-01,2016,October,5.0,true,2912977.0,false,0.17164570815354874,5.0,0.0
Kansas,2016-11-01,2016,November,5.0,true,2912977.0,false,0.17164570815354874,5.0,0.0
Kansas,2016-12-01,2016,December,5.0,true,2912977.0,false,0.17164570815354874,5.0,0.0
Kansas,2017-01-01,2017,January,5.0,true,2910892.0,false,0.171768653732258,5.0,0.0
Kansas,2017-02-01,2017,February,5.0,true,2910892.0,false,0.171768653732258,5.0,0.0
Kansas,2017-03-01,2017,March,5.0,true,2910892.0,false,0.171768653732258,5.0,0.0
Kansas,2017-04-01,2017,April,5.0,true,2910892.0,false,0.171768653732258,5.0,0.0
Kansas,2017-05-01,2017,May,5.0,true,2910892.0,false,0.171768653732258,5.0,0.0
Kansas,2017-06-01,2017,June,5.0,true,2910892.0,false,0.171768653732258,5.0,0.0
Kansas,2017-07-01,2017,July,5.0,true,2910892.0,false,0.171768653732258,5.0,0.0
Kansas,2017-08-01,2017,August,5.0,true,2910892.0,false,0.171768653732258,5.0,0.0
Kansas,2017-09-01,2017,September,5.0,true,2910892.0,false,0.171768653732258,5.0,0.0
Kansas,2017-10-01,2017,October,5.0,true,2910892.0,false,0.171768653732258,5.0,0.0
Kansas,2017-11-01,2017,November,5.0,true,2910892.0,false,0.171768653732258,5.0,0.0
Kansas,2017-12-01,2017,December,5.0,true,2910892.0,false,0.171768653732258,5.0,0.0
Kansas,2018-01-01,2018,January,5.0,true,2912748.0,false,0.1716592029245235,5.0,0.0
Kansas,2018-02-01,2018,February,5.0,true,2912748.0,false,0.1716592029245235,5.0,0.0
Kansas,2018-03-01,2018,March,5.0,true,2912748.0,false,0.1716592029245235,5.0,0.0
Kansas,2018-04-01,2018,April,5.0,true,2912748.0,false,0.1716592029245235,5.0,0.0
Kansas,2018-05-01,2018,May,5.0,true,2912748.0,false,0.1716592029245235,5.0,0.0
Kansas,2018-06-01,2018,June,5.0,true,2912748.0,false,0.1716592029245235,5.0,0.0
Kansas,2018-07-01,2018,July,5.0,true,2912748.0,false,0.1716592029245235,5.0,0.0
Kansas,2018-08-01,2018,August,5.0,true,2912748.0,false,0.1716592029245235,5.0,0.0
Kansas,2018-09-01,2018,September,5.0,true,2912748.0,false,0.1716592029245235,5.0,0.0
Kansas,2018-10-01,2018,October,5.0,true,2912748.0,false,0.1716592029245235,5.0,0.0
Kansas,2018-11-01,2018,November,5.0,true,2912748.0,false,0.1716592029245235,5.0,0.0
Kansas,2018-12-01,2018,December,5.0,true,2912748.0,false,0.1716592029245235,5.0,0.0
Kansas,2019-01-01,2019,January,5.0,true,2912635.0,false,0.1716658626982097,5.0,0.0
Kansas,2019-02-01,2019,February,5.0,true,2912635.0,false,0.1716658626982097,5.0,0.0
Kansas,2019-03-01,2019,March,5.0,true,2912635.0,false,0.1716658626982097,5.0,0.0
Kansas,2019-04-01,2019,April,5.0,true,2912635.0,false,0.1716658626982097,5.0,0.0
Kansas,2019-05-01,2019,May,5.0,true,2912635.0,false,0.1716658626982097,5.0,0.0
Kansas,2019-06-01,2019,June,5.0,true,2912635.0,false,0.1716658626982097,5.0,0.0
Kansas,2019-07-01,2019,July,5.0,true,2912635.0,false,0.1716658626982097,5.0,0.0
Kansas,2019-08-01,2019,August,64.0,false,2912635.0,false,2.1973230425370844,5.0,0.0
Kansas,2019-09-01,2019,September,67.0,false,2912635.0,false,2.30032256015601,9.916666666666666,17.03183294109396
Kansas,2019-10-01,2019,October,62.0,false,2912635.0,false,2.1286566974578003,15.083333333333334,23.558277191730816
Kansas,2019-11-01,2019,November,65.0,false,2912635.0,false,2.2316562150767263,19.833333333333332,26.855956960094055
Kansas,2019-12-01,2019,December,68.0,false,2912635.0,false,2.334655732695652,24.833333333333332,29.3159383684753
Kansas,2020-01-01,2020,January,76.0,false,2938274.0,false,2.5865525134824052,30.083333333333332,31.03211923543773
Kansas,2020-02-01,2020,February,80.0,false,2938274.0,false,2.7226868562972686,36.0,32.54647027363686
Kansas,2020-03-01,2020,March,80.0,false,2938274.0,false,2.7226868562972686,42.25,33.245984036353235
Kansas,2020-04-01,2020,April,80.0,false,2938274.0,false,2.7226868562972686,48.5,32.651047595611836
Kansas,2020-05-01,2020,May,90.0,false,2938274.0,false,3.0630227133344268,54.75,30.686464294686846
Kansas,2020-06-01,2020,June,104.0,false,2938274.0,false,3.539492913186449,61.833333333333336,27.83664469505597
Kansas,2020-07-01,2020,July,117.0,false,2938274.0,false,3.9819295273347546,70.08333333333333,23.845938603434924
Kansas,2020-08-01,2020,August,117.0,false,2938274.0,false,3.9819295273347546,79.41666666666667,16.98907848821672
Kansas,2020-09-01,2020,September,119.0,false,2938274.0,false,4.049996698742187,83.83333333333333,19.342996540130876
Kansas,2020-10-01,2020,October,131.0,false,2938274.0,false,4.4583997271867775,88.16666666666667,20.984120980716185
Kansas,2020-11-01,2020,November,135.0,false,2938274.0,false,4.59453407000164,93.91666666666667,22.55683058544808
Kansas,2020-12-01,2020,December,159.0,false,2938274.0,false,5.4113401268908214,99.75,23.4331738431574
Kansas,2021-01-01,2021,January,169.0,false,2938966.0,false,5.750321711785709,107.33333333333333,26.71851021069079
Kansas,2021-02-01,2021,February,183.0,false,2938966.0,false,6.2266797234129285,115.08333333333333,30.080069914489993
Kansas,2021-03-01,2021,March,206.0,false,2938966.0,false,7.00926788537193,123.66666666666667,33.643406306121676
Kansas,2021-04-01,2021,April,231.0,false,2938966.0,false,7.859907191849106,134.16666666666666,38.138106291675676
Kansas,2021-05-01,2021,May,241.0,false,2938966.0,false,8.200162914439977,146.75,43.21431791347947
Kansas,2021-06-01,2021,June,249.0,false,2938966.0,false,8.472367492512673,159.33333333333334,47.00548001579339
Kansas,2021-07-01,2021,July,265.0,false,2938966.0,false,9.016776648658066,171.41666666666666,50.02809816553699
Kansas,2021-08-01,2021,August,305.0,false,2938966.0,false,10.377799539021547,183.75,53.51486624379165
Kansas,2021-09-01,2021,September,332.0,false,2938966.0,false,11.296489990016898,199.41666666666666,59.39307938462088
Kansas,2021-10-01,2021,October,341.0,false,2938966.0,false,11.60272014034868,217.16666666666666,64.76086547421751
Kansas,2021-11-01,2021,November,349.0,false,2938966.0,false,11.874924718421378,234.66666666666666,67.66808477391463
Kansas,2021-12-01,2021,December,344.0,false,2938966.0,false,11.704796857125942,252.5,67.21133562401239
Kansas,2022-01-01,2022,January,348.0,false,2938034.0,false,11.844655303512486,267.9166666666667,64.99574578152765
Kansas,2022-02-01,2022,February,354.0,false,2938034.0,false,12.048873498400631,282.8333333333333,60.623777713389195
Kansas,2022-03-01,2022,March,362.0,false,2938034.0,false,12.321164424918159,297.0833333333333,54.84599651144405
Kansas,2022-04-01,2022,April,367.0,false,2938034.0,false,12.491346253991615,310.0833333333333,49.5240223313776
Kansas,2022-05-01,2022,May,376.0,false,2938034.0,false,12.797673546323836,321.4166666666667,45.14916355478773
Kansas,2022-06-01,2022,June,386.0,false,2938034.0,false,13.138037204470743,332.6666666666667,39.791121287711086
Kansas,2022-07-01,2022,July,385.0,false,2938034.0,false,13.104000838656054,344.0833333333333,32.60914075234214
Kansas,2022-08-01,2022,August,373.0,false,2938034.0,false,12.695564448879761,354.0833333333333,23.19270392066252
Kansas,2022-09-01,2022,September,374.0,false,2938034.0,false,12.729600814694452,359.75,17.787252841188376
Kansas,2022-10-01,2022,October,383.0,false,2938034.0,false,13.035928107026672,363.25,15.85803495794082
Kansas,2022-11-01,2022,November,404.0,false,2938034.0,false,13.750691789135184,366.75,15.118471543717028
Kansas,2022-12-01,2022,December,421.0,false,2938034.0,false,14.329310007984931,371.3333333333333,17.411246800603205
Kansas,2023-01-01,2023,January,435.0,false,2949749.0,false,14.747017458095586,377.75,20.360947468577727
Kansas,2023-02-01,2023,February,438.0,false,2949749.0,false,14.84872102677211,385.0,23.973470185337646
Kansas,2023-03-01,2023,March,436.0,false,2949749.0,false,14.780918647654428,392.0,26.254004023628983
Kansas,2023-04-01,2023,April,428.0,false,2949749.0,false,14.509709131183703,398.1666666666667,27.239120708453427
Kansas,2023-05-01,2023,May,422.0,false,2949749.0,false,14.306301993830662,403.25,26.577930010374466
Kansas,2023-06-01,2023,June,429.0,false,2949749.0,false,14.543610320742545,407.0833333333333,25.589267399841813
Kansas,2023-07-01,2023,July,417.0,false,2949749.0,false,14.13679604603646,410.6666666666667,25.378349159482497
Kansas,2023-08-01,2023,August,405.0,false,2949749.0,false,13.729981771330374,413.3333333333333,24.084447389562552
Kansas,2023-09-01,2023,September,386.0,false,2949749.0,false,13.085859169712405,416.0,20.75397004737343
Kansas,2023-10-01,2023,October,380.0,false,2949749.0,false,12.882452032359364,417.0,18.737420022268513
Kansas,2023-11-01,2023,November,366.0,false,2949749.0,false,12.407835378535598,416.75,19.245424485741108
Kansas,2023-12-01,2023,December,347.0,false,2949749.0,false,11.763712776917629,413.5833333333333,24.058483037394666
Kansas,2024-01-01,2024,January,334.0,false,2965252.0,false,11.263798152737102,407.4166666666667,30.583591362135056
Kansas,2024-02-01,2024,February,328.0,false,2965252.0,false,11.061454473346616,399.0,35.76183847216322
Kansas,2024-03-01,2024,March,325.0,false,2965252.0,false,10.960282633651373,389.8333333333333,38.82322016837894
Kansas,2024-04-01,2024,April,322.0,false,2965252.0,false,10.859110793956129,380.5833333333333,40.02830437971549
Kansas,2024-05-01,2024,May,316.0,false,2965252.0,false,10.656767114565643,371.75,40.30818775385467
Kansas,2024-06-01,2024,June,300.0,false,2965252.0,false,10.117183969524344,362.9166666666667,39.90775348073086
Kansas,2024-07-01,2024,July,294.0,false,2965252.0,false,9.914840290133858,352.1666666666667,37.807727284567676
Kansas,2024-08-01,2024,August,289.0,false,2965252.0,false,9.746220557308451,341.9166666666667,35.21739842059818
Kansas,2024-09-01,2024,September,291.0,false,2965252.0,false,9.813668450438614,332.25,32.11095819753184
Kansas,2024-10-01,2024,October,279.0,false,2965252.0,false,9.40898109165764,324.3333333333333,29.236755613232443
Kansas,2024-11-01,2024,November,275.0,false,2965252.0,false,9.274085305397316,315.9166666666667,26.12716570695697
Kansas,2024-12-01,2024,December,286.0,false,2965252.0,false,9.645048717613207,308.3333333333333,23.325106774902576
Kansas,2025-01-01,2025,January,288.0,false,2977220.0,false,9.673453758875729,303.25,20.622692708408728
Kansas,2025-02-01,2025,February,284.0,false,2977220.0,false,9.5391002344469,299.4166666666667,18.559282574953425
Kansas,2025-03-01,2025,March,275.0,false,2977220.0,false,9.236804804482034,295.75,16.646730500721038
Kansas,2025-04-01,2025,April,265.0,false,2977220.0,false,8.90092099340996,291.5833333333333,14.816810682055662
Kansas,2025-05-01,2025,May,256.0,false,2977220.0,false,8.598625563445093,286.8333333333333,13.231047050804646
Kansas,2025-06-01,2025,June,249.0,false,2977220.0,false,8.363506895694641,281.8333333333333,12.525126261989833
Kansas,2025-07-01,2025,July,263.0,false,2977220.0,false,8.833744231195544,277.5833333333333,14.323904580254707
Kansas,2025-08-01,2025,August,259.0,false,2977220.0,false,8.699390706766716,275.0,13.882624850051705
Kansas,2025-09-01,2025,September,256.0,false,2977220.0,false,8.598625563445093,272.5,13.83342460721992
Kansas,2025-10-01,2025,October,256.0,false,2977220.0,false,8.598625563445093,269.5833333333333,13.255930633859577
Kansas,2025-11-01,2025,November,247.0,false,2977220.0,false,8.296330133480227,267.6666666666667,13.432209141620877
Kansas,2025-12-01,2025,December,228.0,false,2977220.0,false,7.658150892443286,265.3333333333333,14.43690556955481
Kansas,2026-01-01,2026,January,216.0,false,2989236.0,true,7.225926624729529,260.5,16.456554372595182
Kansas,2026-02-01,2026,February,207.0,false,2989236.0,true,6.924846348699132,254.5,18.515349897265835
Kansas,2026-03-01,2026,March,202.0,false,2989236.0,true,6.757579528682245,248.08333333333334,20.5888687195658
Kansas,2026-04-01,2026,April,199.0,false,2989236.0,true,6.657219436672113,242.0,22.599275933694706
New Mexico,2015-01-01,2015,January,67.0,false,2090071.0,false,3.205632727309264,,
New Mexico,2015-02-01,2015,February,61.0,false,2090071.0,false,2.9185611397890314,67.0,
New Mexico,2015-03-01,2015,March,59.0,false,2090071.0,false,2.8228706106156203,64.0,4.242640687119285
New Mexico,2015-04-01,2015,April,56.0,false,2090071.0,false,2.6793348168555036,62.333333333333336,4.163331998932266
New Mexico,2015-05-01,2015,May,57.0,false,2090071.0,false,2.727180081442209,60.75,4.645786621588786
New Mexico,2015-06-01,2015,June,61.0,false,2090071.0,false,2.9185611397890314,60.0,4.358898943540674
New Mexico,2015-07-01,2015,July,59.0,false,2090071.0,false,2.8228706106156203,60.166666666666664,3.9200340134578773
New Mexico,2015-08-01,2015,August,60.0,false,2090071.0,false,2.870715875202326,60.0,3.60555127546399
New Mexico,2015-09-01,2015,September,57.0,false,2090071.0,false,2.727180081442209,60.0,3.3380918415851215
New Mexico,2015-10-01,2015,October,57.0,false,2090071.0,false,2.727180081442209,59.666666666666664,3.278719262151001
New Mexico,2015-11-01,2015,November,48.0,false,2090071.0,false,2.2965727001618603,59.4,3.2041639575194445
New Mexico,2015-12-01,2015,December,41.0,false,2090071.0,false,1.9616558480549224,58.36363636363637,4.58852323242952
New Mexico,2016-01-01,2016,January,39.0,false,2092555.0,false,1.8637502956911527,56.916666666666664,6.653206107971667
New Mexico,2016-02-01,2016,February,44.0,false,2092555.0,false,2.1026926412925824,54.583333333333336,7.633161305458667
New Mexico,2016-03-01,2016,March,47.0,false,2092555.0,false,2.2460580486534405,53.166666666666664,7.906652358308888
New Mexico,2016-04-01,2016,April,48.0,false,2092555.0,false,2.2938465177737264,52.166666666666664,7.860526622808347
New Mexico,2016-05-01,2016,May,56.0,false,2092555.0,false,2.676154270736014,51.5,7.845091111354574
New Mexico,2016-06-01,2016,June,57.0,false,2092555.0,false,2.7239427398563003,51.416666666666664,7.786448990315668
New Mexico,2016-07-01,2016,July,56.0,false,2092555.0,false,2.676154270736014,51.083333333333336,7.415687712034823
New Mexico,2016-08-01,2016,August,58.0,false,2092555.0,false,2.771731208976586,50.833333333333336,7.171069824248152
New Mexico,2016-09-01,2016,September,60.0,false,2092555.0,false,2.867308147217158,50.666666666666664,6.958752935996681
New Mexico,2016-10-01,2016,October,62.0,false,2092555.0,false,2.96288508545773,50.916666666666664,7.254570137422883
New Mexico,2016-11-01,2016,November,70.0,false,2092555.0,false,3.345192838420018,51.333333333333336,7.761599335344762
New Mexico,2016-12-01,2016,December,78.0,false,2092555.0,false,3.7275005913823054,53.166666666666664,9.340365316325926
New Mexico,2017-01-01,2017,January,82.0,false,2092844.0,false,3.9181133424182595,56.25,10.930565983848812
New Mexico,2017-02-01,2017,February,79.0,false,2092844.0,false,3.774767732329787,59.833333333333336,11.776967763264437
New Mexico,2017-03-01,2017,March,81.0,false,2092844.0,false,3.8703314723887683,62.75,11.833119929787209
New Mexico,2017-04-01,2017,April,79.0,false,2092844.0,false,3.774767732329787,65.58333333333333,11.789504834488351
New Mexico,2017-05-01,2017,May,71.0,false,2092844.0,false,3.3925127720938586,68.16666666666667,10.953067925001518
New Mexico,2017-06-01,2017,June,69.0,false,2092844.0,false,3.296949032034877,69.41666666666667,10.273163037150672
New Mexico,2017-07-01,2017,July,76.0,false,2092844.0,false,3.6314221222413137,70.41666666666667,9.51036117594751
New Mexico,2017-08-01,2017,August,77.0,false,2092844.0,false,3.6792039922708044,72.08333333333333,8.447251659922337
New Mexico,2017-09-01,2017,September,76.0,false,2092844.0,false,3.6314221222413137,73.66666666666667,7.265526738501398
New Mexico,2017-10-01,2017,October,77.0,false,2092844.0,false,3.6792039922708044,75.0,5.862050525510366
New Mexico,2017-11-01,2017,November,74.0,false,2092844.0,false,3.535858382182332,76.25,4.2022721126898634
New Mexico,2017-12-01,2017,December,75.0,false,2092844.0,false,3.583640252211823,76.58333333333333,3.8009169547583754
New Mexico,2018-01-01,2018,January,76.0,false,2093754.0,false,3.629843811641673,76.33333333333333,3.7979260688226195
New Mexico,2018-02-01,2018,February,78.0,false,2093754.0,false,3.725366017211191,75.83333333333333,3.3529724488018458
New Mexico,2018-03-01,2018,March,81.0,false,2093754.0,false,3.8686493255654675,75.75,3.2787192621510006
New Mexico,2018-04-01,2018,April,83.0,false,2093754.0,false,3.9641715311349857,75.75,3.2787192621510006
New Mexico,2018-05-01,2018,May,87.0,false,2093754.0,false,4.155215942274021,76.08333333333333,3.800916954758378
New Mexico,2018-06-01,2018,June,93.0,false,2093754.0,false,4.441782558982574,77.41666666666667,4.58174903747732
New Mexico,2018-07-01,2018,July,96.0,false,2093754.0,false,4.5850658673368505,79.41666666666667,5.680242205676758
New Mexico,2018-08-01,2018,August,98.0,false,2093754.0,false,4.680588072906368,81.08333333333333,7.292067088572511
New Mexico,2018-09-01,2018,September,97.0,false,2093754.0,false,4.632826970121609,82.83333333333333,8.621678104251709
New Mexico,2018-10-01,2018,October,94.0,false,2093754.0,false,4.489543661767333,84.58333333333333,9.21913359499819
New Mexico,2018-11-01,2018,November,96.0,false,2093754.0,false,4.5850658673368505,86.0,9.253991767684022
New Mexico,2018-12-01,2018,December,103.0,false,2093754.0,false,4.919393586830163,87.83333333333333,8.830045128406589
New Mexico,2019-01-01,2019,January,100.0,false,2099634.0,false,4.7627348385480515,90.16666666666667,8.830045128406587
New Mexico,2019-02-01,2019,February,104.0,false,2099634.0,false,4.953244232089974,92.16666666666667,8.009464098896691
New Mexico,2019-03-01,2019,March,102.0,false,2099634.0,false,4.857989535319012,94.33333333333333,7.3154050820956895
New Mexico,2019-04-01,2019,April,110.0,false,2099634.0,false,5.239008322402857,96.08333333333333,6.273440890457206
New Mexico,2019-05-01,2019,May,113.0,false,2099634.0,false,5.381890367559299,98.33333333333333,5.9898904730210125
New Mexico,2019-06-01,2019,June,117.0,false,2099634.0,false,5.572399761101221,100.5,6.215815605080612
New Mexico,2019-07-01,2019,July,119.0,false,2099634.0,false,5.667654457872182,102.5,7.342281042638649
New Mexico,2019-08-01,2019,August,122.0,false,2099634.0,false,5.810536503028623,104.41666666666667,8.414903805784476
New Mexico,2019-09-01,2019,September,147.0,false,2099634.0,false,7.001220212665636,106.41666666666667,9.52945990392981
New Mexico,2019-10-01,2019,October,155.0,false,2099634.0,false,7.38223899974948,110.58333333333333,14.612935324153009
New Mexico,2019-11-01,2019,November,162.0,false,2099634.0,false,7.715630438447844,115.66666666666667,18.430870020076902
New Mexico,2019-12-01,2019,December,156.0,false,2099634.0,false,7.429866348134961,121.16666666666667,21.603170362170683
New Mexico,2020-01-01,2020,January,161.0,false,2118446.0,false,7.5999105004328635,125.58333333333333,22.92857817156784
New Mexico,2020-02-01,2020,February,163.0,false,2118446.0,false,7.694319326525198,130.66666666666666,23.495969996163304
New Mexico,2020-03-01,2020,March,179.0,false,2118446.0,false,8.449589935263868,135.58333333333334,23.58141923916652
New Mexico,2020-04-01,2020,April,191.0,false,2118446.0,false,9.01604289181787,142.0,24.08318915758458
New Mexico,2020-05-01,2020,May,205.0,false,2118446.0,false,9.676904674464206,148.75,25.602290380496683
New Mexico,2020-06-01,2020,June,230.0,false,2118446.0,false,10.857015000618379,156.41666666666666,27.619026160612652
New Mexico,2020-07-01,2020,July,243.0,false,2118446.0,false,11.470672370218546,165.83333333333334,31.89138764714709
New Mexico,2020-08-01,2020,August,267.0,false,2118446.0,false,12.60357828332655,176.16666666666666,35.24932838388771
New Mexico,2020-09-01,2020,September,274.0,false,2118446.0,false,12.93400917464972,188.25,39.57989618250889
New Mexico,2020-10-01,2020,October,282.0,false,2118446.0,false,13.311644479019053,198.83333333333334,44.25100580948997
New Mexico,2020-11-01,2020,November,297.0,false,2118446.0,false,14.019710674711558,209.41666666666666,47.854815153057835
New Mexico,2020-12-01,2020,December,315.0,false,2118446.0,false,14.869390109542561,220.66666666666666,51.42926887453969
New Mexico,2021-01-01,2021,January,333.0,false,2117300.0,false,15.727577575213715,233.91666666666666,53.686731615131414
New Mexico,2021-02-01,2021,February,354.0,false,2117300.0,false,16.719406791668632,248.25,55.383169415856436
New Mexico,2021-03-01,2021,March,377.0,false,2117300.0,false,17.80569593350021,264.1666666666667,56.097047942639435
New Mexico,2021-04-01,2021,April,411.0,false,2117300.0,false,19.411514664903414,280.6666666666667,57.86085713052295
New Mexico,2021-05-01,2021,May,449.0,false,2117300.0,false,21.206253247059937,299.0,61.599881936132434
New Mexico,2021-06-01,2021,June,464.0,false,2117300.0,false,21.914702687384874,319.3333333333333,67.71777440005665
New Mexico,2021-07-01,2021,July,501.0,false,2117300.0,false,23.662211306853067,338.8333333333333,73.12981400885481
New Mexico,2021-08-01,2021,August,530.0,false,2117300.0,false,25.031880224814625,360.3333333333333,79.99696963957544
New Mexico,2021-09-01,2021,September,538.0,false,2117300.0,false,25.40971992632126,382.25,87.75288133057616
New Mexico,2021-10-01,2021,October,560.0,false,2117300.0,false,26.448779105464507,404.25,91.17328655817002
New Mexico,2021-11-01,2021,November,580.0,false,2117300.0,false,27.393378359231097,427.4166666666667,92.59438264262955
New Mexico,2021-12-01,2021,December,595.0,false,2117300.0,false,28.10182779955604,451.0,92.39736320519499
New Mexico,2022-01-01,2022,January,619.0,false,2112859.0,false,29.29679642607481,474.3333333333333,90.26056556974198
New Mexico,2022-02-01,2022,February,660.0,false,2112859.0,false,31.237295058496567,498.1666666666667,87.2580637933807
New Mexico,2022-03-01,2022,March,663.0,false,2112859.0,false,31.379282763307916,523.6666666666666,86.00035236009565
New Mexico,2022-04-01,2022,April,655.0,false,2112859.0,false,31.00064888381099,547.5,81.15249394028059
New Mexico,2022-05-01,2022,May,645.0,false,2112859.0,false,30.527356534439825,567.8333333333334,74.10414456981636
New Mexico,2022-06-01,2022,June,639.0,false,2112859.0,false,30.24338112481713,584.1666666666666,66.76802900318157
New Mexico,2022-07-01,2022,July,614.0,false,2112859.0,false,29.060150251389228,598.75,56.449696029457776
New Mexico,2022-08-01,2022,August,600.0,false,2112859.0,false,28.397540962269606,608.1666666666666,47.35328218121029
New Mexico,2022-09-01,2022,September,609.0,false,2112859.0,false,28.823504076703653,614.0,40.69174586839672
New Mexico,2022-10-01,2022,October,625.0,false,2112859.0,false,29.580771835697508,619.9166666666666,33.087922359383754
New Mexico,2022-11-01,2022,November,630.0,false,2112859.0,false,29.81741801038309,625.3333333333334,27.180652655664453
New Mexico,2022-12-01,2022,December,640.0,false,2112859.0,false,30.290710359754247,629.5,23.130067012440755
New Mexico,2023-01-01,2023,January,638.0,false,2119349.0,false,30.103583694804396,633.25,20.52991165902261
New Mexico,2023-02-01,2023,February,602.0,false,2119349.0,false,28.404948878169662,634.8333333333334,20.058248511107184
New Mexico,2023-03-01,2023,March,614.0,false,2119349.0,false,28.971160483714577,630.0,20.427254521171644
New Mexico,2023-04-01,2023,April,626.0,false,2119349.0,false,29.537372089259485,625.9166666666666,17.982103898211157
New Mexico,2023-05-01,2023,May,620.0,false,2119349.0,false,29.254266286487027,623.5,15.494867185326523
New Mexico,2023-06-01,2023,June,644.0,false,2119349.0,false,30.38668949757685,621.4166666666666,13.944424322895857
New Mexico,2023-07-01,2023,July,664.0,false,2119349.0,false,31.330375506818367,621.8333333333334,14.577899420532148
New Mexico,2023-08-01,2023,August,672.0,false,2119349.0,false,31.707849910514973,626.0,18.698565817633284
New Mexico,2023-09-01,2023,September,672.0,false,2119349.0,false,31.707849910514973,632.0,21.006492502860333
New Mexico,2023-10-01,2023,October,663.0,false,2119349.0,false,31.283191206356292,637.25,22.551456312579532
New Mexico,2023-11-01,2023,November,655.0,false,2119349.0,false,30.905716802659683,640.4166666666666,23.329491025634297
New Mexico,2023-12-01,2023,December,655.0,false,2119349.0,false,30.905716802659683,642.5,23.43074902771995
New Mexico,2024-01-01,2024,January,639.0,false,2126774.0,false,30.04550554031599,643.75,23.68399920160906
New Mexico,2024-02-01,2024,February,636.0,false,2126774.0,false,29.904446828859104,643.8333333333334,23.663678855361784
New Mexico,2024-03-01,2024,March,613.0,false,2126774.0,false,28.822996707689672,646.6666666666666,19.942341128788502
New Mexico,2024-04-01,2024,April,593.0,false,2126774.0,false,27.882605297977126,646.5833333333334,20.09277723386435
New Mexico,2024-05-01,2024,May,587.0,false,2126774.0,false,27.60048787506336,643.8333333333334,24.858996298517322
New Mexico,2024-06-01,2024,June,548.0,false,2126774.0,false,25.76672462612388,641.0833333333334,29.18423713187817
New Mexico,2024-07-01,2024,July,523.0,false,2126774.0,false,24.5912353639832,633.0833333333334,39.60821387112279
New Mexico,2024-08-01,2024,August,499.0,false,2126774.0,false,23.462765672328135,621.3333333333334,49.325142645203705
New Mexico,2024-09-01,2024,September,478.0,false,2126774.0,false,22.475354692129958,606.9166666666666,57.735223742582505
New Mexico,2024-10-01,2024,October,452.0,false,2126774.0,false,21.252845859503644,590.75,64.60667711059538
New Mexico,2024-11-01,2024,November,436.0,false,2126774.0,false,20.500532731733603,573.1666666666666,71.50058274820795
New Mexico,2024-12-01,2024,December,428.0,false,2126774.0,false,20.12437616784858,554.9166666666666,76.48940310839659
New Mexico,2025-01-01,2025,January,439.0,false,2125498.0,false,20.65398320770003,536.0,77.54998388136518
New Mexico,2025-02-01,2025,February,450.0,false,2125498.0,false,21.171508982836023,519.3333333333334,74.84569986230862
New Mexico,2025-03-01,2025,March,470.0,false,2125498.0,false,22.112464937628733,503.8333333333333,67.37524947949538
New Mexico,2025-04-01,2025,April,484.0,false,2125498.0,false,22.771134105983634,491.9166666666667,58.35387084353738
New Mexico,2025-05-01,2025,May,499.0,false,2125498.0,false,23.476851072078166,482.8333333333333,48.90776724580357
New Mexico,2025-06-01,2025,June,508.0,false,2125498.0,false,23.90028125173489,475.5,37.02210641814379
New Mexico,2025-07-01,2025,July,513.0,false,2125498.0,false,24.135520240433067,472.1666666666667,31.25215144109234
New Mexico,2025-08-01,2025,August,531.0,false,2125498.0,false,24.982380599746506,471.3333333333333,29.87651352828939
New Mexico,2025-09-01,2025,September,555.0,false,2125498.0,false,26.111527745497764,474.0,33.747727196199314
New Mexico,2025-10-01,2025,October,575.0,false,2125498.0,false,27.052483700290473,480.4166666666667,41.097353007735464
New Mexico,2025-11-01,2025,November,593.0,false,2125498.0,false,27.899344059603916,490.6666666666667,48.1065736073816
New Mexico,2025-12-01,2025,December,617.0,false,2125498.0,false,29.02849120535517,503.75,52.989064051848565
New Mexico,2026-01-01,2026,January,660.0,false,2124223.0,true,31.070184250900212,519.5,56.40518996107943
New Mexico,2026-02-01,2026,February,676.0,false,2124223.0,true,31.823400838800826,537.9166666666666,63.37974774517825
New Mexico,2026-03-01,2026,March,684.0,false,2124223.0,true,32.20000913275113,556.75,68.26968580563411
New Mexico,2026-04-01,2026,April,710.0,false,2124223.0,true,33.42398608808962,574.5833333333334,71.42632355770314
Colorado,2015-01-01,2015,January,5.0,true,5454328.0,false,0.09167032125680744,,
Colorado,2015-02-01,2015,February,5.0,true,5454328.0,false,0.09167032125680744,5.0,
Colorado,2015-03-01,2015,March,5.0,true,5454328.0,false,0.09167032125680744,5.0,0.0
Colorado,2015-04-01,2015,April,5.0,true,5454328.0,false,0.09167032125680744,5.0,0.0
Colorado,2015-05-01,2015,May,5.0,true,5454328.0,false,0.09167032125680744,5.0,0.0
Colorado,2015-06-01,2015,June,5.0,true,5454328.0,false,0.09167032125680744,5.0,0.0
Colorado,2015-07-01,2015,July,5.0,true,5454328.0,false,0.09167032125680744,5.0,0.0
Colorado,2015-08-01,2015,August,5.0,true,5454328.0,false,0.09167032125680744,5.0,0.0
Colorado,2015-09-01,2015,September,5.0,true,5454328.0,false,0.09167032125680744,5.0,0.0
Colorado,2015-10-01,2015,October,5.0,true,5454328.0,false,0.09167032125680744,5.0,0.0
Colorado,2015-11-01,2015,November,5.0,true,5454328.0,false,0.09167032125680744,5.0,0.0
Colorado,2015-12-01,2015,December,5.0,true,5454328.0,false,0.09167032125680744,5.0,0.0
Colorado,2016-01-01,2016,January,5.0,true,5543844.0,false,0.09019012800504488,5.0,0.0
Colorado,2016-02-01,2016,February,5.0,true,5543844.0,false,0.09019012800504488,5.0,0.0
Colorado,2016-03-01,2016,March,5.0,true,5543844.0,false,0.09019012800504488,5.0,0.0
Colorado,2016-04-01,2016,April,5.0,true,5543844.0,false,0.09019012800504488,5.0,0.0
Colorado,2016-05-01,2016,May,5.0,true,5543844.0,false,0.09019012800504488,5.0,0.0
Colorado,2016-06-01,2016,June,5.0,true,5543844.0,false,0.09019012800504488,5.0,0.0
Colorado,2016-07-01,2016,July,5.0,true,5543844.0,false,0.09019012800504488,5.0,0.0
Colorado,2016-08-01,2016,August,5.0,true,5543844.0,false,0.09019012800504488,5.0,0.0
Colorado,2016-09-01,2016,September,5.0,true,5543844.0,false,0.09019012800504488,5.0,0.0
Colorado,2016-10-01,2016,October,5.0,true,5543844.0,false,0.09019012800504488,5.0,0.0
Colorado,2016-11-01,2016,November,5.0,true,5543844.0,false,0.09019012800504488,5.0,0.0
Colorado,2016-12-01,2016,December,5.0,true,5543844.0,false,0.09019012800504488,5.0,0.0
Colorado,2017-01-01,2017,January,5.0,true,5617421.0,false,0.08900881739146843,5.0,0.0
Colorado,2017-02-01,2017,February,5.0,true,5617421.0,false,0.08900881739146843,5.0,0.0
Colorado,2017-03-01,2017,March,5.0,true,5617421.0,false,0.08900881739146843,5.0,0.0
Colorado,2017-04-01,2017,April,5.0,true,5617421.0,false,0.08900881739146843,5.0,0.0
Colorado,2017-05-01,2017,May,5.0,true,5617421.0,false,0.08900881739146843,5.0,0.0
Colorado,2017-06-01,2017,June,5.0,true,5617421.0,false,0.08900881739146843,5.0,0.0
Colorado,2017-07-01,2017,July,5.0,true,5617421.0,false,0.08900881739146843,5.0,0.0
Colorado,2017-08-01,2017,August,5.0,true,5617421.0,false,0.08900881739146843,5.0,0.0
Colorado,2017-09-01,2017,September,5.0,true,5617421.0,false,0.08900881739146843,5.0,0.0
Colorado,2017-10-01,2017,October,5.0,true,5617421.0,false,0.08900881739146843,5.0,0.0
Colorado,2017-11-01,2017,November,5.0,true,5617421.0,false,0.08900881739146843,5.0,0.0
Colorado,2017-12-01,2017,December,5.0,true,5617421.0,false,0.08900881739146843,5.0,0.0
Colorado,2018-01-01,2018,January,5.0,true,5697155.0,false,0.08776310281184205,5.0,0.0
Colorado,2018-02-01,2018,February,5.0,true,5697155.0,false,0.08776310281184205,5.0,0.0
Colorado,2018-03-01,2018,March,5.0,true,5697155.0,false,0.08776310281184205,5.0,0.0
Colorado,2018-04-01,2018,April,5.0,true,5697155.0,false,0.08776310281184205,5.0,0.0
Colorado,2018-05-01,2018,May,5.0,true,5697155.0,false,0.08776310281184205,5.0,0.0
Colorado,2018-06-01,2018,June,5.0,true,5697155.0,false,0.08776310281184205,5.0,0.0
Colorado,2018-07-01,2018,July,126.0,false,5697155.0,false,2.2116301908584197,5.0,0.0
Colorado,2018-08-01,2018,August,125.0,false,5697155.0,false,2.1940775702960513,15.083333333333334,34.92969128597236
Colorado,2018-09-01,2018,September,125.0,false,5697155.0,false,2.1940775702960513,25.083333333333332,46.905045926140325
Colorado,2018-10-01,2018,October,5.0,true,5697155.0,false,0.08776310281184205,35.083333333333336,54.42335450109186
Colorado,2018-11-01,2018,November,128.0,false,5697155.0,false,2.2467354319831565,35.083333333333336,54.42335450109186
Colorado,2018-12-01,2018,December,130.0,false,5697155.0,false,2.2818406731078933,45.333333333333336,59.58085924085677
Colorado,2019-01-01,2019,January,128.0,false,5758486.0,false,2.22280648073122,55.75,62.73193329194832
Colorado,2019-02-01,2019,February,130.0,false,5758486.0,false,2.257537831992645,66.0,63.726689142704636
Colorado,2019-03-01,2019,March,133.0,false,5758486.0,false,2.3096348588847833,76.41666666666667,63.06195846990962
Colorado,2019-04-01,2019,April,147.0,false,5758486.0,false,2.5527543177147605,87.08333333333333,60.66369040318379
Colorado,2019-05-01,2019,May,147.0,false,5758486.0,false,2.5527543177147605,98.91666666666667,56.93131161693222
Colorado,2019-06-01,2019,June,154.0,false,5758486.0,false,2.6743140471297493,110.75,49.967489430628795
Colorado,2019-07-01,2019,July,167.0,false,5758486.0,false,2.9000678303290135,123.16666666666667,38.49635952878787
Colorado,2019-08-01,2019,August,187.0,false,5758486.0,false,3.247381342943267,126.58333333333333,40.5360856820715
Colorado,2019-09-01,2019,September,5.0,true,5758486.0,false,0.08682837815356327,131.75,44.10962583052695
Colorado,2019-10-01,2019,October,206.0,false,5758486.0,false,3.577329179926807,121.75,57.38407286156863
Colorado,2019-11-01,2019,November,219.0,false,5758486.0,false,3.8030829631260716,138.5,48.91829923454004
Colorado,2019-12-01,2019,December,251.0,false,5758486.0,false,4.358784583308877,146.08333333333334,53.93844696138424
Colorado,2020-01-01,2020,January,274.0,false,5786873.0,false,4.73485421228356,156.16666666666666,61.44596049054861
Colorado,2020-02-01,2020,February,306.0,false,5786873.0,false,5.287829886710837,168.33333333333334,69.3126426003397
Colorado,2020-03-01,2020,March,332.0,false,5786873.0,false,5.737122622183,183.0,78.4787174392465
Colorado,2020-04-01,2020,April,362.0,false,5786873.0,false,6.255537316958572,199.58333333333334,87.46371542046174
Colorado,2020-05-01,2020,May,413.0,false,5786873.0,false,7.1368422980770445,217.5,97.19287291491361
Colorado,2020-06-01,2020,June,442.0,false,5786873.0,false,7.637976503026764,239.66666666666666,109.23896518711406
Colorado,2020-07-01,2020,July,474.0,false,5786873.0,false,8.19095217745404,263.6666666666667,119.83043575541788
Colorado,2020-08-01,2020,August,508.0,false,5786873.0,false,8.778488831533023,289.25,129.68291749844732
Colorado,2020-09-01,2020,September,539.0,false,5786873.0,false,9.314184016134448,316.0,139.4156636563025
Colorado,2020-10-01,2020,October,555.0,false,5786873.0,false,9.590671853348086,360.5,114.03707531085905
Colorado,2020-11-01,2020,November,582.0,false,5786873.0,false,10.057245078646101,389.5833333333333,115.54570786515873
Colorado,2020-12-01,2020,December,586.0,false,5786873.0,false,10.12636703794951,419.8333333333333,114.3374855682099
Colorado,2021-01-01,2021,January,623.0,false,5814368.0,false,10.714836075047193,447.75,110.18919679764025
Colorado,2021-02-01,2021,February,633.0,false,5814368.0,false,10.886823813009427,476.8333333333333,106.1438417974173
Colorado,2021-03-01,2021,March,662.0,false,5814368.0,false,11.385588253099908,504.0833333333333,100.10218264202315
Colorado,2021-04-01,2021,April,690.0,false,5814368.0,false,11.867153919394163,531.5833333333334,93.65066454487638
Colorado,2021-05-01,2021,May,709.0,false,5814368.0,false,12.193930621522407,558.9166666666666,87.30662615000635
Colorado,2021-06-01,2021,June,762.0,false,5814368.0,false,13.105465632722249,583.5833333333334,84.08811215659794
Colorado,2021-07-01,2021,July,798.0,false,5814368.0,false,13.724621489386292,610.25,85.82871420345396
Colorado,2021-08-01,2021,August,846.0,false,5814368.0,false,14.550162631605016,637.25,89.9344458228022
Colorado,2021-09-01,2021,September,901.0,false,5814368.0,false,15.496095190397307,665.4166666666666,98.31346743344915
Colorado,2021-10-01,2021,October,927.0,false,5814368.0,false,15.943263309099116,695.5833333333334,110.7490679897852
Colorado,2021-11-01,2021,November,954.0,false,5814368.0,false,16.407630201597147,726.5833333333334,119.53581306897365
Colorado,2021-12-01,2021,December,987.0,false,5814368.0,false,16.97518973687252,757.5833333333334,126.6559106278491
Colorado,2022-01-01,2022,January,1010.0,false,5853355.0,false,17.255061413497046,791.0,130.12232007545123
Colorado,2022-02-01,2022,February,1048.0,false,5853355.0,false,17.904261743905845,823.25,132.6328664876367
Colorado,2022-03-01,2022,March,1050.0,false,5853355.0,false,17.938430182348412,857.8333333333334,132.62101392062016
Colorado,2022-04-01,2022,April,1043.0,false,5853355.0,false,17.818840647799423,890.1666666666666,127.74394369798965
Colorado,2022-05-01,2022,May,1042.0,false,5853355.0,false,17.801756428578138,919.5833333333334,117.70954880037509
Colorado,2022-06-01,2022,June,1006.0,false,5853355.0,false,17.18672453661191,947.3333333333334,101.71737433901959
Colorado,2022-07-01,2022,July,1000.0,false,5853355.0,false,17.084219221284204,967.6666666666666,84.17658207421445
Colorado,2022-08-01,2022,August,965.0,false,5853355.0,false,16.486271548539257,984.5,65.22757364517221
Colorado,2022-09-01,2022,September,941.0,false,5853355.0,false,16.076250287228433,994.4166666666666,49.3769514382301
Colorado,2022-10-01,2022,October,958.0,false,5853355.0,false,16.366682013990268,997.75,43.49738759135689
Colorado,2022-11-01,2022,November,972.0,false,5853355.0,false,16.605861083088246,1000.3333333333334,39.66526608171605
Colorado,2022-12-01,2022,December,992.0,false,5853355.0,false,16.94754546751393,1001.8333333333334,38.06175205763619
Colorado,2023-01-01,2023,January,990.0,false,5912240.0,false,16.744922398278824,1002.25,37.91167965872058
Colorado,2023-02-01,2023,February,994.0,false,5912240.0,false,16.812578650393085,1000.5833333333334,37.97955989340805
Colorado,2023-03-01,2023,March,1014.0,false,5912240.0,false,17.15085991096437,996.0833333333334,34.927088558188146
Colorado,2023-04-01,2023,April,1050.0,false,5912240.0,false,17.759766179992695,993.0833333333334,31.22486868254892
Colorado,2023-05-01,2023,May,1085.0,false,5912240.0,false,18.35175838599245,993.6666666666666,32.28941096715861
Colorado,2023-06-01,2023,June,1125.0,false,5912240.0,false,19.02832090713503,997.25,39.68082889530131
Colorado,2023-07-01,2023,July,1149.0,false,5912240.0,false,19.434258419820576,1007.1666666666666,54.25836061815451
Colorado,2023-08-01,2023,August,1171.0,false,5912240.0,false,19.806367806448996,1019.5833333333334,67.8225737874309
Colorado,2023-09-01,2023,September,1180.0,false,5912240.0,false,19.958594373706074,1036.75,78.05024605400621
Colorado,2023-10-01,2023,October,1192.0,false,5912240.0,false,20.161563130048847,1056.6666666666667,81.79945913727981
Colorado,2023-11-01,2023,November,1213.0,false,5912240.0,false,20.516758453648702,1076.1666666666667,84.00198410355156
Colorado,2023-12-01,2023,December,1184.0,false,5912240.0,false,20.02625062582033,1096.25,85.62723122507654
Colorado,2024-01-01,2024,January,1163.0,false,5988502.0,false,19.42054957984484,1112.25,82.24810028201262
Colorado,2024-02-01,2024,February,1138.0,false,5988502.0,false,19.003082907879133,1126.6666666666667,73.57659377488976
Colorado,2024-03-01,2024,March,1138.0,false,5988502.0,false,19.003082907879133,1138.6666666666667,60.56451606395122
Colorado,2024-04-01,2024,April,1106.0,false,5988502.0,false,18.468725567763023,1149.0,46.24637577937618
Colorado,2024-05-01,2024,May,1073.0,false,5988502.0,false,17.917669560768285,1153.6666666666667,37.31032840998062
Colorado,2024-06-01,2024,June,1044.0,false,5988502.0,false,17.43340822128806,1152.6666666666667,39.41926924587496
Colorado,2024-07-01,2024,July,997.0,false,5988502.0,false,16.648570877992526,1145.9166666666667,50.08076809847605
Colorado,2024-08-01,2024,August,942.0,false,5988502.0,false,15.730144199667965,1133.25,65.9409170807818
Colorado,2024-09-01,2024,September,892.0,false,5988502.0,false,14.895210855736543,1114.1666666666667,84.53706377391603
Colorado,2024-10-01,2024,October,852.0,false,5988502.0,false,14.227264180591407,1090.1666666666667,103.01088497941578
Colorado,2024-11-01,2024,November,803.0,false,5988502.0,false,13.409029503538614,1061.8333333333333,118.10768070885243
Colorado,2024-12-01,2024,December,817.0,false,5988502.0,false,13.642810839839411,1027.6666666666667,129.18579526004268
Colorado,2025-01-01,2025,January,824.0,false,6012561.0,false,13.704642663916426,997.0833333333334,132.2170793075012
Colorado,2025-02-01,2025,February,829.0,false,6012561.0,false,13.787801903381936,968.8333333333334,129.73667970395286
Colorado,2025-03-01,2025,March,855.0,false,6012561.0,false,14.2202299486026,943.0833333333334,123.62954805189224
Colorado,2025-04-01,2025,April,877.0,false,6012561.0,false,14.586130602250856,919.5,109.21996154549781
Colorado,2025-05-01,2025,May,891.0,false,6012561.0,false,14.818976472754288,900.4166666666666,92.37911839345252
Colorado,2025-06-01,2025,June,896.0,false,6012561.0,false,14.902135712219803,885.25,74.72145243867689
Colorado,2025-07-01,2025,July,930.0,false,6012561.0,false,15.467618540585285,872.9166666666666,56.00723708647487
Colorado,2025-08-01,2025,August,957.0,false,6012561.0,false,15.916678433699051,867.3333333333334,44.71390536883726
Colorado,2025-09-01,2025,September,982.0,false,6012561.0,false,16.332474631026614,868.5833333333334,47.13512169253087
Colorado,2025-10-01,2025,October,1007.0,false,6012561.0,false,16.748270828354173,876.0833333333334,57.270424436627955
Colorado,2025-11-01,2025,November,1030.0,false,6012561.0,false,17.13080332989553,889.0,67.84742240699146
Colorado,2025-12-01,2025,December,1044.0,false,6012561.0,false,17.363649200398964,907.9166666666666,73.12934783759198
Colorado,2026-01-01,2026,January,1055.0,false,6036717.0,true,17.476386585622617,926.8333333333334,76.74376887152509
Colorado,2026-02-01,2026,February,1078.0,false,6036717.0,true,17.857388378484533,946.0833333333334,77.57161891185497
Colorado,2026-03-01,2026,March,1055.0,false,6036717.0,true,17.476386585622617,966.8333333333334,76.70348259645219
Colorado,2026-04-01,2026,April,1045.0,false,6036717.0,true,17.310733632204393,983.5,71.76413386289079
Illinois,2015-01-01,2015,January,5.0,true,12859585.0,false,0.038881503563295394,,
Illinois,2015-02-01,2015,February,5.0,true,12859585.0,false,0.038881503563295394,5.0,
Illinois,2015-03-01,2015,March,136.0,false,12859585.0,false,1.0575768969216348,5.0,0.0
Illinois,2015-04-01,2015,April,143.0,false,12859585.0,false,1.1120110019102483,48.666666666666664,75.63288526384098
Illinois,2015-05-01,2015,May,155.0,false,12859585.0,false,1.2053266104621572,72.25,77.70617736061915
Illinois,2015-06-01,2015,June,159.0,false,12859585.0,false,1.2364318133127934,88.8,76.79973958289182
Illinois,2015-07-01,2015,July,164.0,false,12859585.0,false,1.275313316876089,100.5,74.4305044991635
Illinois,2015-08-01,2015,August,176.0,false,12859585.0,false,1.3686289254279977,109.57142857142857,72.05982963912035
Illinois,2015-09-01,2015,September,205.0,false,12859585.0,false,1.5941416460951112,117.875,70.72772238864839
Illinois,2015-10-01,2015,October,241.0,false,12859585.0,false,1.8740884717508381,127.55555555555556,72.25321984367048
Illinois,2015-11-01,2015,November,253.0,false,12859585.0,false,1.9674040803027468,138.9,76.98982616770434
Illinois,2015-12-01,2015,December,277.0,false,12859585.0,false,2.154035297406565,149.27272727272728,80.73548279299617
Illinois,2016-01-01,2016,January,314.0,false,12821709.0,false,2.4489715060605417,159.91666666666666,85.35323217327063
Illinois,2016-02-01,2016,February,361.0,false,12821709.0,false,2.815537304738393,185.66666666666666,80.86052338702888
Illinois,2016-03-01,2016,March,418.0,false,12821709.0,false,3.2600958265391924,215.33333333333334,73.5234450341996
Illinois,2016-04-01,2016,April,507.0,false,12821709.0,false,3.954231062333422,238.83333333333334,89.24718822495534
Illinois,2016-05-01,2016,May,581.0,false,12821709.0,false,4.531377213443231,269.1666666666667,112.53430453408282
Illinois,2016-06-01,2016,June,663.0,false,12821709.0,false,5.170917543051399,304.6666666666667,137.63808493379452
Illinois,2016-07-01,2016,July,731.0,false,12821709.0,false,5.701268060287439,346.6666666666667,163.59669552860407
Illinois,2016-08-01,2016,August,761.0,false,12821709.0,false,5.93524622965628,393.9166666666667,186.34204050778789
Illinois,2016-09-01,2016,September,795.0,false,12821709.0,false,6.200421488274301,442.6666666666667,200.15917907929418
Illinois,2016-10-01,2016,October,806.0,false,12821709.0,false,6.286213483709543,491.8333333333333,208.75075757438293
Illinois,2016-11-01,2016,November,855.0,false,12821709.0,false,6.668377827011985,538.9166666666666,210.74045145341196
Illinois,2016-12-01,2016,December,927.0,false,12821709.0,false,7.229925433497203,589.0833333333334,208.12734665161722
Illinois,2017-01-01,2017,January,981.0,false,12779893.0,false,7.676120606017594,643.25,204.0655531930855
Illinois,2017-02-01,2017,February,1012.0,false,12779893.0,false,7.918689147084408,698.8333333333334,196.94615477025152
Illinois,2017-03-01,2017,March,1017.0,false,12779893.0,false,7.957813105320992,753.0833333333334,184.7088413168305
Illinois,2017-04-01,2017,April,983.0,false,12779893.0,false,7.691770189312227,803.0,165.90303849483345
Illinois,2017-05-01,2017,May,959.0,false,12779893.0,false,7.503975189776628,842.6666666666666,144.17939162618546
Illinois,2017-06-01,2017,June,945.0,false,12779893.0,false,7.394428106714195,874.1666666666666,121.28916112357527
Illinois,2017-07-01,2017,July,949.0,false,12779893.0,false,7.425727273303462,897.6666666666666,102.5230203269963
Illinois,2017-08-01,2017,August,1014.0,false,12779893.0,false,7.934338730379041,915.8333333333334,88.68620199468701
Illinois,2017-09-01,2017,September,1115.0,false,12779893.0,false,8.724642686758019,936.9166666666666,77.95506670026282
Illinois,2017-10-01,2017,October,1178.0,false,12779893.0,false,9.217604560538966,963.5833333333334,79.7079422680454
Illinois,2017-11-01,2017,November,1246.0,false,12779893.0,false,9.749690392556495,994.5833333333334,85.01171933470366
Illinois,2017-12-01,2017,December,1260.0,false,12779893.0,false,9.859237475618928,1027.1666666666667,100.21960734791217
Illinois,2018-01-01,2018,January,1286.0,false,12724685.0,false,10.106340549883948,1054.9166666666667,114.97862120121869
Illinois,2018-02-01,2018,February,1310.0,false,12724685.0,false,10.294950326864674,1080.3333333333333,129.89669555131695
Illinois,2018-03-01,2018,March,1371.0,false,12724685.0,false,10.77433351002402,1105.1666666666667,143.42615035641379
Illinois,2018-04-01,2018,April,1438.0,false,12724685.0,false,11.300869137428549,1134.6666666666667,159.18333246082432
Illinois,2018-05-01,2018,May,1497.0,false,12724685.0,false,11.764534839172837,1172.5833333333333,173.33334061771544
Illinois,2018-06-01,2018,June,1535.0,false,12724685.0,false,12.063166986058986,1217.4166666666667,182.40736544804585
Illinois,2018-07-01,2018,July,1605.0,false,12724685.0,false,12.613278835586108,1266.5833333333333,181.81832007570497
Illinois,2018-08-01,2018,August,1598.0,false,12724685.0,false,12.558267650633395,1321.25,176.18230485907077
Illinois,2018-09-01,2018,September,1563.0,false,12724685.0,false,12.283211725869835,1369.9166666666667,163.82055500584858
Illinois,2018-10-01,2018,October,1586.0,false,12724685.0,false,12.463962762143032,1407.25,150.99134532693037
Illinois,2018-11-01,2018,November,1566.0,false,12724685.0,false,12.306787947992426,1441.25,140.22911447147683
Illinois,2018-12-01,2018,December,1593.0,false,12724685.0,false,12.518973947095745,1467.9166666666667,129.75953868131577
Illinois,2019-01-01,2019,January,1575.0,false,12667017.0,false,12.433866631741317,1495.6666666666667,116.14593745748826
Illinois,2019-02-01,2019,February,1565.0,false,12667017.0,false,12.35492144677788,1519.75,97.12328154557899
Illinois,2019-03-01,2019,March,1552.0,false,12667017.0,false,12.252292706325411,1541.0,71.60243774417934
Illinois,2019-04-01,2019,April,1538.0,false,12667017.0,false,12.1417694473766,1556.0833333333333,47.56518653066517
Illinois,2019-05-01,2019,May,1581.0,false,12667017.0,false,12.481233742719379,1564.4166666666667,30.802769454394955
Illinois,2019-06-01,2019,June,1590.0,false,12667017.0,false,12.552284409186472,1571.4166666666667,22.520529354885113
Illinois,2019-07-01,2019,July,1568.0,false,12667017.0,false,12.37860500226691,1576.0,19.87689384916331
Illinois,2019-08-01,2019,August,1619.0,false,12667017.0,false,12.78122544558044,1572.9166666666667,17.722396376713093
Illinois,2019-09-01,2019,September,1641.0,false,12667017.0,false,12.9549048525,1574.6666666666667,21.13305611136398
Illinois,2019-10-01,2019,October,1637.0,false,12667017.0,false,12.923326778514625,1581.1666666666667,28.0740363174146
Illinois,2019-11-01,2019,November,1675.0,false,12667017.0,false,13.223318481375687,1585.4166666666667,32.3993780336859
Illinois,2019-12-01,2019,December,1714.0,false,12667017.0,false,13.53120470273309,1594.5,40.68169121361597
Illinois,2020-01-01,2020,January,1767.0,false,12795348.0,false,13.809706465193445,1604.5833333333333,53.31119332122778
Illinois,2020-02-01,2020,February,1847.0,false,12795348.0,false,14.434933696215218,1620.5833333333333,69.8667020876615
Illinois,2020-03-01,2020,March,1903.0,false,12795348.0,false,14.872592757930459,1644.0833333333333,93.05077629819628
Illinois,2020-04-01,2020,April,2020.0,false,12795348.0,false,15.786987583299805,1673.3333333333333,114.23049531804568
Illinois,2020-05-01,2020,May,2145.0,false,12795348.0,false,16.763905131771327,1713.5,143.34858974478323
Illinois,2020-06-01,2020,June,2236.0,false,12795348.0,false,17.475101107058595,1760.5,182.9468377823062
Illinois,2020-07-01,2020,July,2312.0,false,12795348.0,false,18.06906697652928,1814.3333333333333,219.59025203291424
Illinois,2020-08-01,2020,August,2361.0,false,12795348.0,false,18.452018655530118,1876.3333333333333,247.03379722154816
Illinois,2020-09-01,2020,September,2409.0,false,12795348.0,false,18.827154994143182,1938.1666666666667,268.68089668308056
Illinois,2020-10-01,2020,October,2415.0,false,12795348.0,false,18.874047036469815,2002.1666666666667,282.570613325504
Illinois,2020-11-01,2020,November,2469.0,false,12795348.0,false,19.296075417409515,2067.0,280.4139796800438
Illinois,2020-12-01,2020,December,2478.0,false,12795348.0,false,19.366413480899464,2133.1666666666665,273.0893404708208
Illinois,2021-01-01,2021,January,2488.0,false,12703354.0,false,19.585378790514696,2196.8333333333335,254.9373660451927
Illinois,2021-02-01,2021,February,2468.0,false,12703354.0,false,19.42794005425654,2256.9166666666665,227.96030688510552
Illinois,2021-03-01,2021,March,2520.0,false,12703354.0,false,19.837280768527744,2308.6666666666665,194.4719345646909
Illinois,2021-04-01,2021,April,2547.0,false,12703354.0,false,20.049823062476253,2360.0833333333335,155.03223027565073
Illinois,2021-05-01,2021,May,2477.0,false,12703354.0,false,19.498787485572706,2404.0,120.80111378174071
Illinois,2021-06-01,2021,June,2493.0,false,12703354.0,false,19.62473847457923,2431.6666666666665,90.24444917035405
Illinois,2021-07-01,2021,July,2562.0,false,12703354.0,false,20.167902114669875,2453.0833333333335,67.12059477108534
Illinois,2021-08-01,2021,August,2590.0,false,12703354.0,false,20.388316345431292,2473.9166666666665,57.45109910070294
Illinois,2021-09-01,2021,September,2602.0,false,12703354.0,false,20.482779587186187,2493.0,54.491033457558125
Illinois,2021-10-01,2021,October,2681.0,false,12703354.0,false,21.104662595405905,2509.0833333333335,55.9081362323026
Illinois,2021-11-01,2021,November,2710.0,false,12703354.0,false,21.332948762980234,2531.25,66.87182447855685
Illinois,2021-12-01,2021,December,2758.0,false,12703354.0,false,21.710801729999808,2551.3333333333335,81.14334491652671
Illinois,2022-01-01,2022,January,2868.0,false,12609577.0,false,22.744617047820082,2574.6666666666665,96.87229957135555
Illinois,2022-02-01,2022,February,2928.0,false,12609577.0,false,23.220445856351883,2606.3333333333335,124.21633133246605
Illinois,2022-03-01,2022,March,2930.0,false,12609577.0,false,23.236306816636276,2644.6666666666665,146.6060480789702
Illinois,2022-04-01,2022,April,2900.0,false,12609577.0,false,22.998392412370375,2678.8333333333335,161.8898802684506
Illinois,2022-05-01,2022,May,2909.0,false,12609577.0,false,23.069766733650148,2708.25,167.72332466405405
Illinois,2022-06-01,2022,June,2902.0,false,12609577.0,false,23.014253372654768,2744.25,159.74816829224474
Illinois,2022-07-01,2022,July,2849.0,false,12609577.0,false,22.593937925118343,2778.3333333333335,144.13777079480928
Illinois,2022-08-01,2022,August,2874.0,false,12609577.0,false,22.792199928673263,2802.25,127.87147311407507
Illinois,2022-09-01,2022,September,2885.0,false,12609577.0,false,22.879435210237425,2825.9166666666665,110.0573886110277
Illinois,2022-10-01,2022,October,2892.0,false,12609577.0,false,22.934948571232802,2849.5,85.23603591311492
Illinois,2022-11-01,2022,November,2933.0,false,12609577.0,false,23.260098257062868,2867.0833333333335,67.16392204332936
Illinois,2022-12-01,2022,December,2946.0,false,12609577.0,false,23.363194498911422,2885.6666666666665,47.81276614106947
Illinois,2023-01-01,2023,January,2883.0,false,12633389.0,false,22.820479920312753,2901.3333333333335,29.45361016098289
Illinois,2023-02-01,2023,February,2891.0,false,12633389.0,false,22.88380417954359,2902.5833333333335,28.202057737088253
Illinois,2023-03-01,2023,March,2911.0,false,12633389.0,false,23.04211482762068,2899.5,27.174520151320877
Illinois,2023-04-01,2023,April,2908.0,false,12633389.0,false,23.018368230409116,2897.9166666666665,25.75216966440387
Illinois,2023-05-01,2023,May,2915.0,false,12633389.0,false,23.0737769572361,2898.5833333333335,25.914047904329212
Illinois,2023-06-01,2023,June,2919.0,false,12633389.0,false,23.10543908685152,2899.0833333333335,26.189721555440578
Illinois,2023-07-01,2023,July,2880.0,false,12633389.0,false,22.79673332310119,2900.5,26.814175355583888
Illinois,2023-08-01,2023,August,2844.0,false,12633389.0,false,22.511774156562424,2903.0833333333335,22.556830585448086
Illinois,2023-09-01,2023,September,2837.0,false,12633389.0,false,22.456365429735442,2900.5833333333335,27.247880095467465
Illinois,2023-10-01,2023,October,2815.0,false,12633389.0,false,22.28222371685064,2896.5833333333335,32.71768588541922
Illinois,2023-11-01,2023,November,2717.0,false,12633389.0,false,21.506501541272893,2890.1666666666665,40.35711795578282
Illinois,2023-12-01,2023,December,2654.0,false,12633389.0,false,21.007822999830054,2872.1666666666665,61.923462044003465
Illinois,2024-01-01,2024,January,2585.0,false,12703033.0,false,20.34947087046062,2847.8333333333335,83.78525942532914
Illinois,2024-02-01,2024,February,2506.0,false,12703033.0,false,19.727572147533582,2823.0,111.87005448693176
Illinois,2024-03-01,2024,March,2415.0,false,12703033.0,false,19.011207795807504,2790.9166666666665,141.7991270221451
Illinois,2024-04-01,2024,April,2350.0,false,12703033.0,false,18.49951897314602,2749.5833333333335,172.565907479555
Illinois,2024-05-01,2024,May,2252.0,false,12703033.0,false,17.728049671287163,2703.0833333333335,199.13287401921232
Illinois,2024-06-01,2024,June,2150.0,false,12703033.0,false,16.925091826495294,2647.8333333333335,225.25332540511044
Illinois,2024-07-01,2024,July,2119.0,false,12703033.0,false,16.681055618764432,2583.75,249.20897583426583
Illinois,2024-08-01,2024,August,2045.0,false,12703033.0,false,16.098517574503663,2520.3333333333335,263.3912862965852
Illinois,2024-09-01,2024,September,1939.0,false,12703033.0,false,15.264071186778779,2453.75,274.8729045147297
Illinois,2024-10-01,2024,October,1833.0,false,12703033.0,false,14.429624799053894,2378.9166666666665,283.16280518886003
Illinois,2024-11-01,2024,November,1757.0,false,12703033.0,false,13.831342483326619,2297.0833333333335,287.5427109249347
Illinois,2024-12-01,2024,December,1668.0,false,12703033.0,false,13.130722403067047,2217.0833333333335,293.5749736464523
Illinois,2025-01-01,2025,January,1632.0,false,12719141.0,false,12.831055178962163,2134.9166666666665,298.1197008931246
Illinois,2025-02-01,2025,February,1575.0,false,12719141.0,false,12.382911707638119,2055.5,294.2316650655951
Illinois,2025-03-01,2025,March,1517.0,false,12719141.0,false,11.926906070150492,1977.9166666666667,287.30644340884925
Illinois,2025-04-01,2025,April,1434.0,false,12719141.0,false,11.274346278573372,1903.0833333333333,279.96702998529645
Illinois,2025-05-01,2025,May,1385.0,false,12719141.0,false,10.889100136557964,1826.75,271.79207460516915
Illinois,2025-06-01,2025,June,1363.0,false,12719141.0,false,10.716132480959208,1754.5,263.5845560381302
Illinois,2025-07-01,2025,July,1296.0,false,12719141.0,false,10.189367347999365,1688.9166666666667,253.96544444017763
Illinois,2025-08-01,2025,August,1227.0,false,12719141.0,false,9.646877882712364,1620.3333333333333,237.8790117736835
Illinois,2025-09-01,2025,September,1186.0,false,12719141.0,false,9.324529070005593,1552.1666666666667,221.7819704670387
Illinois,2025-10-01,2025,October,1154.0,false,12719141.0,false,9.07293975277104,1489.4166666666667,208.51137240985784
Illinois,2025-11-01,2025,November,1116.0,false,12719141.0,false,8.774177438555009,1432.8333333333333,198.69612858621946
Illinois,2025-12-01,2025,December,1085.0,false,12719141.0,false,8.530450287484037,1379.4166666666667,189.57869957707095
Illinois,2026-01-01,2026,January,1060.0,false,12735269.0,true,8.323342051118042,1330.8333333333333,183.50567656978174
Illinois,2026-02-01,2026,February,1053.0,false,12735269.0,true,8.268376584742732,1283.1666666666667,172.09977726113814
Illinois,2026-03-01,2026,March,1020.0,false,12735269.0,true,8.009253671830567,1239.6666666666667,156.93214128946622
Illinois,2026-04-01,2026,April,1016.0,false,12735269.0,true,7.977844833901821,1198.25,141.95397781739626
Michigan,2015-01-01,2015,January,5.0,true,9934483.0,false,0.0503297453928906,,
Michigan,2015-02-01,2015,February,5.0,true,9934483.0,false,0.0503297453928906,5.0,
Michigan,2015-03-01,2015,March,5.0,true,9934483.0,false,0.0503297453928906,5.0,0.0
Michigan,2015-04-01,2015,April,5.0,true,9934483.0,false,0.0503297453928906,5.0,0.0
Michigan,2015-05-01,2015,May,5.0,true,9934483.0,false,0.0503297453928906,5.0,0.0
Michigan,2015-06-01,2015,June,5.0,true,9934483.0,false,0.0503297453928906,5.0,0.0
Michigan,2015-07-01,2015,July,5.0,true,9934483.0,false,0.0503297453928906,5.0,0.0
Michigan,2015-08-01,2015,August,5.0,true,9934483.0,false,0.0503297453928906,5.0,0.0
Michigan,2015-09-01,2015,September,5.0,true,9934483.0,false,0.0503297453928906,5.0,0.0
Michigan,2015-10-01,2015,October,5.0,true,9934483.0,false,0.0503297453928906,5.0,0.0
Michigan,2015-11-01,2015,November,5.0,true,9934483.0,false,0.0503297453928906,5.0,0.0
Michigan,2015-12-01,2015,December,5.0,true,9934483.0,false,0.0503297453928906,5.0,0.0
Michigan,2016-01-01,2016,January,5.0,true,9954117.0,false,0.05023047247686561,5.0,0.0
Michigan,2016-02-01,2016,February,5.0,true,9954117.0,false,0.05023047247686561,5.0,0.0
Michigan,2016-03-01,2016,March,5.0,true,9954117.0,false,0.05023047247686561,5.0,0.0
Michigan,2016-04-01,2016,April,5.0,true,9954117.0,false,0.05023047247686561,5.0,0.0
Michigan,2016-05-01,2016,May,5.0,true,9954117.0,false,0.05023047247686561,5.0,0.0
Michigan,2016-06-01,2016,June,5.0,true,9954117.0,false,0.05023047247686561,5.0,0.0
Michigan,2016-07-01,2016,July,5.0,true,9954117.0,false,0.05023047247686561,5.0,0.0
Michigan,2016-08-01,2016,August,5.0,true,9954117.0,false,0.05023047247686561,5.0,0.0
Michigan,2016-09-01,2016,September,5.0,true,9954117.0,false,0.05023047247686561,5.0,0.0
Michigan,2016-10-01,2016,October,5.0,true,9954117.0,false,0.05023047247686561,5.0,0.0
Michigan,2016-11-01,2016,November,5.0,true,9954117.0,false,0.05023047247686561,5.0,0.0
Michigan,2016-12-01,2016,December,5.0,true,9954117.0,false,0.05023047247686561,5.0,0.0
Michigan,2017-01-01,2017,January,5.0,true,9976752.0,false,0.050116510864457696,5.0,0.0
Michigan,2017-02-01,2017,February,5.0,true,9976752.0,false,0.050116510864457696,5.0,0.0
Michigan,2017-03-01,2017,March,5.0,true,9976752.0,false,0.050116510864457696,5.0,0.0
Michigan,2017-04-01,2017,April,5.0,true,9976752.0,false,0.050116510864457696,5.0,0.0
Michigan,2017-05-01,2017,May,5.0,true,9976752.0,false,0.050116510864457696,5.0,0.0
Michigan,2017-06-01,2017,June,5.0,true,9976752.0,false,0.050116510864457696,5.0,0.0
Michigan,2017-07-01,2017,July,5.0,true,9976752.0,false,0.050116510864457696,5.0,0.0
Michigan,2017-08-01,2017,August,5.0,true,9976752.0,false,0.050116510864457696,5.0,0.0
Michigan,2017-09-01,2017,September,5.0,true,9976752.0,false,0.050116510864457696,5.0,0.0
Michigan,2017-10-01,2017,October,5.0,true,9976752.0,false,0.050116510864457696,5.0,0.0
Michigan,2017-11-01,2017,November,5.0,true,9976752.0,false,0.050116510864457696,5.0,0.0
Michigan,2017-12-01,2017,December,5.0,true,9976752.0,false,0.050116510864457696,5.0,0.0
Michigan,2018-01-01,2018,January,5.0,true,9987286.0,false,0.05006365092578705,5.0,0.0
Michigan,2018-02-01,2018,February,5.0,true,9987286.0,false,0.05006365092578705,5.0,0.0
Michigan,2018-03-01,2018,March,5.0,true,9987286.0,false,0.05006365092578705,5.0,0.0
Michigan,2018-04-01,2018,April,5.0,true,9987286.0,false,0.05006365092578705,5.0,0.0
Michigan,2018-05-01,2018,May,5.0,true,9987286.0,false,0.05006365092578705,5.0,0.0
Michigan,2018-06-01,2018,June,5.0,true,9987286.0,false,0.05006365092578705,5.0,0.0
Michigan,2018-07-01,2018,July,5.0,true,9987286.0,false,0.05006365092578705,5.0,0.0
Michigan,2018-08-01,2018,August,5.0,true,9987286.0,false,0.05006365092578705,5.0,0.0
Michigan,2018-09-01,2018,September,5.0,true,9987286.0,false,0.05006365092578705,5.0,0.0
Michigan,2018-10-01,2018,October,1549.0,false,9987286.0,false,15.509719056808825,5.0,0.0
Michigan,2018-11-01,2018,November,1529.0,false,9987286.0,false,15.309464453105678,133.66666666666666,445.71440781439105
Michigan,2018-12-01,2018,December,1535.0,false,9987286.0,false,15.369540834216624,260.6666666666667,597.1239148593612
Michigan,2019-01-01,2019,January,1481.0,false,9984795.0,false,14.832552896679402,388.1666666666667,693.1883953985031
Michigan,2019-02-01,2019,February,1464.0,false,9984795.0,false,14.662294018054451,511.1666666666667,747.8169237956249
Michigan,2019-03-01,2019,March,1443.0,false,9984795.0,false,14.451974226811867,632.75,776.1108314714288
Michigan,2019-04-01,2019,April,1436.0,false,9984795.0,false,14.381867629731005,752.5833333333334,781.3707603638078
Michigan,2019-05-01,2019,May,1478.0,false,9984795.0,false,14.802507212216174,871.8333333333334,765.9500141931093
Michigan,2019-06-01,2019,June,1457.0,false,9984795.0,false,14.592187420973591,994.5833333333334,731.6668961827486
Michigan,2019-07-01,2019,July,1428.0,false,9984795.0,false,14.301745804495736,1115.5833333333333,670.6552370403865
Michigan,2019-08-01,2019,August,1401.0,false,9984795.0,false,14.031334644326698,1234.1666666666667,575.4861712789747
Michigan,2019-09-01,2019,September,5.0,true,9984795.0,false,0.05007614077204389,1350.5,426.14647503155317
Michigan,2019-10-01,2019,October,5.0,true,9984795.0,false,0.05007614077204389,1350.5,426.14647503155305
Michigan,2019-11-01,2019,November,5.0,true,9984795.0,false,0.05007614077204389,1221.8333333333333,569.6821814650585
Michigan,2019-12-01,2019,December,5.0,true,9984795.0,false,0.05007614077204389,1094.8333333333333,658.0066086064006
Michigan,2020-01-01,2020,January,5.0,true,10072294.0,false,0.049641124454865994,967.3333333333334,711.0564909578799
Michigan,2020-02-01,2020,February,5.0,true,10072294.0,false,0.049641124454865994,844.3333333333334,741.1476767742572
Michigan,2020-03-01,2020,March,5.0,true,10072294.0,false,0.049641124454865994,722.75,749.8728528587666
Michigan,2020-04-01,2020,April,5.0,true,10072294.0,false,0.049641124454865994,602.9166666666666,739.1325946163126
Michigan,2020-05-01,2020,May,1658.0,false,10072294.0,false,16.46099686923356,483.6666666666667,707.255686481633
Michigan,2020-06-01,2020,June,1747.0,false,10072294.0,false,17.344608884530178,498.6666666666667,731.746147405249
Michigan,2020-07-01,2020,July,5.0,true,10072294.0,false,0.049641124454865994,522.8333333333334,770.0591279934681
Michigan,2020-08-01,2020,August,5.0,true,10072294.0,false,0.049641124454865994,404.25,726.3221330161232
Michigan,2020-09-01,2020,September,1852.0,false,10072294.0,false,18.38707249808236,287.9166666666667,661.0233744090685
Michigan,2020-10-01,2020,October,1881.0,false,10072294.0,false,18.674991019920586,441.8333333333333,791.3453255326807
Michigan,2020-11-01,2020,November,1875.0,false,10072294.0,false,18.615421670574747,598.1666666666666,877.7863514477078
Michigan,2020-12-01,2020,December,1929.0,false,10072294.0,false,19.1515458146873,754.0,927.4915338991217
Michigan,2021-01-01,2021,January,1996.0,false,10042362.0,false,19.875802127029477,914.3333333333334,952.2121930568105
Michigan,2021-02-01,2021,February,2012.0,false,10042362.0,false,20.035127194180014,1080.25,952.8218497036722
Michigan,2021-03-01,2021,March,2089.0,false,10042362.0,false,20.80187907984197,1247.5,922.5896852191267
Michigan,2021-04-01,2021,April,2154.0,false,10042362.0,false,21.449137165141032,1421.1666666666667,861.5674756811071
Michigan,2021-05-01,2021,May,2109.0,false,10042362.0,false,21.001035413780144,1600.25,757.5048904732622
Michigan,2021-06-01,2021,June,2102.0,false,10042362.0,false,20.931330696901785,1637.8333333333333,771.6859739714351
Michigan,2021-07-01,2021,July,2147.0,false,10042362.0,false,21.37943244826267,1667.4166666666667,782.973523102019
Michigan,2021-08-01,2021,August,2194.0,false,10042362.0,false,21.84744983301737,1845.9166666666667,589.8803358360581
Michigan,2021-09-01,2021,September,2222.0,false,10042362.0,false,22.12626870053081,2028.3333333333333,120.7644840425389
Michigan,2021-10-01,2021,October,2250.0,false,10042362.0,false,22.40508756804425,2059.1666666666665,118.86954907363676
Michigan,2021-11-01,2021,November,2284.0,false,10042362.0,false,22.743653335739143,2089.9166666666665,116.2899654338502
Michigan,2021-12-01,2021,December,2295.0,false,10042362.0,false,22.853189319405136,2124.0,107.1515494309557
Michigan,2022-01-01,2022,January,2312.0,false,10043906.0,false,23.018933072452093,2154.5,98.3264507093128
Michigan,2022-02-01,2022,February,2333.0,false,10043906.0,false,23.22801507700291,2180.8333333333335,94.24902539484839
Michigan,2022-03-01,2022,March,2296.0,false,10043906.0,false,22.85963249755623,2207.5833333333335,87.2691326595578
Michigan,2022-04-01,2022,April,2237.0,false,10043906.0,false,22.272211627627737,2224.8333333333335,81.99759789534119
Michigan,2022-05-01,2022,May,2211.0,false,10043906.0,false,22.01334819342196,2231.75,78.92243027175468
Michigan,2022-06-01,2022,June,2201.0,false,10043906.0,false,21.91378533411205,2240.25,69.42114558652467
Michigan,2022-07-01,2022,July,2192.0,false,10043906.0,false,21.824178760733126,2248.5,56.10298971129305
Michigan,2022-08-01,2022,August,2176.0,false,10043906.0,false,21.66487818583726,2252.25,49.85820804131364
Michigan,2022-09-01,2022,September,2179.0,false,10043906.0,false,21.694747043630237,2250.75,51.99497353328771
Michigan,2022-10-01,2022,October,2191.0,false,10043906.0,false,21.814222474802133,2247.1666666666665,55.51876559626786
Michigan,2022-11-01,2022,November,2209.0,false,10043906.0,false,21.99343562155998,2242.25,57.81023029942657
Michigan,2022-12-01,2022,December,2215.0,false,10043906.0,false,22.053173337145928,2236.0,56.933773328794445
Michigan,2023-01-01,2023,January,2239.0,false,10062124.0,false,22.251763146627887,2229.3333333333335,54.00561138072651
Michigan,2023-02-01,2023,February,2255.0,false,10062124.0,false,22.410775299529206,2223.25,47.576015729853545
Michigan,2023-03-01,2023,March,2287.0,false,10062124.0,false,22.728799605331837,2216.75,34.84282892178435
Michigan,2023-04-01,2023,April,2311.0,false,10062124.0,false,22.967317834683808,2216.0,33.0316652485295
Michigan,2023-05-01,2023,May,2318.0,false,10062124.0,false,23.036885651578135,2222.1666666666665,42.77814508565914
Michigan,2023-06-01,2023,June,2305.0,false,10062124.0,false,22.907688277345816,2231.0833333333335,50.66370106950927
Michigan,2023-07-01,2023,July,2305.0,false,10062124.0,false,22.907688277345816,2239.75,53.845106133663315
Michigan,2023-08-01,2023,August,2307.0,false,10062124.0,false,22.927564796458483,2249.1666666666665,54.61074375370958
Michigan,2023-09-01,2023,September,2290.0,false,10062124.0,false,22.758614384000836,2260.0833333333335,51.66933033211974
Michigan,2023-10-01,2023,October,2253.0,false,10062124.0,false,22.390898780416542,2269.3333333333335,45.38789052225933
Michigan,2023-11-01,2023,November,2183.0,false,10062124.0,false,21.69522061147328,2274.5,38.69578318581545
Michigan,2023-12-01,2023,December,2148.0,false,10062124.0,false,21.347381527001655,2272.3333333333335,43.16634491514578
Michigan,2024-01-01,2024,January,2082.0,false,10099962.0,false,20.61393894353266,2266.75,54.18340067853739
Michigan,2024-02-01,2024,February,2012.0,false,10099962.0,false,19.920867029004665,2253.6666666666665,76.03986195450793
Michigan,2024-03-01,2024,March,1922.0,false,10099962.0,false,19.02977456746867,2233.4166666666665,103.16928571600924
Michigan,2024-04-01,2024,April,1845.0,false,10099962.0,false,18.267395461487872,2203.0,134.87030807409016
Michigan,2024-05-01,2024,May,1783.0,false,10099962.0,false,17.65353176576308,2164.1666666666665,164.72943840973858
Michigan,2024-06-01,2024,June,1722.0,false,10099962.0,false,17.049569097388684,2119.5833333333335,189.80011415521673
Michigan,2024-07-01,2024,July,1623.0,false,10099962.0,false,16.06936738969909,2071.0,211.40955512937433
Michigan,2024-08-01,2024,August,1526.0,false,10099962.0,false,15.108967736710298,2014.1666666666667,233.32023772774903
Michigan,2024-09-01,2024,September,1431.0,false,10099962.0,false,14.168370138422302,1949.0833333333333,252.36101785603358
Michigan,2024-10-01,2024,October,1337.0,false,10099962.0,false,13.237673567484709,1877.5,268.1998915327555
Michigan,2024-11-01,2024,November,1271.0,false,10099962.0,false,12.584205762358312,1801.1666666666667,281.62865083243383
Michigan,2024-12-01,2024,December,1181.0,false,10099962.0,false,11.69311330082232,1725.1666666666667,292.0818170971754
Michigan,2025-01-01,2025,January,1125.0,false,10127884.0,false,11.107947128936312,1644.5833333333333,298.15110822087064
Michigan,2025-02-01,2025,February,1100.0,false,10127884.0,false,10.861103859404393,1564.8333333333333,298.50348965017696
Michigan,2025-03-01,2025,March,1054.0,false,10127884.0,false,10.406912243465664,1488.8333333333333,290.2894584668374
Michigan,2025-04-01,2025,April,1008.0,false,10127884.0,false,9.952720627526935,1416.5,280.5204578506303
Michigan,2025-05-01,2025,May,964.0,false,10127884.0,false,9.51827647315076,1346.75,268.0719459059791
Michigan,2025-06-01,2025,June,944.0,false,10127884.0,false,9.320801857525225,1278.5,250.5947470972352
Michigan,2025-07-01,2025,July,945.0,false,10127884.0,false,9.3306755883065,1213.6666666666667,224.72865793434016
Michigan,2025-08-01,2025,August,945.0,false,10127884.0,false,9.3306755883065,1157.1666666666667,195.8324113453474
Michigan,2025-09-01,2025,September,939.0,false,10127884.0,false,9.271433203618841,1108.75,165.8861192066851
Michigan,2025-10-01,2025,October,945.0,false,10127884.0,false,9.3306755883065,1067.75,137.34437474002078
Michigan,2025-11-01,2025,November,949.0,false,10127884.0,false,9.370170511431608,1035.0833333333333,111.707783022844
Michigan,2025-12-01,2025,December,962.0,false,10127884.0,false,9.498529011588206,1008.25,85.48165672449055
Michigan,2026-01-01,2026,January,957.0,false,10155883.0,true,9.423109738463904,990.0,66.52272339037788
Michigan,2026-02-01,2026,February,933.0,false,10155883.0,true,9.186793506778288,976.0,51.513458082683236
Michigan,2026-03-01,2026,March,941.0,false,10155883.0,true,9.265565584006826,962.0833333333334,34.82281993002271
Michigan,2026-04-01,2026,April,934.0,false,10155883.0,true,9.196640016431855,952.6666666666666,19.703868255812715
New York,2015-01-01,2015,January,287.0,false,19657321.0,false,1.4600158383739066,,
New York,2015-02-01,2015,February,306.0,false,19657321.0,false,1.556671939172179,287.0,
New York,2015-03-01,2015,March,337.0,false,19657321.0,false,1.7143739983693609,296.5,13.435028842544403
New York,2015-04-01,2015,April,375.0,false,19657321.0,false,1.9076861999659058,310.0,25.238858928247925
New York,2015-05-01,2015,May,398.0,false,19657321.0,false,2.0246909535638147,326.25,38.48268008684773
New York,2015-06-01,2015,June,423.0,false,19657321.0,false,2.1518700335615417,340.6,46.26337644400805
New York,2015-07-01,2015,July,454.0,false,19657321.0,false,2.309572092758723,354.3333333333333,53.32791639157361
New York,2015-08-01,2015,August,491.0,false,19657321.0,false,2.4977971311553593,368.57142857142856,61.554466783105006
New York,2015-09-01,2015,September,540.0,false,19657321.0,false,2.747068127950904,383.875,71.5630341527164
New York,2015-10-01,2015,October,580.0,false,19657321.0,false,2.950554655947268,401.22222222222223,84.79059172127789
New York,2015-11-01,2015,November,636.0,false,19657321.0,false,3.235435795142176,419.1,97.91203535146565
New York,2015-12-01,2015,December,668.0,false,19657321.0,false,3.398225017539267,438.8181818181818,113.60001600512047
New York,2016-01-01,2016,January,723.0,false,19636391.0,false,3.6819393135938268,457.9166666666667,126.92048930752117
New York,2016-02-01,2016,February,820.0,false,19636391.0,false,4.175920106703925,494.25,135.6507045184935
New York,2016-03-01,2016,March,910.0,false,19636391.0,false,4.6342528013421616,537.0833333333334,151.0782207595747
New York,2016-04-01,2016,April,986.0,false,19636391.0,false,5.021289299036671,584.8333333333334,171.29020209379559
New York,2016-05-01,2016,May,1061.0,false,19636391.0,false,5.403233211235201,635.75,192.71699693875186
New York,2016-06-01,2016,June,1152.0,false,19636391.0,false,5.866658491369417,691.0,212.39328871437792
New York,2016-07-01,2016,July,1255.0,false,19636391.0,false,6.391194797455397,751.75,232.1109158844695
New York,2016-08-01,2016,August,1339.0,false,19636391.0,false,6.818971979117752,818.5,252.94070451392358
New York,2016-09-01,2016,September,1416.0,false,19636391.0,false,7.211101062308242,889.1666666666666,270.942406940641
New York,2016-10-01,2016,October,1488.0,false,19636391.0,false,7.57776721801883,962.1666666666666,285.9109312461848
New York,2016-11-01,2016,November,1567.0,false,19636391.0,false,7.980081472201283,1037.8333333333333,295.5641242017568
New York,2016-12-01,2016,December,1674.0,false,19636391.0,false,8.524988120271184,1115.4166666666667,302.60338829243244
New York,2017-01-01,2017,January,1789.0,false,19593849.0,false,9.130416387306036,1199.25,306.7059963251749
New York,2017-02-01,2017,February,1833.0,false,19593849.0,false,9.354976656194504,1288.0833333333333,310.578480298044
New York,2017-03-01,2017,March,1873.0,false,19593849.0,false,9.559122355184016,1372.5,309.45215520922847
New York,2017-04-01,2017,April,1912.0,false,19593849.0,false,9.758164411698793,1452.75,303.4169423567032
New York,2017-05-01,2017,May,2005.0,false,19593849.0,false,10.232803161849414,1529.9166666666667,291.4351505390126
New York,2017-06-01,2017,June,2090.0,false,19593849.0,false,10.666612772202134,1608.5833333333333,280.5577102627529
New York,2017-07-01,2017,July,2138.0,false,19593849.0,false,10.91158761098955,1686.75,272.3320583405486
New York,2017-08-01,2017,August,2169.0,false,19593849.0,false,11.069800527706425,1760.3333333333333,264.241051567188
New York,2017-09-01,2017,September,2243.0,false,19593849.0,false,11.447470070837026,1829.5,252.28681369353484
New York,2017-10-01,2017,October,2262.0,false,19593849.0,false,11.544439277857045,1898.4166666666667,241.80023999286286
New York,2017-11-01,2017,November,2254.0,false,19593849.0,false,11.503610138059143,1962.9166666666667,225.01897226409125
New York,2017-12-01,2017,December,2260.0,false,19593849.0,false,11.53423199290757,2020.1666666666667,201.27269305521037
New York,2018-01-01,2018,January,2260.0,false,19544098.0,false,11.563593264831153,2069.0,179.5676626081251
New York,2018-02-01,2018,February,2240.0,false,19544098.0,false,11.461260581071585,2108.25,163.56379072509813
New York,2018-03-01,2018,March,2233.0,false,19544098.0,false,11.425444141755737,2142.1666666666665,142.08693454958134
New York,2018-04-01,2018,April,2244.0,false,19544098.0,false,11.481727117823498,2172.1666666666665,115.63094374567358
New York,2018-05-01,2018,May,2219.0,false,19544098.0,false,11.353811263124038,2199.8333333333335,82.77223220526578
New York,2018-06-01,2018,June,2206.0,false,19544098.0,false,11.28729501868032,2217.6666666666665,55.55886858808288
New York,2018-07-01,2018,July,2205.0,false,19544098.0,false,11.282178384492342,2227.3333333333335,38.92961792151513
New York,2018-08-01,2018,August,2238.0,false,19544098.0,false,11.45102731269563,2232.9166666666665,28.30823308873344
New York,2018-09-01,2018,September,2177.0,false,19544098.0,false,11.138912627228946,2238.6666666666665,19.905838948470173
New York,2018-10-01,2018,October,2206.0,false,19544098.0,false,11.28729501868032,2233.1666666666665,26.59402986089975
New York,2018-11-01,2018,November,2219.0,false,19544098.0,false,11.353811263124038,2228.5,25.980762113533025
New York,2018-12-01,2018,December,2209.0,false,19544098.0,false,11.302644921244255,2225.5833333333335,24.795374690869394
New York,2019-01-01,2019,January,2155.0,false,19463131.0,false,11.072216489731277,2221.3333333333335,22.636789578565203
New York,2019-02-01,2019,February,2182.0,false,19463131.0,false,11.210940315820716,2212.5833333333335,26.32474927216632
New York,2019-03-01,2019,March,2201.0,false,19463131.0,false,11.308560786031805,2207.75,26.15730386439996
New York,2019-04-01,2019,April,2175.0,false,19463131.0,false,11.17497487942716,2205.0833333333335,24.952530690869654
New York,2019-05-01,2019,May,2166.0,false,19463131.0,false,11.128733604064012,2199.3333333333335,23.04672460788117
New York,2019-06-01,2019,June,2156.0,false,19463131.0,false,11.07735440921607,2194.9166666666665,23.994159642915083
New York,2019-07-01,2019,July,2178.0,false,19463131.0,false,11.190388637881542,2190.75,26.139920706564045
New York,2019-08-01,2019,August,2165.0,false,19463131.0,false,11.123595684579218,2188.5,25.963260756132343
New York,2019-09-01,2019,September,2211.0,false,19463131.0,false,11.359939980879746,2182.4166666666665,21.47496780962044
New York,2019-10-01,2019,October,2248.0,false,19463131.0,false,11.550043001817128,2185.25,22.891542701895865
New York,2019-11-01,2019,November,2295.0,false,19463131.0,false,11.79152521760245,2188.75,28.80064708869008
New York,2019-12-01,2019,December,2348.0,false,19463131.0,false,12.063834950296538,2195.0833333333335,41.57896831404795
New York,2020-01-01,2020,January,2438.0,false,20122262.0,false,12.115934083355043,2206.6666666666665,60.750358522448636
New York,2020-02-01,2020,February,2536.0,false,20122262.0,false,12.602956864392283,2230.25,87.78499043375567
New York,2020-03-01,2020,March,2639.0,false,20122262.0,false,13.114827746502852,2259.75,122.65259512504865
New York,2020-04-01,2020,April,2800.0,false,20122262.0,false,13.914936601064037,2296.25,162.33306110362344
New York,2020-05-01,2020,May,3000.0,false,20122262.0,false,14.90886064399718,2348.3333333333335,212.4280983525888
New York,2020-06-01,2020,June,3118.0,false,20122262.0,false,15.495275829327738,2417.8333333333335,274.66403720424245
New York,2020-07-01,2020,July,3229.0,false,20122262.0,false,16.046903673155633,2498.0,326.7470525706946
New York,2020-08-01,2020,August,3389.0,false,20122262.0,false,16.842042907502147,2585.5833333333335,371.03184336102316
New York,2020-09-01,2020,September,3483.0,false,20122262.0,false,17.30918720768073,2687.5833333333335,410.9911430882298
New York,2020-10-01,2020,October,3577.0,false,20122262.0,false,17.776331507859304,2793.5833333333335,439.91475586099904
New York,2020-11-01,2020,November,3672.0,false,20122262.0,false,18.248445428252552,2904.3333333333335,457.0327884265746
New York,2020-12-01,2020,December,3768.0,false,20122262.0,false,18.72552896886046,3019.0833333333335,462.96307693601324
New York,2021-01-01,2021,January,3940.0,false,19835345.0,false,19.863531488864954,3137.4166666666665,457.28178269845694
New York,2021-02-01,2021,February,3981.0,false,19835345.0,false,20.070233212480044,3262.5833333333335,453.98527375662627
New York,2021-03-01,2021,March,4083.0,false,19835345.0,false,20.58446676879076,3383.0,434.9844302333758
New York,2021-04-01,2021,April,4109.0,false,19835345.0,false,20.715545910595456,3503.3333333333335,409.43738189980877
New York,2021-05-01,2021,May,4093.0,false,19835345.0,false,20.63488182333103,3612.4166666666665,378.200634183722
New York,2021-06-01,2021,June,4146.0,false,19835345.0,false,20.90208161239444,3703.5,347.68650979137675
New York,2021-07-01,2021,July,4200.0,false,19835345.0,false,21.17432290691188,3789.1666666666665,315.4615185675897
New York,2021-08-01,2021,August,4273.0,false,19835345.0,false,21.542352805055824,3870.0833333333335,281.40926467055806
New York,2021-09-01,2021,September,4366.0,false,19835345.0,false,22.011212812280302,3943.75,258.82290365140693
New York,2021-10-01,2021,October,4438.0,false,19835345.0,false,22.37420120497022,4017.3333333333335,240.81540774223873
New York,2021-11-01,2021,November,4509.0,false,19835345.0,false,22.73214809220611,4089.0833333333335,225.46979573299558
New York,2021-12-01,2021,December,4592.0,false,19835345.0,false,23.15059304489032,4158.833333333333,213.8805245642502
New York,2022-01-01,2022,January,4599.0,false,19713025.0,false,23.329752790350543,4227.5,209.21824186067713
New York,2022-02-01,2022,February,4649.0,false,19713025.0,false,23.583392198812714,4282.416666666667,213.34157772895261
New York,2022-03-01,2022,March,4650.0,false,19713025.0,false,23.588464986981958,4338.083333333333,214.6893986176033
New York,2022-04-01,2022,April,4687.0,false,19713025.0,false,23.776158149243965,4385.333333333333,215.83677895927565
New York,2022-05-01,2022,May,4734.0,false,19713025.0,false,24.014579193198404,4433.5,213.03926227981373
New York,2022-06-01,2022,June,4779.0,false,19713025.0,false,24.242854660814363,4486.916666666667,199.8551558837884
New York,2022-07-01,2022,July,4856.0,false,19713025.0,false,24.633459349846106,4539.666666666667,184.6521709659116
New York,2022-08-01,2022,August,4871.0,false,19713025.0,false,24.709551172384757,4594.333333333333,171.5948363989656
New York,2022-09-01,2022,September,4908.0,false,19713025.0,false,24.897244334646764,4644.166666666667,155.9083841312718
New York,2022-10-01,2022,October,4946.0,false,19713025.0,false,25.090010285078012,4689.333333333333,146.2042987387753
New York,2022-11-01,2022,November,5041.0,false,19713025.0,false,25.57192516115614,4731.666666666667,140.23897353079042
New York,2022-12-01,2022,December,5106.0,false,19713025.0,false,25.901656392156966,4776.0,147.35794392011462
New York,2023-01-01,2023,January,5139.0,false,19786543.0,false,25.97219736666481,4818.833333333333,162.89585816115937
New York,2023-02-01,2023,February,5161.0,false,19786543.0,false,26.083384045409048,4863.833333333333,171.0304775249838
New York,2023-03-01,2023,March,5183.0,false,19786543.0,false,26.194570724153277,4906.5,176.34547704074302
New York,2023-04-01,2023,April,5271.0,false,19786543.0,false,26.63931743913022,4950.916666666667,172.95845971758365
New York,2023-05-01,2023,May,5285.0,false,19786543.0,false,26.7100725983311,4999.583333333333,174.10574547113768
New York,2023-06-01,2023,June,5344.0,false,19786543.0,false,27.008255054963364,5045.5,170.31228002487873
New York,2023-07-01,2023,July,5308.0,false,19786543.0,false,26.826313217018253,5092.583333333333,168.0224326653679
New York,2023-08-01,2023,August,5324.0,false,19786543.0,false,26.907176256104968,5130.25,160.66742895581774
New York,2023-09-01,2023,September,5274.0,false,19786543.0,false,26.65447925895898,5168.0,146.84004903295246
New York,2023-10-01,2023,October,5258.0,false,19786543.0,false,26.573616219872264,5198.5,124.19010354364731
New York,2023-11-01,2023,November,5162.0,false,19786543.0,false,26.088437985351963,5224.5,95.97679643822991
New York,2023-12-01,2023,December,5120.0,false,19786543.0,false,25.87617250774933,5234.583333333333,79.96642287784792
New York,2024-01-01,2024,January,5020.0,false,20001419.0,false,25.098219281341986,5235.75,77.99781465470096
New York,2024-02-01,2024,February,4971.0,false,20001419.0,false,24.853236662858773,5225.833333333333,96.73190066395173
New York,2024-03-01,2024,March,4879.0,false,20001419.0,false,24.393269297543338,5210.0,120.8515242315584
New York,2024-04-01,2024,April,4733.0,false,20001419.0,false,23.66332108736885,5184.666666666667,154.2685576479794
New York,2024-05-01,2024,May,4591.0,false,20001419.0,false,22.953371458295035,5139.833333333333,198.6810295804594
New York,2024-06-01,2024,June,4387.0,false,20001419.0,false,21.933443822160818,5082.0,247.57441489194912
New York,2024-07-01,2024,July,4222.0,false,20001419.0,false,21.108502351758144,5002.25,303.35761224846675
New York,2024-08-01,2024,August,4008.0,false,20001419.0,false,20.03857826287225,4911.75,360.4679093017346
New York,2024-09-01,2024,September,3830.0,false,20001419.0,false,19.148641403892395,4802.083333333333,419.0683299314267
New York,2024-10-01,2024,October,3610.0,false,20001419.0,false,18.048719443355495,4681.75,474.8473678217795
New York,2024-11-01,2024,November,3421.0,false,20001419.0,false,17.103786486348792,4544.416666666667,528.3369204543174
New York,2024-12-01,2024,December,3174.0,false,20001419.0,false,15.868874103382364,4399.333333333333,579.8592828254008
New York,2025-01-01,2025,January,3012.0,false,20002427.0,false,15.058172690743978,4237.166666666667,629.9429748121266
New York,2025-02-01,2025,February,2851.0,false,20002427.0,false,14.25327036564113,4069.8333333333335,668.6016388815925
New York,2025-03-01,2025,March,2712.0,false,20002427.0,false,13.558354693657924,3893.1666666666665,688.6237702618874
New York,2025-04-01,2025,April,2598.0,false,20002427.0,false,12.988423854765223,3712.5833333333335,690.7303721204801
New York,2025-05-01,2025,May,2506.0,false,20002427.0,false,12.52847966899217,3534.6666666666665,678.861792512536
New York,2025-06-01,2025,June,2440.0,false,20002427.0,false,12.198519709633235,3360.9166666666665,650.1351549462387
New York,2025-07-01,2025,July,2400.0,false,20002427.0,false,11.998543976688428,3198.6666666666665,612.6524052813056
New York,2025-08-01,2025,August,2333.0,false,20002427.0,false,11.663584624005876,3046.8333333333335,559.4469401005592
New York,2025-09-01,2025,September,2358.0,false,20002427.0,false,11.788569457096381,2907.25,504.0476393430217
New York,2025-10-01,2025,October,2325.0,false,20002427.0,false,11.623589477416916,2784.5833333333335,433.2065344788227
New York,2025-11-01,2025,November,2300.0,false,20002427.0,false,11.498604644326411,2677.5,363.8992118205759
New York,2025-12-01,2025,December,2311.0,false,20002427.0,false,11.553597970886234,2584.0833333333335,292.5814442427126
New York,2026-01-01,2026,January,2284.0,false,20003435.0,true,11.418038951810026,2512.1666666666665,234.74389655472825
New York,2026-02-01,2026,February,2266.0,false,20003435.0,true,11.328054406655657,2451.5,181.96228380428937
New York,2026-03-01,2026,March,2206.0,false,20003435.0,true,11.028105922807757,2402.75,138.3356425510071
New York,2026-04-01,2026,April,2148.0,false,20003435.0,true,10.738155721754788,2360.5833333333335,109.64526133551479
Florida,2015-01-01,2015,January,5.0,true,20219111.0,false,0.024729079334892618,,
Florida,2015-02-01,2015,February,5.0,true,20219111.0,false,0.024729079334892618,5.0,
Florida,2015-03-01,2015,March,5.0,true,20219111.0,false,0.024729079334892618,5.0,0.0
Florida,2015-04-01,2015,April,5.0,true,20219111.0,false,0.024729079334892618,5.0,0.0
Florida,2015-05-01,2015,May,5.0,true,20219111.0,false,0.024729079334892618,5.0,0.0
Florida,2015-06-01,2015,June,5.0,true,20219111.0,false,0.024729079334892618,5.0,0.0
Florida,2015-07-01,2015,July,5.0,true,20219111.0,false,0.024729079334892618,5.0,0.0
Florida,2015-08-01,2015,August,5.0,true,20219111.0,false,0.024729079334892618,5.0,0.0
Florida,2015-09-01,2015,September,5.0,true,20219111.0,false,0.024729079334892618,5.0,0.0
Florida,2015-10-01,2015,October,5.0,true,20219111.0,false,0.024729079334892618,5.0,0.0
Florida,2015-11-01,2015,November,5.0,true,20219111.0,false,0.024729079334892618,5.0,0.0
Florida,2015-12-01,2015,December,5.0,true,20219111.0,false,0.024729079334892618,5.0,0.0
Florida,2016-01-01,2016,January,5.0,true,20627237.0,false,0.02423979517954828,5.0,0.0
Florida,2016-02-01,2016,February,5.0,true,20627237.0,false,0.02423979517954828,5.0,0.0
Florida,2016-03-01,2016,March,5.0,true,20627237.0,false,0.02423979517954828,5.0,0.0
Florida,2016-04-01,2016,April,5.0,true,20627237.0,false,0.02423979517954828,5.0,0.0
Florida,2016-05-01,2016,May,5.0,true,20627237.0,false,0.02423979517954828,5.0,0.0
Florida,2016-06-01,2016,June,5.0,true,20627237.0,false,0.02423979517954828,5.0,0.0
Florida,2016-07-01,2016,July,5.0,true,20627237.0,false,0.02423979517954828,5.0,0.0
Florida,2016-08-01,2016,August,5.0,true,20627237.0,false,0.02423979517954828,5.0,0.0
Florida,2016-09-01,2016,September,5.0,true,20627237.0,false,0.02423979517954828,5.0,0.0
Florida,2016-10-01,2016,October,5.0,true,20627237.0,false,0.02423979517954828,5.0,0.0
Florida,2016-11-01,2016,November,5.0,true,20627237.0,false,0.02423979517954828,5.0,0.0
Florida,2016-12-01,2016,December,5.0,true,20627237.0,false,0.02423979517954828,5.0,0.0
Florida,2017-01-01,2017,January,5.0,true,20977089.0,false,0.023835528370976546,5.0,0.0
Florida,2017-02-01,2017,February,5.0,true,20977089.0,false,0.023835528370976546,5.0,0.0
Florida,2017-03-01,2017,March,5.0,true,20977089.0,false,0.023835528370976546,5.0,0.0
Florida,2017-04-01,2017,April,5.0,true,20977089.0,false,0.023835528370976546,5.0,0.0
Florida,2017-05-01,2017,May,5.0,true,20977089.0,false,0.023835528370976546,5.0,0.0
Florida,2017-06-01,2017,June,5.0,true,20977089.0,false,0.023835528370976546,5.0,0.0
Florida,2017-07-01,2017,July,5.0,true,20977089.0,false,0.023835528370976546,5.0,0.0
Florida,2017-08-01,2017,August,5.0,true,20977089.0,false,0.023835528370976546,5.0,0.0
Florida,2017-09-01,2017,September,5.0,true,20977089.0,false,0.023835528370976546,5.0,0.0
Florida,2017-10-01,2017,October,5.0,true,20977089.0,false,0.023835528370976546,5.0,0.0
Florida,2017-11-01,2017,November,5.0,true,20977089.0,false,0.023835528370976546,5.0,0.0
Florida,2017-12-01,2017,December,5.0,true,20977089.0,false,0.023835528370976546,5.0,0.0
Florida,2018-01-01,2018,January,5.0,true,21254926.0,false,0.023523958634341986,5.0,0.0
Florida,2018-02-01,2018,February,5.0,true,21254926.0,false,0.023523958634341986,5.0,0.0
Florida,2018-03-01,2018,March,5.0,true,21254926.0,false,0.023523958634341986,5.0,0.0
Florida,2018-04-01,2018,April,5.0,true,21254926.0,false,0.023523958634341986,5.0,0.0
Florida,2018-05-01,2018,May,5.0,true,21254926.0,false,0.023523958634341986,5.0,0.0
Florida,2018-06-01,2018,June,5.0,true,21254926.0,false,0.023523958634341986,5.0,0.0
Florida,2018-07-01,2018,July,5.0,true,21254926.0,false,0.023523958634341986,5.0,0.0
Florida,2018-08-01,2018,August,5.0,true,21254926.0,false,0.023523958634341986,5.0,0.0
Florida,2018-09-01,2018,September,5.0,true,21254926.0,false,0.023523958634341986,5.0,0.0
Florida,2018-10-01,2018,October,5.0,true,21254926.0,false,0.023523958634341986,5.0,0.0
Florida,2018-11-01,2018,November,5.0,true,21254926.0,false,0.023523958634341986,5.0,0.0
Florida,2018-12-01,2018,December,5.0,true,21254926.0,false,0.023523958634341986,5.0,0.0
Florida,2019-01-01,2019,January,5.0,true,21492056.0,false,0.023264409882423533,5.0,0.0
Florida,2019-02-01,2019,February,5.0,true,21492056.0,false,0.023264409882423533,5.0,0.0
Florida,2019-03-01,2019,March,5.0,true,21492056.0,false,0.023264409882423533,5.0,0.0
Florida,2019-04-01,2019,April,5.0,true,21492056.0,false,0.023264409882423533,5.0,0.0
Florida,2019-05-01,2019,May,5.0,true,21492056.0,false,0.023264409882423533,5.0,0.0
Florida,2019-06-01,2019,June,5.0,true,21492056.0,false,0.023264409882423533,5.0,0.0
Florida,2019-07-01,2019,July,5.0,true,21492056.0,false,0.023264409882423533,5.0,0.0
Florida,2019-08-01,2019,August,5.0,true,21492056.0,false,0.023264409882423533,5.0,0.0
Florida,2019-09-01,2019,September,5.0,true,21492056.0,false,0.023264409882423533,5.0,0.0
Florida,2019-10-01,2019,October,2876.0,false,21492056.0,false,13.381688564370018,5.0,0.0
Florida,2019-11-01,2019,November,2949.0,false,21492056.0,false,13.7213489486534,244.25,828.7863114217078
Florida,2019-12-01,2019,December,3039.0,false,21492056.0,false,14.140108326537025,489.5833333333333,1131.849850171538
Florida,2020-01-01,2020,January,3119.0,false,21591325.0,false,14.445616468651183,742.4166666666666,1334.491149760042
Florida,2020-02-01,2020,February,3236.0,false,21591325.0,false,14.987500767090488,1001.9166666666666,1473.5798993257777
Florida,2020-03-01,2020,March,3436.0,false,21591325.0,false,15.913798713140578,1271.1666666666667,1567.0804837098324
Florida,2020-04-01,2020,April,3670.0,false,21591325.0,false,16.997567310019186,1557.0833333333333,1626.918417708395
Florida,2020-05-01,2020,May,4014.0,false,21591325.0,false,18.590799777225342,1862.5,1652.8653082670492
Florida,2020-06-01,2020,June,4238.0,false,21591325.0,false,19.628253476801447,2196.5833333333335,1648.4402246494788
Florida,2020-07-01,2020,July,4423.0,false,21591325.0,false,20.485079076897783,2549.3333333333335,1588.6546814741387
Florida,2020-08-01,2020,August,4595.0,false,21591325.0,false,21.28169531050086,2917.5,1451.4098161943975
Florida,2020-09-01,2020,September,4752.0,false,21591325.0,false,22.00883919815018,3300.0,1196.516534855168
Florida,2020-10-01,2020,October,5.0,true,21591325.0,false,0.023157448651252296,3695.5833333333335,682.3498780395624
Florida,2020-11-01,2020,November,4933.0,false,21591325.0,false,22.847138839325517,3456.3333333333335,1257.1040553830878
Florida,2020-12-01,2020,December,5.0,true,21591325.0,false,0.023157448651252296,3621.6666666666665,1313.5155003641828
Florida,2021-01-01,2021,January,5145.0,false,21836698.0,false,23.561254544986607,3368.8333333333335,1677.450274745104
Florida,2021-02-01,2021,February,5221.0,false,21836698.0,false,23.90929251299807,3537.6666666666665,1750.3903114517752
Florida,2021-03-01,2021,March,5276.0,false,21836698.0,false,24.16116209511163,3703.0833333333335,1812.000022994849
Florida,2021-04-01,2021,April,5384.0,false,21836698.0,false,24.65574236544371,3856.4166666666665,1864.4371540803277
Florida,2021-05-01,2021,May,5321.0,false,21836698.0,false,24.36723720775,3999.25,1913.8568448886851
Florida,2021-06-01,2021,June,5376.0,false,21836698.0,false,24.619106789863558,4108.166666666667,1951.5909516146673
Florida,2021-07-01,2021,July,5409.0,false,21836698.0,false,24.770228539131693,4203.0,1985.8225682893406
Florida,2021-08-01,2021,August,5452.0,false,21836698.0,false,24.967144757875023,4285.166666666667,2015.9235119568914
Florida,2021-09-01,2021,September,5445.0,false,21836698.0,false,24.93508862924239,4356.583333333333,2042.8972945453245
Florida,2021-10-01,2021,October,5527.0,false,21836698.0,false,25.310603278938967,4414.333333333333,2064.769383263081
Florida,2021-11-01,2021,November,5544.0,false,21836698.0,false,25.388453877046796,4874.5,1541.863247090115
Florida,2021-12-01,2021,December,5602.0,false,21836698.0,false,25.65406180000291,4925.416666666667,1554.011317282607
Florida,2022-01-01,2022,January,5559.0,false,22413989.0,false,24.801475542796066,5391.833333333333,135.24175883702975
Florida,2022-02-01,2022,February,5589.0,false,22413989.0,false,24.935320526837057,5426.333333333333,118.29418900146847
Florida,2022-03-01,2022,March,5624.0,false,22413989.0,false,25.091473008218212,5457.0,107.42523827379658
Florida,2022-04-01,2022,April,5495.0,false,22413989.0,false,24.515939576841944,5486.0,100.895085023098
Florida,2022-05-01,2022,May,5481.0,false,22413989.0,false,24.45347858428948,5495.25,95.64529642001553
Florida,2022-06-01,2022,June,5388.0,false,22413989.0,false,24.0385591337624,5508.583333333333,78.81792404976889
Florida,2022-07-01,2022,July,5402.0,false,22413989.0,false,24.101020126314864,5509.583333333333,77.03890201867118
Florida,2022-08-01,2022,August,5393.0,false,22413989.0,false,24.060866631102567,5509.0,77.89153297432858
Florida,2022-09-01,2022,September,5370.0,false,22413989.0,false,23.958252143337806,5504.083333333333,83.47831327883212
Florida,2022-10-01,2022,October,5350.0,false,22413989.0,false,23.86902215397714,5497.833333333333,90.7913024802512
Florida,2022-11-01,2022,November,5309.0,false,22413989.0,false,23.686100675787785,5483.083333333333,99.57496795090746
Florida,2022-12-01,2022,December,5326.0,false,22413989.0,false,23.761946166744348,5463.5,109.15335334040228
Florida,2023-01-01,2023,January,5333.0,false,22929248.0,false,23.25850372415179,5440.5,106.35916851533156
Florida,2023-02-01,2023,February,5328.0,false,22929248.0,false,23.236697514022264,5421.666666666667,103.43758182272697
Florida,2023-03-01,2023,March,5226.0,false,22929248.0,false,22.79185082737995,5399.916666666667,91.84419448504116
Florida,2023-04-01,2023,April,5215.0,false,22929248.0,false,22.743877165094993,5366.75,73.6220384494653
Florida,2023-05-01,2023,May,5171.0,false,22929248.0,false,22.551982515955167,5343.416666666667,73.65084500327875
Florida,2023-06-01,2023,June,5140.0,false,22929248.0,false,22.41678401315211,5317.583333333333,75.35305788973221
Florida,2023-07-01,2023,July,5093.0,false,22929248.0,false,22.21180563793457,5296.916666666667,87.33994018497573
Florida,2023-08-01,2023,August,5038.0,false,22929248.0,false,21.971937326509792,5271.166666666667,98.39330477345794
Florida,2023-09-01,2023,September,5001.0,false,22929248.0,false,21.810571371551305,5241.583333333333,110.99341367300983
Florida,2023-10-01,2023,October,4936.0,false,22929248.0,false,21.527090639867474,5210.833333333333,122.68128206738375
Florida,2023-11-01,2023,November,4869.0,false,22929248.0,false,21.234887424131834,5176.333333333333,137.32531603547244
Florida,2023-12-01,2023,December,4801.0,false,22929248.0,false,20.938322966370286,5139.666666666667,156.13533368280983
Florida,2024-01-01,2024,January,4722.0,false,23265838.0,false,20.29585179781618,5095.916666666667,171.93204700659746
Florida,2024-02-01,2024,February,4638.0,false,23265838.0,false,19.934807420218434,5045.0,185.29141666820152
Florida,2024-03-01,2024,March,4559.0,false,23265838.0,false,19.595253779382457,4987.5,196.22505631868916
Florida,2024-04-01,2024,April,4429.0,false,23265838.0,false,19.03649462357642,4931.916666666667,215.9972467557404
Florida,2024-05-01,2024,May,4334.0,false,23265838.0,false,18.62817062510278,4866.416666666667,240.1720816162419
Florida,2024-06-01,2024,June,4193.0,false,23265838.0,false,18.022131848420848,4796.666666666667,264.02903880697204
Florida,2024-07-01,2024,July,3986.0,false,23265838.0,false,17.132415346483544,4717.75,292.1124083138354
Florida,2024-08-01,2024,August,3788.0,false,23265838.0,false,16.28138217071743,4625.5,334.5486783441508
Florida,2024-09-01,2024,September,3592.0,false,23265838.0,false,15.438945289656019,4521.333333333333,385.2027407939246
Florida,2024-10-01,2024,October,5.0,true,23265838.0,false,0.02149073676177063,4403.916666666667,436.9660811328564
Florida,2024-11-01,2024,November,5.0,true,23265838.0,false,0.02149073676177063,3993.0,1319.140836095428
Florida,2024-12-01,2024,December,5.0,true,23265838.0,false,0.02149073676177063,3587.6666666666665,1713.7594152427966
Florida,2025-01-01,2025,January,5.0,true,23462518.0,false,0.021310585675416424,3188.0,1948.267435441038
Florida,2025-02-01,2025,February,5.0,true,23462518.0,false,0.021310585675416424,2794.9166666666665,2081.899589681296
Florida,2025-03-01,2025,March,5.0,true,23462518.0,false,0.021310585675416424,2408.8333333333335,2137.8689403376916
Florida,2025-04-01,2025,April,5.0,true,23462518.0,false,0.021310585675416424,2029.3333333333333,2125.650160788601
Florida,2025-05-01,2025,May,5.0,true,23462518.0,false,0.021310585675416424,1660.6666666666667,2054.0606936829627
Florida,2025-06-01,2025,June,5.0,true,23462518.0,false,0.021310585675416424,1299.9166666666667,1917.4711783223681
Florida,2025-07-01,2025,July,2106.0,false,23462518.0,false,8.976018686485398,950.9166666666666,1713.2881442277928
Florida,2025-08-01,2025,August,2042.0,false,23462518.0,false,8.703243189840068,794.25,1480.690018814938
Florida,2025-09-01,2025,September,2001.0,false,23462518.0,false,8.528496387301653,648.75,1223.1542774170541
Florida,2025-10-01,2025,October,1987.0,false,23462518.0,false,8.468826747410485,516.1666666666666,925.0105486704005
Florida,2025-11-01,2025,November,1951.0,false,23462518.0,false,8.315390530547488,681.3333333333334,999.3993044309016
Florida,2025-12-01,2025,December,1947.0,false,23462518.0,false,8.298342062007155,843.5,1036.8588489892309
Florida,2026-01-01,2026,January,5.0,true,23660861.0,true,0.021131944437693964,1005.3333333333334,1045.6050300127094
Florida,2026-02-01,2026,February,5.0,true,23660861.0,true,0.021131944437693964,1005.3333333333334,1045.6050300127092
Florida,2026-03-01,2026,March,5.0,true,23660861.0,true,0.021131944437693964,1005.3333333333334,1045.6050300127092
Florida,2026-04-01,2026,April,5.0,true,23660861.0,true,0.021131944437693964,1005.3333333333334,1045.6050300127092
Ohio,2015-01-01,2015,January,5.0,true,11622315.0,false,0.04302068907958526,,
Ohio,2015-02-01,2015,February,5.0,true,11622315.0,false,0.04302068907958526,5.0,
Ohio,2015-03-01,2015,March,5.0,true,11622315.0,false,0.04302068907958526,5.0,0.0
Ohio,2015-04-01,2015,April,823.0,false,11622315.0,false,7.0812054224997345,5.0,0.0
Ohio,2015-05-01,2015,May,898.0,false,11622315.0,false,7.726515758693513,209.5,409.0
Ohio,2015-06-01,2015,June,924.0,false,11622315.0,false,7.950223341907357,347.2,469.3263257052602
Ohio,2015-07-01,2015,July,976.0,false,11622315.0,false,8.397638508335042,443.3333333333333,481.31431172017597
Ohio,2015-08-01,2015,August,1010.0,false,11622315.0,false,8.690179194076224,519.4285714285714,483.3076512060261
Ohio,2015-09-01,2015,September,1062.0,false,11622315.0,false,9.13759436050391,580.75,479.89515223937946
Ohio,2015-10-01,2015,October,1122.0,false,11622315.0,false,9.653842629458932,634.2222222222222,476.7026792922864
Ohio,2015-11-01,2015,November,1196.0,false,11622315.0,false,10.290548827836796,683.0,475.1722494703018
Ohio,2015-12-01,2015,December,1244.0,false,11622315.0,false,10.703547443000813,729.6363636363636,476.5860410728105
Ohio,2016-01-01,2016,January,1314.0,false,11640060.0,false,11.288601605146365,772.5,478.0514426483638
Ohio,2016-02-01,2016,February,1373.0,false,11640060.0,false,11.795471844646848,881.5833333333334,434.34809214674254
Ohio,2016-03-01,2016,March,1492.0,false,11640060.0,false,12.8178033446563,995.5833333333334,355.7809485249784
Ohio,2016-04-01,2016,April,1540.0,false,11640060.0,false,13.230172353063471,1119.5,207.4281912987108
Ohio,2016-05-01,2016,May,1606.0,false,11640060.0,false,13.797179739623335,1179.25,217.28871660451298
Ohio,2016-06-01,2016,June,1695.0,false,11640060.0,false,14.561780609378301,1238.25,229.74298881378485
Ohio,2016-07-01,2016,July,1803.0,false,11640060.0,false,15.489610878294442,1302.5,241.3844538189121
Ohio,2016-08-01,2016,August,1897.0,false,11640060.0,false,16.29716685309182,1371.4166666666667,257.229101398074
Ohio,2016-09-01,2016,September,2014.0,false,11640060.0,false,17.302316311084308,1445.3333333333333,271.005982266522
Ohio,2016-10-01,2016,October,2109.0,false,11640060.0,false,18.11846330689017,1524.6666666666667,287.4335759894113
Ohio,2016-11-01,2016,November,2180.0,false,11640060.0,false,18.72842579849245,1606.9166666666667,302.5532134512819
Ohio,2016-12-01,2016,December,2305.0,false,11640060.0,false,19.802303424552793,1688.9166666666667,314.18103013544544
Ohio,2017-01-01,2017,January,2509.0,false,11665706.0,false,21.50748527350166,1777.3333333333333,326.63639315503923
Ohio,2017-02-01,2017,February,2733.0,false,11665706.0,false,23.427643384806714,1876.9166666666667,353.5869337192337
Ohio,2017-03-01,2017,March,2795.0,false,11665706.0,false,23.959115719185792,1990.25,393.13128156565534
Ohio,2017-04-01,2017,April,2984.0,false,11665706.0,false,25.57924912559943,2098.8333333333335,421.8961167554559
Ohio,2017-05-01,2017,May,3149.0,false,11665706.0,false,26.99365130580181,2219.1666666666665,452.8117877788908
Ohio,2017-06-01,2017,June,3271.0,false,11665706.0,false,28.039451705709023,2347.75,481.06286208013114
Ohio,2017-07-01,2017,July,3346.0,false,11665706.0,false,28.682361787619197,2479.0833333333335,501.35841984703467
Ohio,2017-08-01,2017,August,3400.0,false,11665706.0,false,29.145257046594526,2607.6666666666665,509.99239447686125
Ohio,2017-09-01,2017,September,3477.0,false,11665706.0,false,29.805311397355634,2732.9166666666665,504.1201982091417
Ohio,2017-10-01,2017,October,3520.0,false,11665706.0,false,30.1739131776508,2854.8333333333335,491.19184056987785
Ohio,2017-11-01,2017,November,3574.0,false,11665706.0,false,30.636808436626126,2972.4166666666665,464.5851440377814
Ohio,2017-12-01,2017,December,3550.0,false,11665706.0,false,30.43107721041487,3088.5833333333335,420.6353329587677
Ohio,2018-01-01,2018,January,3382.0,false,11680892.0,false,28.953268294921315,3192.3333333333335,358.78692925754746
Ohio,2018-02-01,2018,February,3224.0,false,11680892.0,false,27.600631869552426,3265.0833333333335,289.4394137681048
Ohio,2018-03-01,2018,March,3177.0,false,11680892.0,false,27.19826533795536,3306.0,237.41256763854614
Ohio,2018-04-01,2018,April,3014.0,false,11680892.0,false,25.80282396241657,3337.8333333333335,181.75199552903916
Ohio,2018-05-01,2018,May,2926.0,false,11680892.0,false,25.049456839426306,3340.3333333333335,176.57516212306825
Ohio,2018-06-01,2018,June,2874.0,false,11680892.0,false,24.60428535765933,3321.75,207.55858975676762
Ohio,2018-07-01,2018,July,2865.0,false,11680892.0,false,24.527236447353506,3288.6666666666665,244.69956842601667
Ohio,2018-08-01,2018,August,2909.0,false,11680892.0,false,24.90392000884864,3248.5833333333335,272.2937779589378
Ohio,2018-09-01,2018,September,2871.0,false,11680892.0,false,24.57860238755739,3207.6666666666665,284.1066807743283
Ohio,2018-10-01,2018,October,2851.0,false,11680892.0,false,24.407382586877784,3157.1666666666665,285.7340891405323
Ohio,2018-11-01,2018,November,2814.0,false,11680892.0,false,24.090625955620514,3101.4166666666665,273.50866974237294
Ohio,2018-12-01,2018,December,2818.0,false,11680892.0,false,24.124869915756435,3038.0833333333335,240.07894850476077
Ohio,2019-01-01,2019,January,2872.0,false,11696507.0,false,24.554339171515053,2977.0833333333335,184.82003941590574
Ohio,2019-02-01,2019,February,2869.0,false,11696507.0,false,24.52869048853645,2934.5833333333335,135.2280621316404
Ohio,2019-03-01,2019,March,2918.0,false,11696507.0,false,24.94761897718695,2905.0,100.53945403761541
Ohio,2019-04-01,2019,April,2970.0,false,11696507.0,false,25.39219614881605,2883.4166666666665,53.754421946365134
Ohio,2019-05-01,2019,May,2992.0,false,11696507.0,false,25.580286490659134,2879.75,44.79067475998274
Ohio,2019-06-01,2019,June,3015.0,false,11696507.0,false,25.776926393495085,2885.25,54.07591465203827
Ohio,2019-07-01,2019,July,3025.0,false,11696507.0,false,25.862422003423756,2897.0,65.51752021059302
Ohio,2019-08-01,2019,August,2980.0,false,11696507.0,false,25.47769175874473,2910.3333333333335,74.12806281678841
Ohio,2019-09-01,2019,September,2976.0,false,11696507.0,false,25.44349351477326,2916.25,76.7974017079413
Ohio,2019-10-01,2019,October,3012.0,false,11696507.0,false,25.751277710516483,2925.0,77.15391936076392
Ohio,2019-11-01,2019,November,3110.0,false,11696507.0,false,26.58913468781748,2938.4166666666665,77.1143876840036
Ohio,2019-12-01,2019,December,3150.0,false,11696507.0,false,26.93111712753218,2963.0833333333335,80.94494013422545
Ohio,2020-01-01,2020,January,3174.0,false,11798534.0,false,26.90164727244927,2990.75,83.5443540337053
Ohio,2020-02-01,2020,February,3241.0,false,11798534.0,false,27.469514432894798,3015.9166666666665,89.77492901020798
Ohio,2020-03-01,2020,March,3227.0,false,11798534.0,false,27.350855623249462,3046.9166666666665,98.25797060736991
Ohio,2020-04-01,2020,April,3298.0,false,11798534.0,false,27.952625300736518,3072.6666666666665,101.82635248601446
Ohio,2020-05-01,2020,May,3512.0,false,11798534.0,false,29.766409962458045,3100.0,114.94030070985863
Ohio,2020-06-01,2020,June,3685.0,false,11798534.0,false,31.232693824503958,3143.3333333333335,159.79266869821333
Ohio,2020-07-01,2020,July,3799.0,false,11798534.0,false,32.198915560187395,3199.1666666666665,217.50562514495357
Ohio,2020-08-01,2020,August,3872.0,false,11798534.0,false,32.817636496195206,3263.6666666666665,269.669607055925
Ohio,2020-09-01,2020,September,3971.0,false,11798534.0,false,33.65672379297292,3338.0,304.99418772405244
Ohio,2020-10-01,2020,October,4047.0,false,11798534.0,false,34.30087161676188,3420.9166666666665,331.71440573134146
Ohio,2020-11-01,2020,November,4051.0,false,11798534.0,false,34.3347741338034,3507.1666666666665,349.7892439048335
Ohio,2020-12-01,2020,December,4126.0,false,11798534.0,false,34.97044632833198,3585.5833333333335,358.0376969318208
Ohio,2021-01-01,2021,January,4220.0,false,11761443.0,false,35.87995112504478,3666.9166666666665,360.9377831889221
Ohio,2021-02-01,2021,February,4229.0,false,11761443.0,false,35.95647234782331,3754.0833333333335,357.36344075447727
Ohio,2021-03-01,2021,March,4360.0,false,11761443.0,false,37.070281257155266,3836.4166666666665,341.8852700523786
Ohio,2021-04-01,2021,April,4420.0,false,11761443.0,false,37.580422742345476,3930.8333333333335,313.5598633096844
Ohio,2021-05-01,2021,May,4313.0,false,11761443.0,false,36.670670427089604,4024.3333333333335,272.26602409920304
Ohio,2021-06-01,2021,June,4197.0,false,11761443.0,false,35.68439688905519,4091.0833333333335,230.1763981002922
Ohio,2021-07-01,2021,July,4193.0,false,11761443.0,false,35.65038745670918,4133.75,192.41580212937532
Ohio,2021-08-01,2021,August,4244.0,false,11761443.0,false,36.084007719120855,4166.583333333333,161.18282016130476
Ohio,2021-09-01,2021,September,4245.0,false,11761443.0,false,36.092510077207365,4197.583333333333,132.61732941288656
Ohio,2021-10-01,2021,October,4242.0,false,11761443.0,false,36.06700300294785,4220.416666666667,112.05230786097034
Ohio,2021-11-01,2021,November,4236.0,false,11761443.0,false,36.015988854428834,4236.666666666667,97.85734824764377
Ohio,2021-12-01,2021,December,4209.0,false,11761443.0,false,35.78642518609324,4252.083333333333,78.63200636027557
Ohio,2022-01-01,2022,January,4179.0,false,11764950.0,false,35.52076294416891,4259.0,69.67326342553237
Ohio,2022-02-01,2022,February,4190.0,false,11764950.0,false,35.61426100408417,4255.583333333333,72.699203863758
Ohio,2022-03-01,2022,March,4149.0,false,11764950.0,false,35.26576823530912,4252.333333333333,74.83598227072507
Ohio,2022-04-01,2022,April,4069.0,false,11764950.0,false,34.58578234501634,4234.75,71.9723747508215
Ohio,2022-05-01,2022,May,4015.0,false,11764950.0,false,34.12679186906872,4205.5,60.20344297010387
Ohio,2022-06-01,2022,June,4015.0,false,11764950.0,false,34.12679186906872,4180.666666666667,72.11270639937452
Ohio,2022-07-01,2022,July,3980.0,false,11764950.0,false,33.82929804206562,4165.5,86.13994955356671
Ohio,2022-08-01,2022,August,3971.0,false,11764950.0,false,33.75279962940769,4147.75,100.67691348611608
Ohio,2022-09-01,2022,September,3920.0,false,11764950.0,false,33.31930862434605,4125.0,107.55970857663611
Ohio,2022-10-01,2022,October,3957.0,false,11764950.0,false,33.63380209860645,4097.916666666667,115.24003276429217
Ohio,2022-11-01,2022,November,3969.0,false,11764950.0,false,33.73579998215037,4074.1666666666665,112.17343173799546
Ohio,2022-12-01,2022,December,3997.0,false,11764950.0,false,33.973795043752844,4051.9166666666665,103.28289335899704
Ohio,2023-01-01,2023,January,4004.0,false,11808390.0,false,33.90809416016917,4034.25,91.42122789096028
Ohio,2023-02-01,2023,February,4034.0,false,11808390.0,false,34.162150809720885,4019.6666666666665,79.39925959505175
Ohio,2023-03-01,2023,March,3993.0,false,11808390.0,false,33.81494005533354,4006.6666666666665,59.168992698622915
Ohio,2023-04-01,2023,April,4032.0,false,11808390.0,false,34.14521369975077,3993.6666666666665,38.62484676835346
Ohio,2023-05-01,2023,May,4048.0,false,11808390.0,false,34.280710579511684,3990.5833333333335,33.153796802542026
Ohio,2023-06-01,2023,June,4038.0,false,11808390.0,false,34.19602502966111,3993.3333333333335,36.557136682517125
Ohio,2023-07-01,2023,July,4031.0,false,11808390.0,false,34.13674514476571,3995.25,38.355099222445354
Ohio,2023-08-01,2023,August,3990.0,false,11808390.0,false,33.789534390378364,3999.5,39.32498627405404
Ohio,2023-09-01,2023,September,3949.0,false,11808390.0,false,33.442323635991016,4001.0833333333335,38.445849364181306
Ohio,2023-10-01,2023,October,3822.0,false,11808390.0,false,32.36681715288875,4003.5,33.47590721155094
Ohio,2023-11-01,2023,November,3716.0,false,11808390.0,false,31.469150324472682,3992.25,61.487803668695086
Ohio,2023-12-01,2023,December,3600.0,false,11808390.0,false,30.486797946206046,3971.1666666666665,100.91745802056919
Ohio,2024-01-01,2024,January,3467.0,false,11860621.0,false,29.23118443798179,3938.0833333333335,146.47088344435434
Ohio,2024-02-01,2024,February,3332.0,false,11860621.0,false,28.09296410365022,3893.3333333333335,197.60720143913306
Ohio,2024-03-01,2024,March,3233.0,false,11860621.0,false,27.258269191807074,3834.8333333333335,249.32192892408028
Ohio,2024-04-01,2024,April,3087.0,false,11860621.0,false,26.027304978381824,3771.5,297.38695331167446
Ohio,2024-05-01,2024,May,2949.0,false,11860621.0,false,24.86379085884289,3692.75,343.65551594054716
Ohio,2024-06-01,2024,June,2828.0,false,11860621.0,false,23.843608188812375,3601.1666666666665,384.40055655369144
Ohio,2024-07-01,2024,July,2660.0,false,11860621.0,false,22.42715621719976,3500.3333333333335,416.73587304045185
Ohio,2024-08-01,2024,August,2562.0,false,11860621.0,false,21.600892567092398,3386.0833333333335,444.9997871977703
Ohio,2024-09-01,2024,September,2439.0,false,11860621.0,false,20.563847373590303,3267.0833333333335,459.5194047407936
Ohio,2024-10-01,2024,October,2317.0,false,11860621.0,false,19.535233441823998,3141.25,462.5465332856203
Ohio,2024-11-01,2024,November,2206.0,false,11860621.0,false,18.599363389151375,3015.8333333333335,465.21331047426435
Ohio,2024-12-01,2024,December,2084.0,false,11860621.0,false,17.570749457385073,2890.0,462.8219763777233
Ohio,2025-01-01,2025,January,1978.0,false,11900510.0,false,16.62113640507844,2763.6666666666665,458.28342427988457
Ohio,2025-02-01,2025,February,1905.0,false,11900510.0,false,16.007717316316693,2639.5833333333335,452.0755082411734
Ohio,2025-03-01,2025,March,1839.0,false,11900510.0,false,15.453119236066355,2520.6666666666665,440.9259540667763
Ohio,2025-04-01,2025,April,1772.0,false,11900510.0,false,14.890118154600097,2404.5,419.29453739693423
Ohio,2025-05-01,2025,May,1702.0,false,11900510.0,false,14.301908069486098,2294.9166666666665,395.8919637599341
Ohio,2025-06-01,2025,June,1652.0,false,11900510.0,false,13.881758008690385,2191.0,371.5050470720418
Ohio,2025-07-01,2025,July,1600.0,false,11900510.0,false,13.44480194546284,2093.0,342.1429791502644
Ohio,2025-08-01,2025,August,1490.0,false,11900510.0,false,12.520471811712271,2004.6666666666667,318.4631656546604
Ohio,2025-09-01,2025,September,1457.0,false,11900510.0,false,12.243172771587101,1915.3333333333333,297.5815650855878
Ohio,2025-10-01,2025,October,1404.0,false,11900510.0,false,11.797813707143643,1833.5,274.62122675026086
Ohio,2025-11-01,2025,November,1361.0,false,11900510.0,false,11.43648465485933,1757.4166666666667,254.20444825996165
Ohio,2025-12-01,2025,December,1345.0,false,11900510.0,false,11.3020366354047,1687.0,234.9537672123448
Ohio,2026-01-01,2026,January,1335.0,false,11940533.0,true,11.180405430812845,1625.4166666666667,217.64878227144402
Ohio,2026-02-01,2026,February,1313.0,false,11940533.0,true,10.996159049181474,1571.8333333333333,201.50652294126562
Ohio,2026-03-01,2026,March,1265.0,false,11940533.0,true,10.594166943803932,1522.5,184.253530865391
Ohio,2026-04-01,2026,April,1251.0,false,11940533.0,true,10.47691924640215,1474.6666666666667,168.44763596027718
Oklahoma,2015-01-01,2015,January,72.0,false,3910518.0,false,1.8411883029307115,,
Oklahoma,2015-02-01,2015,February,78.0,false,3910518.0,false,1.9946206615082707,72.0,
Oklahoma,2015-03-01,2015,March,76.0,false,3910518.0,false,1.9434765419824176,75.0,4.242640687119285
Oklahoma,2015-04-01,2015,April,81.0,false,3910518.0,false,2.0713368407970507,75.33333333333333,3.0550504633038935
Oklahoma,2015-05-01,2015,May,79.0,false,3910518.0,false,2.020192721271197,76.75,3.7749172176353762
Oklahoma,2015-06-01,2015,June,89.0,false,3910518.0,false,2.275913318900463,77.2,3.420526275297415
Oklahoma,2015-07-01,2015,July,93.0,false,3910518.0,false,2.3782015579521687,79.16666666666667,5.706721183540217
Oklahoma,2015-08-01,2015,August,89.0,false,3910518.0,false,2.275913318900463,81.14285714285714,7.380798769522878
Oklahoma,2015-09-01,2015,September,87.0,false,3910518.0,false,2.2247691993746095,82.125,7.376361859732358
Oklahoma,2015-10-01,2015,October,92.0,false,3910518.0,false,2.3526294981892426,82.66666666666667,7.0887234393789065
Oklahoma,2015-11-01,2015,November,94.0,false,3910518.0,false,2.4037736177150952,83.6,7.306009702825316
Oklahoma,2015-12-01,2015,December,92.0,false,3910518.0,false,2.3526294981892426,84.54545454545455,7.607412652980455
Oklahoma,2016-01-01,2016,January,93.0,false,3928143.0,false,2.3675309172807606,85.16666666666667,7.565872338496341
Oklahoma,2016-02-01,2016,February,93.0,false,3928143.0,false,2.3675309172807606,86.91666666666667,6.612087187091306
Oklahoma,2016-03-01,2016,March,96.0,false,3928143.0,false,2.443902882354334,88.16666666666667,6.176691278630909
Oklahoma,2016-04-01,2016,April,95.0,false,3928143.0,false,2.4184455606631428,89.83333333333333,5.219427578041886
Oklahoma,2016-05-01,2016,May,102.0,false,3928143.0,false,2.5966468125014797,91.0,4.592483978296397
Oklahoma,2016-06-01,2016,June,90.0,false,3928143.0,false,2.291158952207188,92.91666666666667,3.872005196590551
Oklahoma,2016-07-01,2016,July,89.0,false,3928143.0,false,2.265701630515997,93.0,3.7899388337592406
Oklahoma,2016-08-01,2016,August,97.0,false,3928143.0,false,2.469360204045525,92.66666666666667,3.961940143032166
Oklahoma,2016-09-01,2016,September,99.0,false,3928143.0,false,2.5202748474279066,93.33333333333333,3.9619401430321615
Oklahoma,2016-10-01,2016,October,91.0,false,3928143.0,false,2.316616273898379,94.33333333333333,3.7254245232976975
Oklahoma,2016-11-01,2016,November,88.0,false,3928143.0,false,2.2402443088248063,94.25,3.792936017963346
Oklahoma,2016-12-01,2016,December,95.0,false,3928143.0,false,2.4184455606631428,93.75,4.202272112689861
Oklahoma,2017-01-01,2017,January,102.0,false,3933602.0,false,2.5930432209460945,94.0,4.177863742936747
Oklahoma,2017-02-01,2017,February,105.0,false,3933602.0,false,2.6693091980327446,94.75,4.750598048475773
Oklahoma,2017-03-01,2017,March,105.0,false,3933602.0,false,2.6693091980327446,95.75,5.545268253204709
Oklahoma,2017-04-01,2017,April,109.0,false,3933602.0,false,2.770997167481611,96.5,6.157035886617109
Oklahoma,2017-05-01,2017,May,103.0,false,3933602.0,false,2.618465213308311,97.66666666666667,7.101002916788756
Oklahoma,2017-06-01,2017,June,103.0,false,3933602.0,false,2.618465213308311,97.75,7.162084511191871
Oklahoma,2017-07-01,2017,July,106.0,false,3933602.0,false,2.694731190394961,98.83333333333333,6.860073327640611
Oklahoma,2017-08-01,2017,August,101.0,false,3933602.0,false,2.5676212285838784,100.25,6.383572667401853
Oklahoma,2017-09-01,2017,September,103.0,false,3933602.0,false,2.618465213308311,100.58333333333333,6.302356461649639
Oklahoma,2017-10-01,2017,October,101.0,false,3933602.0,false,2.5676212285838784,100.91666666666667,6.316764611058031
Oklahoma,2017-11-01,2017,November,102.0,false,3933602.0,false,2.5930432209460945,101.75,5.4958662151243685
Oklahoma,2017-12-01,2017,December,97.0,false,3933602.0,false,2.465933259135012,102.91666666666667,3.396745322787504
Oklahoma,2018-01-01,2018,January,94.0,false,3943488.0,false,2.383676582761251,103.08333333333333,2.9987371079213077
Oklahoma,2018-02-01,2018,February,85.0,false,3943488.0,false,2.155452229092621,102.41666666666667,3.987670391533775
Oklahoma,2018-03-01,2018,March,82.0,false,3943488.0,false,2.0793774445364104,100.75,6.31196554893237
Oklahoma,2018-04-01,2018,April,79.0,false,3943488.0,false,2.0033026599802,98.83333333333333,8.133358171844833
Oklahoma,2018-05-01,2018,May,77.0,false,3943488.0,false,1.9525861369427269,96.33333333333333,9.25726577867189
Oklahoma,2018-06-01,2018,June,78.0,false,3943488.0,false,1.9779443984614635,94.16666666666667,10.512618680193407
Oklahoma,2018-07-01,2018,July,69.0,false,3943488.0,false,1.7497200447928332,92.08333333333333,11.065575886368032
Oklahoma,2018-08-01,2018,August,69.0,false,3943488.0,false,1.7497200447928332,89.0,11.954459038747459
Oklahoma,2018-09-01,2018,September,66.0,false,3943488.0,false,1.673645260236623,86.33333333333333,12.58666923471982
Oklahoma,2018-10-01,2018,October,68.0,false,3943488.0,false,1.7243617832740965,83.25,12.66437379566647
Oklahoma,2018-11-01,2018,November,72.0,false,3943488.0,false,1.8257948293490434,80.5,12.026485922178745
Oklahoma,2018-12-01,2018,December,71.0,false,3943488.0,false,1.8004365678303067,78.0,10.117491604327448
Oklahoma,2019-01-01,2019,January,68.0,false,3960676.0,false,1.7168786338493731,75.83333333333333,8.299324543526895
Oklahoma,2019-02-01,2019,February,65.0,false,3960676.0,false,1.6411339882383715,73.66666666666667,6.271629240742266
Oklahoma,2019-03-01,2019,March,62.0,false,3960676.0,false,1.5653893426273697,72.0,5.60843520552261
Oklahoma,2019-04-01,2019,April,57.0,false,3960676.0,false,1.4391482666090334,70.33333333333333,5.331439057538073
Oklahoma,2019-05-01,2019,May,57.0,false,3960676.0,false,1.4391482666090334,68.5,5.838742081211422
Oklahoma,2019-06-01,2019,June,60.0,false,3960676.0,false,1.5148929122200352,66.83333333333333,6.042776805008728
Oklahoma,2019-07-01,2019,July,66.0,false,3960676.0,false,1.6663822034420388,65.33333333333333,5.193235693640037
Oklahoma,2019-08-01,2019,August,65.0,false,3960676.0,false,1.6411339882383715,65.08333333333333,5.071459057282921
Oklahoma,2019-09-01,2019,September,67.0,false,3960676.0,false,1.6916304186457058,64.75,4.919811526323488
Oklahoma,2019-10-01,2019,October,69.0,false,3960676.0,false,1.7421268490530404,64.83333333333333,4.951277765905635
Oklahoma,2019-11-01,2019,November,70.0,false,3960676.0,false,1.7673750642567079,64.91666666666667,5.017393987344663
Oklahoma,2019-12-01,2019,December,70.0,false,3960676.0,false,1.7673750642567079,64.75,4.7887178014389375
Oklahoma,2020-01-01,2020,January,64.0,false,3965243.0,false,1.614024663810011,64.66666666666667,4.677476657214642
Oklahoma,2020-02-01,2020,February,64.0,false,3965243.0,false,1.614024663810011,64.33333333333333,4.559372630952505
Oklahoma,2020-03-01,2020,March,72.0,false,3965243.0,false,1.8157777467862624,64.25,4.5552167895721505
Oklahoma,2020-04-01,2020,April,85.0,false,3965243.0,false,2.143626506622671,65.08333333333333,4.999242366841624
Oklahoma,2020-05-01,2020,May,101.0,false,3965243.0,false,2.547132672575174,67.41666666666667,7.012434842780534
Oklahoma,2020-06-01,2020,June,109.0,false,3965243.0,false,2.748885755551425,71.08333333333333,11.277155777244653
Oklahoma,2020-07-01,2020,July,110.0,false,3965243.0,false,2.7741048909234567,75.16666666666667,15.11671761710033
Oklahoma,2020-08-01,2020,August,113.0,false,3965243.0,false,2.849762297039551,78.83333333333333,17.790872702460426
Oklahoma,2020-09-01,2020,September,115.0,false,3965243.0,false,2.900200567783614,82.83333333333333,19.69233045598918
Oklahoma,2020-10-01,2020,October,122.0,false,3965243.0,false,3.076734515387834,86.83333333333333,21.01442506008814
Oklahoma,2020-11-01,2020,November,127.0,false,3965243.0,false,3.202830192247991,91.25,22.446400804826354
Oklahoma,2020-12-01,2020,December,138.0,false,3965243.0,false,3.480240681340337,96.0,23.54492803904137
Oklahoma,2021-01-01,2021,January,155.0,false,3992760.0,false,3.882026467906911,101.66666666666667,24.864481177825212
Oklahoma,2021-02-01,2021,February,165.0,false,3992760.0,false,4.132479788417035,109.25,26.17467547771388
Oklahoma,2021-03-01,2021,March,179.0,false,3992760.0,false,4.483114437131207,117.66666666666667,26.537566283335483
Oklahoma,2021-04-01,2021,April,189.0,false,3992760.0,false,4.733567757641331,126.58333333333333,27.74709922048637
Oklahoma,2021-05-01,2021,May,189.0,false,3992760.0,false,4.733567757641331,135.25,29.74780358584174
Oklahoma,2021-06-01,2021,June,201.0,false,3992760.0,false,5.0341117422534785,142.58333333333334,31.341109608869168
Oklahoma,2021-07-01,2021,July,215.0,false,3992760.0,false,5.384746390967652,150.25,33.55355285347452
Oklahoma,2021-08-01,2021,August,225.0,false,3992760.0,false,5.6351997114777745,159.0,35.72368707429033
Oklahoma,2021-09-01,2021,September,245.0,false,3992760.0,false,6.136106352498021,168.33333333333334,37.21273812537689
Oklahoma,2021-10-01,2021,October,273.0,false,3992760.0,false,6.837375649926367,179.16666666666666,39.1473517816359
Oklahoma,2021-11-01,2021,November,294.0,false,3992760.0,false,7.363327622997626,191.75,43.1638000686181
Oklahoma,2021-12-01,2021,December,318.0,false,3992760.0,false,7.964415592221921,205.66666666666666,47.129094147368434
Oklahoma,2022-01-01,2022,January,346.0,false,4025327.0,false,8.59557496819513,220.66666666666666,52.02505224030112
Oklahoma,2022-02-01,2022,February,391.0,false,4025327.0,false,9.713496568104903,236.58333333333334,58.87499597889713
Oklahoma,2022-03-01,2022,March,413.0,false,4025327.0,false,10.260036016949678,255.41666666666666,69.14603562334027
Oklahoma,2022-04-01,2022,April,433.0,false,4025327.0,false,10.756890061354023,274.9166666666667,78.05762246086171
Oklahoma,2022-05-01,2022,May,456.0,false,4025327.0,false,11.328272212419016,295.25,85.10434771502571
Oklahoma,2022-06-01,2022,June,480.0,false,4025327.0,false,11.924497065704228,317.5,89.58540871450803
Oklahoma,2022-07-01,2022,July,505.0,false,4025327.0,false,12.545564621209657,340.75,92.75003062974254
Oklahoma,2022-08-01,2022,August,538.0,false,4025327.0,false,13.365373794476822,364.9166666666667,94.76522025351373
Oklahoma,2022-09-01,2022,September,551.0,false,4025327.0,false,13.688328923339645,391.0,95.82275303913994
Oklahoma,2022-10-01,2022,October,577.0,false,4025327.0,false,14.334239181065291,416.5,94.13867913398249
Oklahoma,2022-11-01,2022,November,600.0,false,4025327.0,false,14.905621332130284,441.8333333333333,92.90741562861321
Oklahoma,2022-12-01,2022,December,626.0,false,4025327.0,false,15.55153158985593,467.3333333333333,90.60838144387522
Oklahoma,2023-01-01,2023,January,646.0,false,4062716.0,false,15.90069303392115,493.0,88.0485403317139
Oklahoma,2023-02-01,2023,February,660.0,false,4062716.0,false,16.24529009657579,518.0,85.05506237940004
Oklahoma,2023-03-01,2023,March,688.0,false,4062716.0,false,16.934484221885064,540.4166666666666,83.98209585526206
Oklahoma,2023-04-01,2023,April,707.0,false,4062716.0,false,17.402151664059215,563.3333333333334,83.57178007104086
Oklahoma,2023-05-01,2023,May,731.0,false,4062716.0,false,17.99288948575288,586.1666666666666,82.14381328259641
Oklahoma,2023-06-01,2023,June,729.0,false,4062716.0,false,17.943661333945077,609.0833333333334,80.87865021503548
Oklahoma,2023-07-01,2023,July,741.0,false,4062716.0,false,18.23903024479191,629.8333333333334,76.57774817237384
Oklahoma,2023-08-01,2023,August,750.0,false,4062716.0,false,18.460556927927033,649.5,71.75653280364097
Oklahoma,2023-09-01,2023,September,769.0,false,4062716.0,false,18.928224370101184,667.1666666666666,67.79760431988103
Oklahoma,2023-10-01,2023,October,766.0,false,4062716.0,false,18.854382142389476,685.3333333333334,62.86830872883612
Oklahoma,2023-11-01,2023,November,761.0,false,4062716.0,false,18.731311762869964,701.0833333333334,56.62549752273235
Oklahoma,2023-12-01,2023,December,745.0,false,4062716.0,false,18.33748654840752,714.5,49.06674489453585
Oklahoma,2024-01-01,2024,January,744.0,false,4097758.0,false,18.156269843167898,724.4166666666666,40.90000740905318
Oklahoma,2024-02-01,2024,February,731.0,false,4097758.0,false,17.839023192682436,732.5833333333334,32.800937717564
Oklahoma,2024-03-01,2024,March,702.0,false,4097758.0,false,17.131319126214873,738.5,23.64318083507376
Oklahoma,2024-04-01,2024,April,679.0,false,4097758.0,false,16.570036590740596,739.6666666666666,21.137357422059143
Oklahoma,2024-05-01,2024,May,650.0,false,4097758.0,false,15.86233252427303,737.3333333333334,26.046578324690618
Oklahoma,2024-06-01,2024,June,652.0,false,4097758.0,false,15.911139701270793,730.5833333333334,36.31042508284595
Oklahoma,2024-07-01,2024,July,636.0,false,4097758.0,false,15.520682285288686,724.1666666666666,42.8333628109791
Oklahoma,2024-08-01,2024,August,620.0,false,4097758.0,false,15.13022486930658,715.4166666666666,49.31615691974927
Oklahoma,2024-09-01,2024,September,581.0,false,4097758.0,false,14.1784849178502,704.5833333333334,54.9817462822201
Oklahoma,2024-10-01,2024,October,548.0,false,4097758.0,false,13.373166497387107,688.9166666666666,61.371385593751846
Oklahoma,2024-11-01,2024,November,522.0,false,4097758.0,false,12.738673196416187,670.75,68.34820606809862
Oklahoma,2024-12-01,2024,December,515.0,false,4097758.0,false,12.567848076924015,650.8333333333334,74.2279454032501
Oklahoma,2025-01-01,2025,January,491.0,false,4123288.0,false,11.907972472454022,631.6666666666666,77.33202715720326
Oklahoma,2025-02-01,2025,February,473.0,false,4123288.0,false,11.471427656763243,610.5833333333334,78.40275775916575
Oklahoma,2025-03-01,2025,March,477.0,false,4123288.0,false,11.568437615805639,589.0833333333334,77.75188782663776
Oklahoma,2025-04-01,2025,April,488.0,false,4123288.0,false,11.835215003172225,570.3333333333334,75.1318033777167
Oklahoma,2025-05-01,2025,May,487.0,false,4123288.0,false,11.810962513411628,554.4166666666666,70.07977056486587
Oklahoma,2025-06-01,2025,June,472.0,false,4123288.0,false,11.447175167002644,540.8333333333334,65.5172889512009
Oklahoma,2025-07-01,2025,July,457.0,false,4123288.0,false,11.083387820593662,525.8333333333334,57.91660671459721
Oklahoma,2025-08-01,2025,August,441.0,false,4123288.0,false,10.695347984424082,510.9166666666667,49.38615620032023
Oklahoma,2025-09-01,2025,September,439.0,false,4123288.0,false,10.646843004902882,496.0,39.48302281878997
Oklahoma,2025-10-01,2025,October,429.0,false,4123288.0,false,10.404318107296895,484.1666666666667,32.32177237864551
Oklahoma,2025-11-01,2025,November,425.0,false,4123288.0,false,10.307308148254501,474.25,29.045810212646703
Oklahoma,2025-12-01,2025,December,404.0,false,4123288.0,false,9.798005863281924,466.1666666666667,28.02866498080244
Oklahoma,2026-01-01,2026,January,404.0,false,4148977.0,true,9.737340072022574,456.9166666666667,28.754314564263332
Oklahoma,2026-02-01,2026,February,398.0,false,4148977.0,true,9.592726110556892,449.6666666666667,30.30551504964468
Oklahoma,2026-03-01,2026,March,378.0,false,4148977.0,true,9.110679572337952,443.4166666666667,32.69544959535536
Oklahoma,2026-04-01,2026,April,345.0,false,4148977.0,true,8.315302784276703,435.1666666666667,35.794446835262356
Alabama,2015-01-01,2015,January,5.0,true,4854803.0,false,0.10299079076947099,,
Alabama,2015-02-01,2015,February,5.0,true,4854803.0,false,0.10299079076947099,5.0,
Alabama,2015-03-01,2015,March,5.0,true,4854803.0,false,0.10299079076947099,5.0,0.0
Alabama,2015-04-01,2015,April,5.0,true,4854803.0,false,0.10299079076947099,5.0,0.0
Alabama,2015-05-01,2015,May,5.0,true,4854803.0,false,0.10299079076947099,5.0,0.0
Alabama,2015-06-01,2015,June,5.0,true,4854803.0,false,0.10299079076947099,5.0,0.0
Alabama,2015-07-01,2015,July,5.0,true,4854803.0,false,0.10299079076947099,5.0,0.0
Alabama,2015-08-01,2015,August,5.0,true,4854803.0,false,0.10299079076947099,5.0,0.0
Alabama,2015-09-01,2015,September,5.0,true,4854803.0,false,0.10299079076947099,5.0,0.0
Alabama,2015-10-01,2015,October,5.0,true,4854803.0,false,0.10299079076947099,5.0,0.0
Alabama,2015-11-01,2015,November,5.0,true,4854803.0,false,0.10299079076947099,5.0,0.0
Alabama,2015-12-01,2015,December,5.0,true,4854803.0,false,0.10299079076947099,5.0,0.0
Alabama,2016-01-01,2016,January,5.0,true,4866824.0,false,0.10273640468609509,5.0,0.0
Alabama,2016-02-01,2016,February,5.0,true,4866824.0,false,0.10273640468609509,5.0,0.0
Alabama,2016-03-01,2016,March,5.0,true,4866824.0,false,0.10273640468609509,5.0,0.0
Alabama,2016-04-01,2016,April,5.0,true,4866824.0,false,0.10273640468609509,5.0,0.0
Alabama,2016-05-01,2016,May,5.0,true,4866824.0,false,0.10273640468609509,5.0,0.0
Alabama,2016-06-01,2016,June,5.0,true,4866824.0,false,0.10273640468609509,5.0,0.0
Alabama,2016-07-01,2016,July,5.0,true,4866824.0,false,0.10273640468609509,5.0,0.0
Alabama,2016-08-01,2016,August,5.0,true,4866824.0,false,0.10273640468609509,5.0,0.0
Alabama,2016-09-01,2016,September,5.0,true,4866824.0,false,0.10273640468609509,5.0,0.0
Alabama,2016-10-01,2016,October,5.0,true,4866824.0,false,0.10273640468609509,5.0,0.0
Alabama,2016-11-01,2016,November,5.0,true,4866824.0,false,0.10273640468609509,5.0,0.0
Alabama,2016-12-01,2016,December,5.0,true,4866824.0,false,0.10273640468609509,5.0,0.0
Alabama,2017-01-01,2017,January,5.0,true,4877989.0,false,0.10250125615289414,5.0,0.0
Alabama,2017-02-01,2017,February,5.0,true,4877989.0,false,0.10250125615289414,5.0,0.0
Alabama,2017-03-01,2017,March,5.0,true,4877989.0,false,0.10250125615289414,5.0,0.0
Alabama,2017-04-01,2017,April,5.0,true,4877989.0,false,0.10250125615289414,5.0,0.0
Alabama,2017-05-01,2017,May,5.0,true,4877989.0,false,0.10250125615289414,5.0,0.0
Alabama,2017-06-01,2017,June,5.0,true,4877989.0,false,0.10250125615289414,5.0,0.0
Alabama,2017-07-01,2017,July,5.0,true,4877989.0,false,0.10250125615289414,5.0,0.0
Alabama,2017-08-01,2017,August,5.0,true,4877989.0,false,0.10250125615289414,5.0,0.0
Alabama,2017-09-01,2017,September,5.0,true,4877989.0,false,0.10250125615289414,5.0,0.0
Alabama,2017-10-01,2017,October,5.0,true,4877989.0,false,0.10250125615289414,5.0,0.0
Alabama,2017-11-01,2017,November,5.0,true,4877989.0,false,0.10250125615289414,5.0,0.0
Alabama,2017-12-01,2017,December,5.0,true,4877989.0,false,0.10250125615289414,5.0,0.0
Alabama,2018-01-01,2018,January,5.0,true,4891628.0,false,0.10221545873889021,5.0,0.0
Alabama,2018-02-01,2018,February,5.0,true,4891628.0,false,0.10221545873889021,5.0,0.0
Alabama,2018-03-01,2018,March,5.0,true,4891628.0,false,0.10221545873889021,5.0,0.0
Alabama,2018-04-01,2018,April,5.0,true,4891628.0,false,0.10221545873889021,5.0,0.0
Alabama,2018-05-01,2018,May,5.0,true,4891628.0,false,0.10221545873889021,5.0,0.0
Alabama,2018-06-01,2018,June,5.0,true,4891628.0,false,0.10221545873889021,5.0,0.0
Alabama,2018-07-01,2018,July,5.0,true,4891628.0,false,0.10221545873889021,5.0,0.0
Alabama,2018-08-01,2018,August,5.0,true,4891628.0,false,0.10221545873889021,5.0,0.0
Alabama,2018-09-01,2018,September,5.0,true,4891628.0,false,0.10221545873889021,5.0,0.0
Alabama,2018-10-01,2018,October,5.0,true,4891628.0,false,0.10221545873889021,5.0,0.0
Alabama,2018-11-01,2018,November,5.0,true,4891628.0,false,0.10221545873889021,5.0,0.0
Alabama,2018-12-01,2018,December,5.0,true,4891628.0,false,0.10221545873889021,5.0,0.0
Alabama,2019-01-01,2019,January,5.0,true,4907965.0,false,0.10187521712155649,5.0,0.0
Alabama,2019-02-01,2019,February,5.0,true,4907965.0,false,0.10187521712155649,5.0,0.0
Alabama,2019-03-01,2019,March,5.0,true,4907965.0,false,0.10187521712155649,5.0,0.0
Alabama,2019-04-01,2019,April,5.0,true,4907965.0,false,0.10187521712155649,5.0,0.0
Alabama,2019-05-01,2019,May,5.0,true,4907965.0,false,0.10187521712155649,5.0,0.0
Alabama,2019-06-01,2019,June,5.0,true,4907965.0,false,0.10187521712155649,5.0,0.0
Alabama,2019-07-01,2019,July,5.0,true,4907965.0,false,0.10187521712155649,5.0,0.0
Alabama,2019-08-01,2019,August,5.0,true,4907965.0,false,0.10187521712155649,5.0,0.0
Alabama,2019-09-01,2019,September,5.0,true,4907965.0,false,0.10187521712155649,5.0,0.0
Alabama,2019-10-01,2019,October,5.0,true,4907965.0,false,0.10187521712155649,5.0,0.0
Alabama,2019-11-01,2019,November,5.0,true,4907965.0,false,0.10187521712155649,5.0,0.0
Alabama,2019-12-01,2019,December,5.0,true,4907965.0,false,0.10187521712155649,5.0,0.0
Alabama,2020-01-01,2020,January,5.0,true,5032962.0,false,0.09934507751101637,5.0,0.0
Alabama,2020-02-01,2020,February,5.0,true,5032962.0,false,0.09934507751101637,5.0,0.0
Alabama,2020-03-01,2020,March,5.0,true,5032962.0,false,0.09934507751101637,5.0,0.0
Alabama,2020-04-01,2020,April,5.0,true,5032962.0,false,0.09934507751101637,5.0,0.0
Alabama,2020-05-01,2020,May,5.0,true,5032962.0,false,0.09934507751101637,5.0,0.0
Alabama,2020-06-01,2020,June,5.0,true,5032962.0,false,0.09934507751101637,5.0,0.0
Alabama,2020-07-01,2020,July,5.0,true,5032962.0,false,0.09934507751101637,5.0,0.0
Alabama,2020-08-01,2020,August,5.0,true,5032962.0,false,0.09934507751101637,5.0,0.0
Alabama,2020-09-01,2020,September,5.0,true,5032962.0,false,0.09934507751101637,5.0,0.0
Alabama,2020-10-01,2020,October,5.0,true,5032962.0,false,0.09934507751101637,5.0,0.0
Alabama,2020-11-01,2020,November,5.0,true,5032962.0,false,0.09934507751101637,5.0,0.0
Alabama,2020-12-01,2020,December,5.0,true,5032962.0,false,0.09934507751101637,5.0,0.0
Alabama,2021-01-01,2021,January,5.0,true,5050058.0,false,0.09900876385974182,5.0,0.0
Alabama,2021-02-01,2021,February,5.0,true,5050058.0,false,0.09900876385974182,5.0,0.0
Alabama,2021-03-01,2021,March,5.0,true,5050058.0,false,0.09900876385974182,5.0,0.0
Alabama,2021-04-01,2021,April,5.0,true,5050058.0,false,0.09900876385974182,5.0,0.0
Alabama,2021-05-01,2021,May,5.0,true,5050058.0,false,0.09900876385974182,5.0,0.0
Alabama,2021-06-01,2021,June,5.0,true,5050058.0,false,0.09900876385974182,5.0,0.0
Alabama,2021-07-01,2021,July,5.0,true,5050058.0,false,0.09900876385974182,5.0,0.0
Alabama,2021-08-01,2021,August,5.0,true,5050058.0,false,0.09900876385974182,5.0,0.0
Alabama,2021-09-01,2021,September,5.0,true,5050058.0,false,0.09900876385974182,5.0,0.0
Alabama,2021-10-01,2021,October,5.0,true,5050058.0,false,0.09900876385974182,5.0,0.0
Alabama,2021-11-01,2021,November,5.0,true,5050058.0,false,0.09900876385974182,5.0,0.0
Alabama,2021-12-01,2021,December,5.0,true,5050058.0,false,0.09900876385974182,5.0,0.0
Alabama,2022-01-01,2022,January,5.0,true,5076868.0,false,0.09848591690782585,5.0,0.0
Alabama,2022-02-01,2022,February,5.0,true,5076868.0,false,0.09848591690782585,5.0,0.0
Alabama,2022-03-01,2022,March,5.0,true,5076868.0,false,0.09848591690782585,5.0,0.0
Alabama,2022-04-01,2022,April,818.0,false,5076868.0,false,16.11229600612031,5.0,0.0
Alabama,2022-05-01,2022,May,841.0,false,5076868.0,false,16.565331223896308,72.75,234.69288442558286
Alabama,2022-06-01,2022,June,854.0,false,5076868.0,false,16.821394607856654,142.41666666666666,320.9736489703373
Alabama,2022-07-01,2022,July,887.0,false,5076868.0,false,17.471401659448304,213.16666666666666,376.66788683095484
Alabama,2022-08-01,2022,August,926.0,false,5076868.0,false,18.239591811329348,286.6666666666667,416.3211901084706
Alabama,2022-09-01,2022,September,931.0,false,5076868.0,false,18.338077728237174,363.4166666666667,443.670733423977
Alabama,2022-10-01,2022,October,949.0,false,5076868.0,false,18.692627029105346,440.5833333333333,456.0216219621277
Alabama,2022-11-01,2022,November,977.0,false,5076868.0,false,19.24414816378917,519.25,455.4724071075696
Alabama,2022-12-01,2022,December,971.0,false,5076868.0,false,19.12596506349978,600.25,441.93338144607685
Alabama,2023-01-01,2023,January,1017.0,false,5117850.0,false,19.871625780356986,680.75,410.512567629565
Alabama,2023-02-01,2023,February,1029.0,false,5117850.0,false,20.106099240892174,765.0833333333334,359.8998492847024
Alabama,2023-03-01,2023,March,1055.0,false,5117850.0,false,20.614125072051742,850.4166666666666,274.5824791912038
Alabama,2023-04-01,2023,April,1060.0,false,5117850.0,false,20.711822347274733,937.9166666666666,76.63426522163955
Alabama,2023-05-01,2023,May,1084.0,false,5117850.0,false,21.180769268345106,958.0833333333334,74.00547686530105
Alabama,2023-06-01,2023,June,1101.0,false,5117850.0,false,21.512940004103285,978.3333333333334,72.28143648687448
Alabama,2023-07-01,2023,July,1107.0,false,5117850.0,false,21.630176734370878,998.9166666666666,68.73858031878767
Alabama,2023-08-01,2023,August,1085.0,false,5117850.0,false,21.200308723389703,1017.25,65.43438767887342
Alabama,2023-09-01,2023,September,1080.0,false,5117850.0,false,21.10261144816671,1030.5,61.240954805216305
Alabama,2023-10-01,2023,October,1069.0,false,5117850.0,false,20.88767744267612,1042.9166666666667,53.89798163421729
Alabama,2023-11-01,2023,November,1083.0,false,5117850.0,false,21.161229813300505,1052.9166666666667,45.34205018690173
Alabama,2023-12-01,2023,December,1099.0,false,5117850.0,false,21.47386109401409,1061.75,39.1038826251772
Alabama,2024-01-01,2024,January,1076.0,false,5163055.0,false,20.840374545690487,1072.4166666666667,27.972253568437566
Alabama,2024-02-01,2024,February,1054.0,false,5163055.0,false,20.414270233418005,1077.3333333333333,21.864597093488992
Alabama,2024-03-01,2024,March,1028.0,false,5163055.0,false,19.910692409823252,1079.4166666666667,17.619505376058953
Alabama,2024-04-01,2024,April,1002.0,false,5163055.0,false,19.407114586228502,1077.1666666666667,22.15988732057553
Alabama,2024-05-01,2024,May,945.0,false,5163055.0,false,18.30311704988616,1072.3333333333333,30.861371363311807
Alabama,2024-06-01,2024,June,922.0,false,5163055.0,false,17.857644359783112,1060.75,47.61994425562772
Alabama,2024-07-01,2024,July,858.0,false,5163055.0,false,16.618068178626803,1045.8333333333333,60.231120517452496
Alabama,2024-08-01,2024,August,849.0,false,5163055.0,false,16.443752778151694,1025.0833333333333,77.62316703540289
Alabama,2024-09-01,2024,September,819.0,false,5163055.0,false,15.862701443234673,1005.4166666666666,89.97621739643034
Alabama,2024-10-01,2024,October,791.0,false,5163055.0,false,15.320386863978786,983.6666666666666,101.15904069904735
Alabama,2024-11-01,2024,November,741.0,false,5163055.0,false,14.351967972450419,960.5,111.1767634322601
Alabama,2024-12-01,2024,December,714.0,false,5163055.0,false,13.8290217710251,932.0,120.37441588643328
Alabama,2025-01-01,2025,January,681.0,false,5193088.0,false,13.113584826600283,899.9166666666666,123.09379892315185
Alabama,2025-02-01,2025,February,641.0,false,5193088.0,false,12.343330211234626,867.0,124.53185061734943
Alabama,2025-03-01,2025,March,619.0,false,5193088.0,false,11.919690172783517,832.5833333333334,125.2208654798199
Alabama,2025-04-01,2025,April,601.0,false,5193088.0,false,11.573075595868971,798.5,122.8350705029087
Alabama,2025-05-01,2025,May,584.0,false,5193088.0,false,11.245717384338567,765.0833333333334,116.83979578374777
Alabama,2025-06-01,2025,June,548.0,false,5193088.0,false,10.552488230509478,735.0,112.70556975831076
Alabama,2025-07-01,2025,July,537.0,false,5193088.0,false,10.340668211283923,703.8333333333334,107.90217230379929
Alabama,2025-08-01,2025,August,510.0,false,5193088.0,false,9.820746345912104,677.0833333333334,105.98066576103163
Alabama,2025-09-01,2025,September,496.0,false,5193088.0,false,9.551157230534125,648.8333333333334,101.05609003584765
Alabama,2025-10-01,2025,October,474.0,false,5193088.0,false,9.127517192083015,621.9166666666666,94.40864591891162
Alabama,2025-11-01,2025,November,459.0,false,5193088.0,false,8.838671711320895,595.5,86.84311874136763
Alabama,2025-12-01,2025,December,431.0,false,5193088.0,false,8.299493480564935,572.0,81.90571075660998
Alabama,2026-01-01,2026,January,422.0,false,5223296.0,true,8.079189844879554,548.4166666666666,77.94923561737683
Alabama,2026-02-01,2026,February,407.0,false,5223296.0,true,7.792014850393315,526.8333333333334,73.63896366528375
Alabama,2026-03-01,2026,March,376.0,false,5223296.0,true,7.198519861788418,507.3333333333333,71.61301726937806
Alabama,2026-04-01,2026,April,360.0,false,5223296.0,true,6.8921998676697624,487.0833333333333,71.52298846376512
Nebraska,2015-01-01,2015,January,5.0,true,1892059.0,false,0.26426237236788075,,
Nebraska,2015-02-01,2015,February,5.0,true,1892059.0,false,0.26426237236788075,5.0,
Nebraska,2015-03-01,2015,March,5.0,true,1892059.0,false,0.26426237236788075,5.0,0.0
Nebraska,2015-04-01,2015,April,5.0,true,1892059.0,false,0.26426237236788075,5.0,0.0
Nebraska,2015-05-01,2015,May,5.0,true,1892059.0,false,0.26426237236788075,5.0,0.0
Nebraska,2015-06-01,2015,June,5.0,true,1892059.0,false,0.26426237236788075,5.0,0.0
Nebraska,2015-07-01,2015,July,5.0,true,1892059.0,false,0.26426237236788075,5.0,0.0
Nebraska,2015-08-01,2015,August,5.0,true,1892059.0,false,0.26426237236788075,5.0,0.0
Nebraska,2015-09-01,2015,September,5.0,true,1892059.0,false,0.26426237236788075,5.0,0.0
Nebraska,2015-10-01,2015,October,5.0,true,1892059.0,false,0.26426237236788075,5.0,0.0
Nebraska,2015-11-01,2015,November,5.0,true,1892059.0,false,0.26426237236788075,5.0,0.0
Nebraska,2015-12-01,2015,December,5.0,true,1892059.0,false,0.26426237236788075,5.0,0.0
Nebraska,2016-01-01,2016,January,5.0,true,1906483.0,false,0.26226302568656523,5.0,0.0
Nebraska,2016-02-01,2016,February,5.0,true,1906483.0,false,0.26226302568656523,5.0,0.0
Nebraska,2016-03-01,2016,March,5.0,true,1906483.0,false,0.26226302568656523,5.0,0.0
Nebraska,2016-04-01,2016,April,5.0,true,1906483.0,false,0.26226302568656523,5.0,0.0
Nebraska,2016-05-01,2016,May,5.0,true,1906483.0,false,0.26226302568656523,5.0,0.0
Nebraska,2016-06-01,2016,June,5.0,true,1906483.0,false,0.26226302568656523,5.0,0.0
Nebraska,2016-07-01,2016,July,5.0,true,1906483.0,false,0.26226302568656523,5.0,0.0
Nebraska,2016-08-01,2016,August,5.0,true,1906483.0,false,0.26226302568656523,5.0,0.0
Nebraska,2016-09-01,2016,September,5.0,true,1906483.0,false,0.26226302568656523,5.0,0.0
Nebraska,2016-10-01,2016,October,5.0,true,1906483.0,false,0.26226302568656523,5.0,0.0
Nebraska,2016-11-01,2016,November,5.0,true,1906483.0,false,0.26226302568656523,5.0,0.0
Nebraska,2016-12-01,2016,December,5.0,true,1906483.0,false,0.26226302568656523,5.0,0.0
Nebraska,2017-01-01,2017,January,5.0,true,1916998.0,false,0.2608244766035228,5.0,0.0
Nebraska,2017-02-01,2017,February,5.0,true,1916998.0,false,0.2608244766035228,5.0,0.0
Nebraska,2017-03-01,2017,March,5.0,true,1916998.0,false,0.2608244766035228,5.0,0.0
Nebraska,2017-04-01,2017,April,5.0,true,1916998.0,false,0.2608244766035228,5.0,0.0
Nebraska,2017-05-01,2017,May,5.0,true,1916998.0,false,0.2608244766035228,5.0,0.0
Nebraska,2017-06-01,2017,June,5.0,true,1916998.0,false,0.2608244766035228,5.0,0.0
Nebraska,2017-07-01,2017,July,5.0,true,1916998.0,false,0.2608244766035228,5.0,0.0
Nebraska,2017-08-01,2017,August,5.0,true,1916998.0,false,0.2608244766035228,5.0,0.0
Nebraska,2017-09-01,2017,September,5.0,true,1916998.0,false,0.2608244766035228,5.0,0.0
Nebraska,2017-10-01,2017,October,5.0,true,1916998.0,false,0.2608244766035228,5.0,0.0
Nebraska,2017-11-01,2017,November,5.0,true,1916998.0,false,0.2608244766035228,5.0,0.0
Nebraska,2017-12-01,2017,December,5.0,true,1916998.0,false,0.2608244766035228,5.0,0.0
Nebraska,2018-01-01,2018,January,5.0,true,1925512.0,false,0.2596711939473761,5.0,0.0
Nebraska,2018-02-01,2018,February,5.0,true,1925512.0,false,0.2596711939473761,5.0,0.0
Nebraska,2018-03-01,2018,March,5.0,true,1925512.0,false,0.2596711939473761,5.0,0.0
Nebraska,2018-04-01,2018,April,5.0,true,1925512.0,false,0.2596711939473761,5.0,0.0
Nebraska,2018-05-01,2018,May,5.0,true,1925512.0,false,0.2596711939473761,5.0,0.0
Nebraska,2018-06-01,2018,June,5.0,true,1925512.0,false,0.2596711939473761,5.0,0.0
Nebraska,2018-07-01,2018,July,5.0,true,1925512.0,false,0.2596711939473761,5.0,0.0
Nebraska,2018-08-01,2018,August,5.0,true,1925512.0,false,0.2596711939473761,5.0,0.0
Nebraska,2018-09-01,2018,September,5.0,true,1925512.0,false,0.2596711939473761,5.0,0.0
Nebraska,2018-10-01,2018,October,5.0,true,1925512.0,false,0.2596711939473761,5.0,0.0
Nebraska,2018-11-01,2018,November,5.0,true,1925512.0,false,0.2596711939473761,5.0,0.0
Nebraska,2018-12-01,2018,December,5.0,true,1925512.0,false,0.2596711939473761,5.0,0.0
Nebraska,2019-01-01,2019,January,5.0,true,1932571.0,false,0.25872270669486397,5.0,0.0
Nebraska,2019-02-01,2019,February,5.0,true,1932571.0,false,0.25872270669486397,5.0,0.0
Nebraska,2019-03-01,2019,March,5.0,true,1932571.0,false,0.25872270669486397,5.0,0.0
Nebraska,2019-04-01,2019,April,5.0,true,1932571.0,false,0.25872270669486397,5.0,0.0
Nebraska,2019-05-01,2019,May,5.0,true,1932571.0,false,0.25872270669486397,5.0,0.0
Nebraska,2019-06-01,2019,June,5.0,true,1932571.0,false,0.25872270669486397,5.0,0.0
Nebraska,2019-07-01,2019,July,5.0,true,1932571.0,false,0.25872270669486397,5.0,0.0
Nebraska,2019-08-01,2019,August,5.0,true,1932571.0,false,0.25872270669486397,5.0,0.0
Nebraska,2019-09-01,2019,September,5.0,true,1932571.0,false,0.25872270669486397,5.0,0.0
Nebraska,2019-10-01,2019,October,5.0,true,1932571.0,false,0.25872270669486397,5.0,0.0
Nebraska,2019-11-01,2019,November,5.0,true,1932571.0,false,0.25872270669486397,5.0,0.0
Nebraska,2019-12-01,2019,December,5.0,true,1932571.0,false,0.25872270669486397,5.0,0.0
Nebraska,2020-01-01,2020,January,5.0,true,1963318.0,false,0.2546709193314583,5.0,0.0
Nebraska,2020-02-01,2020,February,5.0,true,1963318.0,false,0.2546709193314583,5.0,0.0
Nebraska,2020-03-01,2020,March,5.0,true,1963318.0,false,0.2546709193314583,5.0,0.0
Nebraska,2020-04-01,2020,April,5.0,true,1963318.0,false,0.2546709193314583,5.0,0.0
Nebraska,2020-05-01,2020,May,5.0,true,1963318.0,false,0.2546709193314583,5.0,0.0
Nebraska,2020-06-01,2020,June,5.0,true,1963318.0,false,0.2546709193314583,5.0,0.0
Nebraska,2020-07-01,2020,July,5.0,true,1963318.0,false,0.2546709193314583,5.0,0.0
Nebraska,2020-08-01,2020,August,5.0,true,1963318.0,false,0.2546709193314583,5.0,0.0
Nebraska,2020-09-01,2020,September,5.0,true,1963318.0,false,0.2546709193314583,5.0,0.0
Nebraska,2020-10-01,2020,October,5.0,true,1963318.0,false,0.2546709193314583,5.0,0.0
Nebraska,2020-11-01,2020,November,5.0,true,1963318.0,false,0.2546709193314583,5.0,0.0
Nebraska,2020-12-01,2020,December,5.0,true,1963318.0,false,0.2546709193314583,5.0,0.0
Nebraska,2021-01-01,2021,January,71.0,false,1964697.0,false,3.6137887928774766,5.0,0.0
Nebraska,2021-02-01,2021,February,71.0,false,1964697.0,false,3.6137887928774766,10.5,19.05255888325765
Nebraska,2021-03-01,2021,March,73.0,false,1964697.0,false,3.715585660282476,16.0,25.69046515733026
Nebraska,2021-04-01,2021,April,69.0,false,1964697.0,false,3.511991925472478,21.666666666666668,30.155154341063042
Nebraska,2021-05-01,2021,May,70.0,false,1964697.0,false,3.5628903591749768,27.0,32.50734182807436
Nebraska,2021-06-01,2021,June,74.0,false,1964697.0,false,3.7664840939849755,32.416666666666664,33.89410872202728
Nebraska,2021-07-01,2021,July,77.0,false,1964697.0,false,3.919179395092475,38.166666666666664,34.6641898882126
Nebraska,2021-08-01,2021,August,88.0,false,1964697.0,false,4.479062165819971,44.166666666666664,34.63270480953289
Nebraska,2021-09-01,2021,September,88.0,false,1964697.0,false,4.479062165819971,51.083333333333336,34.38672664992947
Nebraska,2021-10-01,2021,October,88.0,false,1964697.0,false,4.479062165819971,58.0,32.57439038709565
Nebraska,2021-11-01,2021,November,91.0,false,1964697.0,false,4.63175746692747,64.91666666666667,28.902526889634768
Nebraska,2021-12-01,2021,December,92.0,false,1964697.0,false,4.68265590062997,72.08333333333333,22.689438205046113
Nebraska,2022-01-01,2022,January,94.0,false,1972595.0,false,4.7652964749479745,79.33333333333333,9.188266562537374
Nebraska,2022-02-01,2022,February,100.0,false,1972595.0,false,5.069464335051037,81.25,9.677762701631545
Nebraska,2022-03-01,2022,March,5.0,true,1972595.0,false,0.2534732167525518,83.66666666666667,10.473632115792961
Nebraska,2022-04-01,2022,April,5.0,true,1972595.0,false,0.2534732167525518,78.0,25.03815270560292
Nebraska,2022-05-01,2022,May,5.0,true,1972595.0,false,0.2534732167525518,72.66666666666667,32.75621615769589
Nebraska,2022-06-01,2022,June,5.0,true,1972595.0,false,0.2534732167525518,67.25,38.16501253528134
Nebraska,2022-07-01,2022,July,5.0,true,1972595.0,false,0.2534732167525518,61.5,42.05515858531939
Nebraska,2022-08-01,2022,August,5.0,true,1972595.0,false,0.2534732167525518,55.5,44.69594246379947
Nebraska,2022-09-01,2022,September,5.0,true,1972595.0,false,0.2534732167525518,48.583333333333336,45.62188137950977
Nebraska,2022-10-01,2022,October,5.0,true,1972595.0,false,0.2534732167525518,41.666666666666664,45.393898935936974
Nebraska,2022-11-01,2022,November,5.0,true,1972595.0,false,0.2534732167525518,34.75,43.99405951634007
Nebraska,2022-12-01,2022,December,5.0,true,1972595.0,false,0.2534732167525518,27.583333333333332,40.893338718123175
Nebraska,2023-01-01,2023,January,5.0,true,1988172.0,false,0.2514872958677619,20.333333333333332,35.83379139946827
Nebraska,2023-02-01,2023,February,5.0,true,1988172.0,false,0.2514872958677619,12.916666666666666,27.424137786507224
Nebraska,2023-03-01,2023,March,5.0,true,1988172.0,false,0.2514872958677619,5.0,0.0
Nebraska,2023-04-01,2023,April,5.0,true,1988172.0,false,0.2514872958677619,5.0,0.0
Nebraska,2023-05-01,2023,May,88.0,false,1988172.0,false,4.42617640727261,5.0,0.0
Nebraska,2023-06-01,2023,June,80.0,false,1988172.0,false,4.023796733884191,11.916666666666666,23.960036171369467
Nebraska,2023-07-01,2023,July,77.0,false,1988172.0,false,3.872904356363534,18.166666666666668,30.79797317219352
Nebraska,2023-08-01,2023,August,76.0,false,1988172.0,false,3.8226068971899814,24.166666666666668,34.758474004931735
Nebraska,2023-09-01,2023,September,78.0,false,1988172.0,false,3.9232018155370865,30.083333333333332,37.15926003112288
Nebraska,2023-10-01,2023,October,5.0,true,1988172.0,false,0.2514872958677619,36.166666666666664,38.626023571805796
Nebraska,2023-11-01,2023,November,5.0,true,1988172.0,false,0.2514872958677619,36.166666666666664,38.626023571805796
Nebraska,2023-12-01,2023,December,62.0,false,1988172.0,false,3.118442468760248,36.166666666666664,38.626023571805796
Nebraska,2024-01-01,2024,January,60.0,false,2005591.0,false,2.9916368791044636,40.916666666666664,37.94363842556084
Nebraska,2024-02-01,2024,February,61.0,false,2005591.0,false,3.0414974937562045,45.5,36.50529226888019
Nebraska,2024-03-01,2024,March,59.0,false,2005591.0,false,2.9417762644527223,50.166666666666664,34.37449724150246
Nebraska,2024-04-01,2024,April,56.0,false,2005591.0,false,2.7921944204974993,54.666666666666664,31.323338186590444
Nebraska,2024-05-01,2024,May,5.0,true,2005591.0,false,0.2493030732587053,58.916666666666664,27.154300959628117
Nebraska,2024-06-01,2024,June,5.0,true,2005591.0,false,0.2493030732587053,52.0,29.538880387473295
Nebraska,2024-07-01,2024,July,5.0,true,2005591.0,false,0.2493030732587053,45.75,30.975430145960406
Nebraska,2024-08-01,2024,August,5.0,true,2005591.0,false,0.2493030732587053,39.75,31.343043305275316
Nebraska,2024-09-01,2024,September,5.0,true,2005591.0,false,0.2493030732587053,33.833333333333336,30.56984055429716
Nebraska,2024-10-01,2024,October,5.0,true,2005591.0,false,0.2493030732587053,27.75,28.14935813897652
Nebraska,2024-11-01,2024,November,5.0,true,2005591.0,false,0.2493030732587053,27.75,28.14935813897652
Nebraska,2024-12-01,2024,December,5.0,true,2005591.0,false,0.2493030732587053,27.75,28.14935813897652
Nebraska,2025-01-01,2025,January,5.0,true,2018006.0,false,0.24776933269772242,23.0,26.61168574483432
Nebraska,2025-02-01,2025,February,5.0,true,2018006.0,false,0.24776933269772242,18.416666666666668,24.29537304745806
Nebraska,2025-03-01,2025,March,5.0,true,2018006.0,false,0.24776933269772242,13.75,20.445604106328755
Nebraska,2025-04-01,2025,April,5.0,true,2018006.0,false,0.24776933269772242,9.25,14.722431864335457
Nebraska,2025-05-01,2025,May,32.0,false,2018006.0,false,1.5857237292654234,5.0,0.0
Nebraska,2025-06-01,2025,June,33.0,false,2018006.0,false,1.635277595804968,7.25,7.794228634059948
Nebraska,2025-07-01,2025,July,28.0,false,2018006.0,false,1.3875082631072455,9.583333333333334,10.706483450638116
Nebraska,2025-08-01,2025,August,26.0,false,2018006.0,false,1.2884005300281565,11.5,11.812935898643255
Nebraska,2025-09-01,2025,September,26.0,false,2018006.0,false,1.2884005300281565,13.25,12.307610358118781
Nebraska,2025-10-01,2025,October,26.0,false,2018006.0,false,1.2884005300281565,15.0,12.519076352801461
Nebraska,2025-11-01,2025,November,30.0,false,2018006.0,false,1.4866159961863346,16.75,12.461759688962651
Nebraska,2025-12-01,2025,December,29.0,false,2018006.0,false,1.43706212964679,18.833333333333332,12.408452642037885
Nebraska,2026-01-01,2026,January,32.0,false,2030498.0,true,1.575968063007203,20.833333333333332,11.899834478095089
Nebraska,2026-02-01,2026,February,30.0,false,2030498.0,true,1.4774700590692529,23.083333333333332,11.163726433354944
Nebraska,2026-03-01,2026,March,31.0,false,2030498.0,true,1.526719061038228,25.166666666666668,9.72189032622522
Nebraska,2026-04-01,2026,April,32.0,false,2030498.0,true,1.575968063007203,27.333333333333332,7.450849046595395
New Jersey,2015-01-01,2015,January,5.0,true,8870312.0,false,0.056367803071639425,,
New Jersey,2015-02-01,2015,February,5.0,true,8870312.0,false,0.056367803071639425,5.0,
New Jersey,2015-03-01,2015,March,5.0,true,8870312.0,false,0.056367803071639425,5.0,0.0
New Jersey,2015-04-01,2015,April,5.0,true,8870312.0,false,0.056367803071639425,5.0,0.0
New Jersey,2015-05-01,2015,May,5.0,true,8870312.0,false,0.056367803071639425,5.0,0.0
New Jersey,2015-06-01,2015,June,5.0,true,8870312.0,false,0.056367803071639425,5.0,0.0
New Jersey,2015-07-01,2015,July,5.0,true,8870312.0,false,0.056367803071639425,5.0,0.0
New Jersey,2015-08-01,2015,August,5.0,true,8870312.0,false,0.056367803071639425,5.0,0.0
New Jersey,2015-09-01,2015,September,5.0,true,8870312.0,false,0.056367803071639425,5.0,0.0
New Jersey,2015-10-01,2015,October,5.0,true,8870312.0,false,0.056367803071639425,5.0,0.0
New Jersey,2015-11-01,2015,November,5.0,true,8870312.0,false,0.056367803071639425,5.0,0.0
New Jersey,2015-12-01,2015,December,5.0,true,8870312.0,false,0.056367803071639425,5.0,0.0
New Jersey,2016-01-01,2016,January,5.0,true,8873584.0,false,0.05634701829610223,5.0,0.0
New Jersey,2016-02-01,2016,February,5.0,true,8873584.0,false,0.05634701829610223,5.0,0.0
New Jersey,2016-03-01,2016,March,5.0,true,8873584.0,false,0.05634701829610223,5.0,0.0
New Jersey,2016-04-01,2016,April,5.0,true,8873584.0,false,0.05634701829610223,5.0,0.0
New Jersey,2016-05-01,2016,May,5.0,true,8873584.0,false,0.05634701829610223,5.0,0.0
New Jersey,2016-06-01,2016,June,5.0,true,8873584.0,false,0.05634701829610223,5.0,0.0
New Jersey,2016-07-01,2016,July,5.0,true,8873584.0,false,0.05634701829610223,5.0,0.0
New Jersey,2016-08-01,2016,August,5.0,true,8873584.0,false,0.05634701829610223,5.0,0.0
New Jersey,2016-09-01,2016,September,5.0,true,8873584.0,false,0.05634701829610223,5.0,0.0
New Jersey,2016-10-01,2016,October,5.0,true,8873584.0,false,0.05634701829610223,5.0,0.0
New Jersey,2016-11-01,2016,November,5.0,true,8873584.0,false,0.05634701829610223,5.0,0.0
New Jersey,2016-12-01,2016,December,5.0,true,8873584.0,false,0.05634701829610223,5.0,0.0
New Jersey,2017-01-01,2017,January,5.0,true,8888147.0,false,0.05625469515749458,5.0,0.0
New Jersey,2017-02-01,2017,February,5.0,true,8888147.0,false,0.05625469515749458,5.0,0.0
New Jersey,2017-03-01,2017,March,5.0,true,8888147.0,false,0.05625469515749458,5.0,0.0
New Jersey,2017-04-01,2017,April,5.0,true,8888147.0,false,0.05625469515749458,5.0,0.0
New Jersey,2017-05-01,2017,May,5.0,true,8888147.0,false,0.05625469515749458,5.0,0.0
New Jersey,2017-06-01,2017,June,5.0,true,8888147.0,false,0.05625469515749458,5.0,0.0
New Jersey,2017-07-01,2017,July,5.0,true,8888147.0,false,0.05625469515749458,5.0,0.0
New Jersey,2017-08-01,2017,August,5.0,true,8888147.0,false,0.05625469515749458,5.0,0.0
New Jersey,2017-09-01,2017,September,5.0,true,8888147.0,false,0.05625469515749458,5.0,0.0
New Jersey,2017-10-01,2017,October,5.0,true,8888147.0,false,0.05625469515749458,5.0,0.0
New Jersey,2017-11-01,2017,November,5.0,true,8888147.0,false,0.05625469515749458,5.0,0.0
New Jersey,2017-12-01,2017,December,5.0,true,8888147.0,false,0.05625469515749458,5.0,0.0
New Jersey,2018-01-01,2018,January,5.0,true,8891730.0,false,0.05623202683842177,5.0,0.0
New Jersey,2018-02-01,2018,February,5.0,true,8891730.0,false,0.05623202683842177,5.0,0.0
New Jersey,2018-03-01,2018,March,5.0,true,8891730.0,false,0.05623202683842177,5.0,0.0
New Jersey,2018-04-01,2018,April,5.0,true,8891730.0,false,0.05623202683842177,5.0,0.0
New Jersey,2018-05-01,2018,May,5.0,true,8891730.0,false,0.05623202683842177,5.0,0.0
New Jersey,2018-06-01,2018,June,1780.0,false,8891730.0,false,20.018601554478153,5.0,0.0
New Jersey,2018-07-01,2018,July,1850.0,false,8891730.0,false,20.805849930216056,152.91666666666666,512.3983639057928
New Jersey,2018-08-01,2018,August,1943.0,false,8891730.0,false,21.8517656294107,306.6666666666667,704.6995921323604
New Jersey,2018-09-01,2018,September,2001.0,false,8891730.0,false,22.504057140736393,468.1666666666667,838.6251555463571
New Jersey,2018-10-01,2018,October,2115.0,false,8891730.0,false,23.786147352652407,634.5,931.2390084769274
New Jersey,2018-11-01,2018,November,2166.0,false,8891730.0,false,24.359714026404312,810.3333333333334,998.3563158178213
New Jersey,2018-12-01,2018,December,2213.0,false,8891730.0,false,24.888295078685477,990.4166666666666,1034.1434275707982
New Jersey,2019-01-01,2019,January,2186.0,false,8891258.0,false,24.585947230414416,1174.4166666666667,1039.2904448650909
New Jersey,2019-02-01,2019,February,2229.0,false,8891258.0,false,25.069568333299966,1356.1666666666667,1006.3769249895961
New Jersey,2019-03-01,2019,March,2199.0,false,8891258.0,false,24.73215826151935,1541.5,937.3436839378509
New Jersey,2019-04-01,2019,April,2168.0,false,8891258.0,false,24.383501187346045,1724.3333333333333,816.5939608947014
New Jersey,2019-05-01,2019,May,2132.0,false,8891258.0,false,23.9786091012093,1904.5833333333333,616.8788680760492
New Jersey,2019-06-01,2019,June,2116.0,false,8891258.0,false,23.798657062926303,2081.8333333333335,151.4252490855012
New Jersey,2019-07-01,2019,July,2141.0,false,8891258.0,false,24.079832122743486,2109.8333333333335,117.89119277254485
New Jersey,2019-08-01,2019,August,2158.0,false,8891258.0,false,24.27103116341917,2134.0833333333335,84.89721949974499
New Jersey,2019-09-01,2019,September,2150.0,false,8891258.0,false,24.18105514427767,2152.0,59.91660871578098
New Jersey,2019-10-01,2019,October,2145.0,false,8891258.0,false,24.124820132314234,2164.4166666666665,36.733582191314724
New Jersey,2019-11-01,2019,November,2173.0,false,8891258.0,false,24.439736199309475,2166.9166666666665,33.98250441124973
New Jersey,2019-12-01,2019,December,2213.0,false,8891258.0,false,24.88961629501697,2167.5,34.02539158815493
New Jersey,2020-01-01,2020,January,2274.0,false,9270476.0,false,24.52948478589449,2167.5,34.02539158815482
New Jersey,2020-02-01,2020,February,2267.0,false,9270476.0,false,24.45397625752982,2174.8333333333335,45.815506174881484
New Jersey,2020-03-01,2020,March,2304.0,false,9270476.0,false,24.853092764600223,2178.0,50.92775631849871
New Jersey,2020-04-01,2020,April,2347.0,false,9270476.0,false,25.31693086741177,2186.75,62.55633824438139
New Jersey,2020-05-01,2020,May,2432.0,false,9270476.0,false,26.233820140411343,2201.6666666666665,77.28616638928047
New Jersey,2020-06-01,2020,June,2463.0,false,9270476.0,false,26.568215051740598,2226.6666666666665,98.35218103911843
New Jersey,2020-07-01,2020,July,2452.0,false,9270476.0,false,26.44955879288183,2255.5833333333335,112.80591404010809
New Jersey,2020-08-01,2020,August,2428.0,false,9270476.0,false,26.190672409917244,2281.5,119.608072090018
New Jersey,2020-09-01,2020,September,2421.0,false,9270476.0,false,26.115163881552576,2304.0,119.65936501738432
New Jersey,2020-10-01,2020,October,2384.0,false,9270476.0,false,25.716047374482173,2326.5833333333335,113.35981196922023
New Jersey,2020-11-01,2020,November,2382.0,false,9270476.0,false,25.694473509235124,2346.5,98.589599303928
New Jersey,2020-12-01,2020,December,2324.0,false,9270476.0,false,25.068831417070708,2363.9166666666665,82.26173122565817
New Jersey,2021-01-01,2021,January,2332.0,false,9266509.0,false,25.16589580822724,2373.1666666666665,68.90551281987305
New Jersey,2021-02-01,2021,February,2334.0,false,9266509.0,false,25.187478909263458,2378.0,63.10741204126068
New Jersey,2021-03-01,2021,March,2384.0,false,9266509.0,false,25.72705643516884,2383.5833333333335,54.81283581148626
New Jersey,2021-04-01,2021,April,2387.0,false,9266509.0,false,25.75943108672317,2390.25,48.787340012082495
New Jersey,2021-05-01,2021,May,2319.0,false,9266509.0,false,25.02560565149184,2393.5833333333335,46.89341557449642
New Jersey,2021-06-01,2021,June,2343.0,false,9266509.0,false,25.284602863926427,2384.1666666666665,49.73718808686189
New Jersey,2021-07-01,2021,July,2368.0,false,9266509.0,false,25.55439162687912,2374.1666666666665,44.201672805312235
New Jersey,2021-08-01,2021,August,2376.0,false,9266509.0,false,25.640724031023982,2367.1666666666665,36.783972135437054
New Jersey,2021-09-01,2021,September,2410.0,false,9266509.0,false,26.007636748639644,2362.8333333333335,31.674002340127835
New Jersey,2021-10-01,2021,October,2475.0,false,9266509.0,false,26.709087532316648,2361.9166666666665,29.949831789885256
New Jersey,2021-11-01,2021,November,2449.0,false,9266509.0,false,26.428507218845844,2369.5,44.18658784579937
New Jersey,2021-12-01,2021,December,2466.0,false,9266509.0,false,26.611963577653675,2375.0833333333335,49.7876551572839
New Jersey,2022-01-01,2022,January,2491.0,false,9298402.0,false,26.789549430106376,2386.9166666666665,53.294138059595156
New Jersey,2022-02-01,2022,February,2510.0,false,9298402.0,false,26.993885616044565,2400.1666666666665,57.96054039106464
New Jersey,2022-03-01,2022,March,2483.0,false,9298402.0,false,26.7035131412903,2414.8333333333335,61.83384382701947
New Jersey,2022-04-01,2022,April,2500.0,false,9298402.0,false,26.886340255024464,2423.0833333333335,63.9153678110691
New Jersey,2022-05-01,2022,May,2506.0,false,9298402.0,false,26.950867471636524,2432.5,66.39208605631491
New Jersey,2022-06-01,2022,June,2467.0,false,9298402.0,false,26.53144056365814,2448.0833333333335,58.84719555121065
New Jersey,2022-07-01,2022,July,2444.0,false,9298402.0,false,26.284086233311918,2458.4166666666665,48.73575938081033
New Jersey,2022-08-01,2022,August,2454.0,false,9298402.0,false,26.39163159433202,2464.75,40.08882183805903
New Jersey,2022-09-01,2022,September,2453.0,false,9298402.0,false,26.380877058230006,2471.25,29.248543087259492
New Jersey,2022-10-01,2022,October,2440.0,false,9298402.0,false,26.241068088903877,2474.8333333333335,23.036861107732705
New Jersey,2022-11-01,2022,November,2448.0,false,9298402.0,false,26.327104377719955,2471.9166666666665,25.134034633733176
New Jersey,2022-12-01,2022,December,2462.0,false,9298402.0,false,26.477667883148094,2471.8333333333335,25.21843962202457
New Jersey,2023-01-01,2023,January,2410.0,false,9395315.0,false,25.6510824810025,2471.5,25.32874759133292
New Jersey,2023-02-01,2023,February,2393.0,false,9395315.0,false,25.470141235285887,2464.75,30.018554868008444
New Jersey,2023-03-01,2023,March,2364.0,false,9395315.0,false,25.161476757298715,2455.0,32.85228648469875
New Jersey,2023-04-01,2023,April,2359.0,false,9395315.0,false,25.108258743852655,2445.0833333333335,40.66371698194694
New Jersey,2023-05-01,2023,May,2387.0,false,9395315.0,false,25.40627961915061,2433.3333333333335,43.61678853863773
New Jersey,2023-06-01,2023,June,2386.0,false,9395315.0,false,25.395636016461395,2423.4166666666665,38.86213004346452
New Jersey,2023-07-01,2023,July,2382.0,false,9395315.0,false,25.353061605704546,2416.6666666666665,37.61849963982502
New Jersey,2023-08-01,2023,August,2370.0,false,9395315.0,false,25.225338373433996,2411.5,37.78046633332679
New Jersey,2023-09-01,2023,September,2312.0,false,9395315.0,false,24.60800941745966,2404.5,36.96312658951783
New Jersey,2023-10-01,2023,October,2272.0,false,9395315.0,false,24.182265309891154,2392.75,42.186005865797334
New Jersey,2023-11-01,2023,November,2234.0,false,9395315.0,false,23.777808407701073,2378.75,51.84965152859144
New Jersey,2023-12-01,2023,December,2172.0,false,9395315.0,false,23.117905040969887,2360.9166666666665,61.72734524920962
New Jersey,2024-01-01,2024,January,2152.0,false,9506354.0,false,22.637490672028413,2336.75,74.08609856106604
New Jersey,2024-02-01,2024,February,2113.0,false,9506354.0,false,22.22723874999816,2315.25,87.17602360115477
New Jersey,2024-03-01,2024,March,2055.0,false,9506354.0,false,21.617120506978807,2291.9166666666665,100.87026621388776
New Jersey,2024-04-01,2024,April,1991.0,false,9506354.0,false,20.943886583647107,2266.1666666666665,118.66670922709496
New Jersey,2024-05-01,2024,May,1897.0,false,9506354.0,false,19.955074258753672,2235.5,138.40421696150472
New Jersey,2024-06-01,2024,June,1817.0,false,9506354.0,false,19.11353185458905,2194.6666666666665,160.20857617115212
New Jersey,2024-07-01,2024,July,1749.0,false,9506354.0,false,18.398220811049114,2147.25,181.252774273439
New Jersey,2024-08-01,2024,August,1676.0,false,9506354.0,false,17.630313367248895,2094.5,198.05485925047944
New Jersey,2024-09-01,2024,September,1632.0,false,9506354.0,false,17.16746504495835,2036.6666666666667,211.18468149221837
New Jersey,2024-10-01,2024,October,1555.0,false,9506354.0,false,16.3574804809499,1980.0,221.56509406738903
New Jersey,2024-11-01,2024,November,1512.0,false,9506354.0,false,15.905151438711412,1920.25,232.08976515759815
New Jersey,2024-12-01,2024,December,1479.0,false,9506354.0,false,15.558015196993505,1860.0833333333333,236.89485904599988
New Jersey,2025-01-01,2025,January,1409.0,false,9548215.0,false,14.756684888222562,1802.3333333333333,238.40810439753128
New Jersey,2025-02-01,2025,February,1359.0,false,9548215.0,false,14.233026801344545,1740.4166666666667,235.80865059825456
New Jersey,2025-03-01,2025,March,1335.0,false,9548215.0,false,13.981670919643095,1677.5833333333333,227.82507577418926
New Jersey,2025-04-01,2025,April,1283.0,false,9548215.0,false,13.437066509289957,1617.5833333333333,213.76854872558414
New Jersey,2025-05-01,2025,May,1283.0,false,9548215.0,false,13.437066509289957,1558.5833333333333,198.4945423263152
New Jersey,2025-06-01,2025,June,1276.0,false,9548215.0,false,13.363754377127034,1507.4166666666667,181.76031086587793
New Jersey,2025-07-01,2025,July,1242.0,false,9548215.0,false,13.00766687804998,1462.3333333333333,164.24113831544008
New Jersey,2025-08-01,2025,August,1207.0,false,9548215.0,false,12.641106217235368,1420.0833333333333,148.22431301813128
New Jersey,2025-09-01,2025,September,1198.0,false,9548215.0,false,12.546847761597325,1381.0,135.93313864476968
New Jersey,2025-10-01,2025,October,1161.0,false,9548215.0,false,12.159340777307591,1344.8333333333333,119.8664661069546
New Jersey,2025-11-01,2025,November,1139.0,false,9548215.0,false,11.928931219081264,1312.0,110.67396836079946
New Jersey,2025-12-01,2025,December,1107.0,false,9548215.0,false,11.59379004347933,1280.9166666666667,101.38626259224786
New Jersey,2026-01-01,2026,January,1098.0,false,9590260.0,true,11.44911608235856,1249.9166666666667,91.72533934953782
New Jersey,2026-02-01,2026,February,1064.0,false,9590260.0,true,11.094589719152557,1224.0,86.47648130088216
New Jersey,2026-03-01,2026,March,1049.0,false,9590260.0,true,10.938181029502848,1199.4166666666667,86.54106574688147
New Jersey,2026-04-01,2026,April,1030.0,false,9590260.0,true,10.740063355946555,1175.5833333333333,85.17837789372413
North Dakota,2015-01-01,2015,January,5.0,true,755537.0,false,0.6617809584441264,,
North Dakota,2015-02-01,2015,February,5.0,true,755537.0,false,0.6617809584441264,5.0,
North Dakota,2015-03-01,2015,March,5.0,true,755537.0,false,0.6617809584441264,5.0,0.0
North Dakota,2015-04-01,2015,April,5.0,true,755537.0,false,0.6617809584441264,5.0,0.0
North Dakota,2015-05-01,2015,May,5.0,true,755537.0,false,0.6617809584441264,5.0,0.0
North Dakota,2015-06-01,2015,June,5.0,true,755537.0,false,0.6617809584441264,5.0,0.0
North Dakota,2015-07-01,2015,July,5.0,true,755537.0,false,0.6617809584441264,5.0,0.0
North Dakota,2015-08-01,2015,August,5.0,true,755537.0,false,0.6617809584441264,5.0,0.0
North Dakota,2015-09-01,2015,September,5.0,true,755537.0,false,0.6617809584441264,5.0,0.0
North Dakota,2015-10-01,2015,October,5.0,true,755537.0,false,0.6617809584441264,5.0,0.0
North Dakota,2015-11-01,2015,November,5.0,true,755537.0,false,0.6617809584441264,5.0,0.0
North Dakota,2015-12-01,2015,December,5.0,true,755537.0,false,0.6617809584441264,5.0,0.0
North Dakota,2016-01-01,2016,January,5.0,true,756114.0,false,0.6612759451617084,5.0,0.0
North Dakota,2016-02-01,2016,February,5.0,true,756114.0,false,0.6612759451617084,5.0,0.0
North Dakota,2016-03-01,2016,March,5.0,true,756114.0,false,0.6612759451617084,5.0,0.0
North Dakota,2016-04-01,2016,April,5.0,true,756114.0,false,0.6612759451617084,5.0,0.0
North Dakota,2016-05-01,2016,May,10.0,false,756114.0,false,1.3225518903234168,5.0,0.0
North Dakota,2016-06-01,2016,June,11.0,false,756114.0,false,1.4548070793557586,5.416666666666667,1.4433756729740643
North Dakota,2016-07-01,2016,July,11.0,false,756114.0,false,1.4548070793557586,5.916666666666667,2.151461800448216
North Dakota,2016-08-01,2016,August,12.0,false,756114.0,false,1.5870622683881002,6.416666666666667,2.574643252722186
North Dakota,2016-09-01,2016,September,14.0,false,756114.0,false,1.8515726464527835,7.0,2.9848100289785457
North Dakota,2016-10-01,2016,October,5.0,true,756114.0,false,0.6612759451617084,7.75,3.519426606190792
North Dakota,2016-11-01,2016,November,5.0,true,756114.0,false,0.6612759451617084,7.75,3.519426606190792
North Dakota,2016-12-01,2016,December,5.0,true,756114.0,false,0.6612759451617084,7.75,3.519426606190792
North Dakota,2017-01-01,2017,January,5.0,true,756755.0,false,0.6607158195188667,7.75,3.5194266061907924
North Dakota,2017-02-01,2017,February,5.0,true,756755.0,false,0.6607158195188667,7.75,3.5194266061907915
North Dakota,2017-03-01,2017,March,5.0,true,756755.0,false,0.6607158195188667,7.75,3.5194266061907915
North Dakota,2017-04-01,2017,April,5.0,true,756755.0,false,0.6607158195188667,7.75,3.5194266061907915
North Dakota,2017-05-01,2017,May,5.0,true,756755.0,false,0.6607158195188667,7.75,3.5194266061907915
North Dakota,2017-06-01,2017,June,5.0,true,756755.0,false,0.6607158195188667,7.333333333333333,3.524803884507963
North Dakota,2017-07-01,2017,July,5.0,true,756755.0,false,0.6607158195188667,6.833333333333333,3.3799766898963117
North Dakota,2017-08-01,2017,August,5.0,true,756755.0,false,0.6607158195188667,6.333333333333333,3.1430539096216403
North Dakota,2017-09-01,2017,September,5.0,true,756755.0,false,0.6607158195188667,5.75,2.598076211353316
North Dakota,2017-10-01,2017,October,5.0,true,756755.0,false,0.6607158195188667,5.0,0.0
North Dakota,2017-11-01,2017,November,5.0,true,756755.0,false,0.6607158195188667,5.0,0.0
North Dakota,2017-12-01,2017,December,5.0,true,756755.0,false,0.6607158195188667,5.0,0.0
North Dakota,2018-01-01,2018,January,5.0,true,760062.0,false,0.6578410708600088,5.0,0.0
North Dakota,2018-02-01,2018,February,5.0,true,760062.0,false,0.6578410708600088,5.0,0.0
North Dakota,2018-03-01,2018,March,5.0,true,760062.0,false,0.6578410708600088,5.0,0.0
North Dakota,2018-04-01,2018,April,5.0,true,760062.0,false,0.6578410708600088,5.0,0.0
North Dakota,2018-05-01,2018,May,5.0,true,760062.0,false,0.6578410708600088,5.0,0.0
North Dakota,2018-06-01,2018,June,5.0,true,760062.0,false,0.6578410708600088,5.0,0.0
North Dakota,2018-07-01,2018,July,5.0,true,760062.0,false,0.6578410708600088,5.0,0.0
North Dakota,2018-08-01,2018,August,5.0,true,760062.0,false,0.6578410708600088,5.0,0.0
North Dakota,2018-09-01,2018,September,5.0,true,760062.0,false,0.6578410708600088,5.0,0.0
North Dakota,2018-10-01,2018,October,5.0,true,760062.0,false,0.6578410708600088,5.0,0.0
North Dakota,2018-11-01,2018,November,5.0,true,760062.0,false,0.6578410708600088,5.0,0.0
North Dakota,2018-12-01,2018,December,5.0,true,760062.0,false,0.6578410708600088,5.0,0.0
North Dakota,2019-01-01,2019,January,5.0,true,763724.0,false,0.6546867716609666,5.0,0.0
North Dakota,2019-02-01,2019,February,5.0,true,763724.0,false,0.6546867716609666,5.0,0.0
North Dakota,2019-03-01,2019,March,5.0,true,763724.0,false,0.6546867716609666,5.0,0.0
North Dakota,2019-04-01,2019,April,5.0,true,763724.0,false,0.6546867716609666,5.0,0.0
North Dakota,2019-05-01,2019,May,5.0,true,763724.0,false,0.6546867716609666,5.0,0.0
North Dakota,2019-06-01,2019,June,5.0,true,763724.0,false,0.6546867716609666,5.0,0.0
North Dakota,2019-07-01,2019,July,5.0,true,763724.0,false,0.6546867716609666,5.0,0.0
North Dakota,2019-08-01,2019,August,5.0,true,763724.0,false,0.6546867716609666,5.0,0.0
North Dakota,2019-09-01,2019,September,5.0,true,763724.0,false,0.6546867716609666,5.0,0.0
North Dakota,2019-10-01,2019,October,5.0,true,763724.0,false,0.6546867716609666,5.0,0.0
North Dakota,2019-11-01,2019,November,5.0,true,763724.0,false,0.6546867716609666,5.0,0.0
North Dakota,2019-12-01,2019,December,5.0,true,763724.0,false,0.6546867716609666,5.0,0.0
North Dakota,2020-01-01,2020,January,5.0,true,779612.0,false,0.6413446688865744,5.0,0.0
North Dakota,2020-02-01,2020,February,5.0,true,779612.0,false,0.6413446688865744,5.0,0.0
North Dakota,2020-03-01,2020,March,5.0,true,779612.0,false,0.6413446688865744,5.0,0.0
North Dakota,2020-04-01,2020,April,5.0,true,779612.0,false,0.6413446688865744,5.0,0.0
North Dakota,2020-05-01,2020,May,5.0,true,779612.0,false,0.6413446688865744,5.0,0.0
North Dakota,2020-06-01,2020,June,5.0,true,779612.0,false,0.6413446688865744,5.0,0.0
North Dakota,2020-07-01,2020,July,5.0,true,779612.0,false,0.6413446688865744,5.0,0.0
North Dakota,2020-08-01,2020,August,5.0,true,779612.0,false,0.6413446688865744,5.0,0.0
North Dakota,2020-09-01,2020,September,5.0,true,779612.0,false,0.6413446688865744,5.0,0.0
North Dakota,2020-10-01,2020,October,5.0,true,779612.0,false,0.6413446688865744,5.0,0.0
North Dakota,2020-11-01,2020,November,5.0,true,779612.0,false,0.6413446688865744,5.0,0.0
North Dakota,2020-12-01,2020,December,5.0,true,779612.0,false,0.6413446688865744,5.0,0.0
North Dakota,2021-01-01,2021,January,5.0,true,777977.0,false,0.6426925217583553,5.0,0.0
North Dakota,2021-02-01,2021,February,5.0,true,777977.0,false,0.6426925217583553,5.0,0.0
North Dakota,2021-03-01,2021,March,5.0,true,777977.0,false,0.6426925217583553,5.0,0.0
North Dakota,2021-04-01,2021,April,5.0,true,777977.0,false,0.6426925217583553,5.0,0.0
North Dakota,2021-05-01,2021,May,5.0,true,777977.0,false,0.6426925217583553,5.0,0.0
North Dakota,2021-06-01,2021,June,5.0,true,777977.0,false,0.6426925217583553,5.0,0.0
North Dakota,2021-07-01,2021,July,5.0,true,777977.0,false,0.6426925217583553,5.0,0.0
North Dakota,2021-08-01,2021,August,5.0,true,777977.0,false,0.6426925217583553,5.0,0.0
North Dakota,2021-09-01,2021,September,5.0,true,777977.0,false,0.6426925217583553,5.0,0.0
North Dakota,2021-10-01,2021,October,5.0,true,777977.0,false,0.6426925217583553,5.0,0.0
North Dakota,2021-11-01,2021,November,5.0,true,777977.0,false,0.6426925217583553,5.0,0.0
North Dakota,2021-12-01,2021,December,5.0,true,777977.0,false,0.6426925217583553,5.0,0.0
North Dakota,2022-01-01,2022,January,61.0,false,780191.0,false,7.818598266321964,5.0,0.0
North Dakota,2022-02-01,2022,February,62.0,false,780191.0,false,7.946772008392817,9.666666666666666,16.165807537309522
North Dakota,2022-03-01,2022,March,5.0,true,780191.0,false,0.6408687103542594,14.416666666666666,21.99362855396301
North Dakota,2022-04-01,2022,April,5.0,true,780191.0,false,0.6408687103542594,14.416666666666666,21.993628553963006
North Dakota,2022-05-01,2022,May,5.0,true,780191.0,false,0.6408687103542594,14.416666666666666,21.99362855396301
North Dakota,2022-06-01,2022,June,5.0,true,780191.0,false,0.6408687103542594,14.416666666666666,21.99362855396301
North Dakota,2022-07-01,2022,July,5.0,true,780191.0,false,0.6408687103542594,14.416666666666666,21.99362855396301
North Dakota,2022-08-01,2022,August,5.0,true,780191.0,false,0.6408687103542594,14.416666666666666,21.99362855396301
North Dakota,2022-09-01,2022,September,5.0,true,780191.0,false,0.6408687103542594,14.416666666666666,21.993628553963006
North Dakota,2022-10-01,2022,October,5.0,true,780191.0,false,0.6408687103542594,14.416666666666666,21.99362855396301
North Dakota,2022-11-01,2022,November,5.0,true,780191.0,false,0.6408687103542594,14.416666666666666,21.99362855396301
North Dakota,2022-12-01,2022,December,5.0,true,780191.0,false,0.6408687103542594,14.416666666666666,21.99362855396301
North Dakota,2023-01-01,2023,January,5.0,true,787071.0,false,0.6352667040203489,14.416666666666666,21.99362855396301
North Dakota,2023-02-01,2023,February,5.0,true,787071.0,false,0.6352667040203489,9.75,16.454482671904334
North Dakota,2023-03-01,2023,March,87.0,false,787071.0,false,11.05364064995407,5.0,0.0
North Dakota,2023-04-01,2023,April,90.0,false,787071.0,false,11.434800672366281,11.833333333333334,23.671361036774655
North Dakota,2023-05-01,2023,May,90.0,false,787071.0,false,11.434800672366281,18.916666666666668,32.508623564534474
North Dakota,2023-06-01,2023,June,91.0,false,787071.0,false,11.561854013170349,26.0,37.99760758019091
North Dakota,2023-07-01,2023,July,89.0,false,787071.0,false,11.30774733156221,33.166666666666664,41.61475554160902
North Dakota,2023-08-01,2023,August,90.0,false,787071.0,false,11.434800672366281,40.166666666666664,43.46959926898407
North Dakota,2023-09-01,2023,September,87.0,false,787071.0,false,11.05364064995407,47.25,44.13847013042642
North Dakota,2023-10-01,2023,October,89.0,false,787071.0,false,11.30774733156221,54.083333333333336,43.34315156837108
North Dakota,2023-11-01,2023,November,85.0,false,787071.0,false,10.799533968345932,61.083333333333336,41.43660729647668
North Dakota,2023-12-01,2023,December,83.0,false,787071.0,false,10.545427286737791,67.75,37.875693813027134
North Dakota,2024-01-01,2024,January,80.0,false,793387.0,false,10.083351504373024,74.25,32.42929371585344
North Dakota,2024-02-01,2024,February,79.0,false,793387.0,false,9.95730961056836,80.5,24.001893864670535
North Dakota,2024-03-01,2024,March,81.0,false,793387.0,false,10.209393398177687,86.66666666666667,4.07505344824588
North Dakota,2024-04-01,2024,April,78.0,false,793387.0,false,9.831267716763698,86.16666666666667,4.386618771038153
North Dakota,2024-05-01,2024,May,74.0,false,793387.0,false,9.327100141545046,85.16666666666667,4.783177592227564
North Dakota,2024-06-01,2024,June,5.0,true,793387.0,false,0.630209469023314,83.83333333333333,5.491039532867626
North Dakota,2024-07-01,2024,July,5.0,true,793387.0,false,0.630209469023314,76.66666666666667,23.11761757673663
North Dakota,2024-08-01,2024,August,59.0,false,793387.0,false,7.436471734475105,69.66666666666667,30.56240510922866
North Dakota,2024-09-01,2024,September,54.0,false,793387.0,false,6.8062622654517915,67.08333333333333,29.99229699085881
North Dakota,2024-10-01,2024,October,5.0,true,793387.0,false,0.630209469023314,64.33333333333333,29.509115181378778
North Dakota,2024-11-01,2024,November,51.0,false,793387.0,false,6.428136584037802,57.333333333333336,32.89468963313997
North Dakota,2024-12-01,2024,December,5.0,true,793387.0,false,0.630209469023314,54.5,31.738992365285267
North Dakota,2025-01-01,2025,January,5.0,true,799358.0,false,0.6255019653271751,48.0,33.31939102357392
North Dakota,2025-02-01,2025,February,38.0,false,799358.0,false,4.75381493648653,41.75,33.80189612755743
North Dakota,2025-03-01,2025,March,41.0,false,799358.0,false,5.1291161156828355,38.333333333333336,31.701257025072316
North Dakota,2025-04-01,2025,April,5.0,true,799358.0,false,0.6255019653271751,35.0,28.77498913987632
North Dakota,2025-05-01,2025,May,5.0,true,799358.0,false,0.6255019653271751,28.916666666666668,26.4831278478593
North Dakota,2025-06-01,2025,June,48.0,false,799358.0,false,6.00481886714088,23.166666666666668,23.076289812600976
North Dakota,2025-07-01,2025,July,5.0,true,799358.0,false,0.6255019653271751,26.75,23.335984697847696
North Dakota,2025-08-01,2025,August,5.0,true,799358.0,false,0.6255019653271751,26.75,23.335984697847696
North Dakota,2025-09-01,2025,September,5.0,true,799358.0,false,0.6255019653271751,22.25,21.70096353118493
North Dakota,2025-10-01,2025,October,5.0,true,799358.0,false,0.6255019653271751,18.166666666666668,19.70156123639736
North Dakota,2025-11-01,2025,November,54.0,false,799358.0,false,6.75542122553349,18.166666666666668,19.70156123639736
North Dakota,2025-12-01,2025,December,56.0,false,799358.0,false,7.00562201166436,18.416666666666668,20.169546501114148
North Dakota,2026-01-01,2026,January,53.0,false,805374.0,true,6.5807935195325395,22.666666666666668,22.341699021146873
North Dakota,2026-02-01,2026,February,5.0,true,805374.0,true,0.6208295773143906,26.666666666666668,23.172606607149252
North Dakota,2026-03-01,2026,March,5.0,true,805374.0,true,0.6208295773143906,23.916666666666668,23.658395908634567
North Dakota,2026-04-01,2026,April,48.0,false,805374.0,true,5.959963942218149,20.916666666666668,23.577563808661722
Oregon,2015-01-01,2015,January,32.0,false,4018542.0,false,0.7963087109702972,,
Oregon,2015-02-01,2015,February,29.0,false,4018542.0,false,0.7216547693168318,32.0,
Oregon,2015-03-01,2015,March,29.0,false,4018542.0,false,0.7216547693168318,30.5,2.1213203435596424
Oregon,2015-04-01,2015,April,32.0,false,4018542.0,false,0.7963087109702972,30.0,1.7320508075688772
Oregon,2015-05-01,2015,May,31.0,false,4018542.0,false,0.7714240637524754,30.5,1.7320508075688772
Oregon,2015-06-01,2015,June,34.0,false,4018542.0,false,0.8460780054059407,30.6,1.51657508881031
Oregon,2015-07-01,2015,July,35.0,false,4018542.0,false,0.8709626526237626,31.166666666666668,1.9407902170679512
Oregon,2015-08-01,2015,August,36.0,false,4018542.0,false,0.8958472998415844,31.714285714285715,2.2886885410853166
Oregon,2015-09-01,2015,September,36.0,false,4018542.0,false,0.8958472998415844,32.25,2.604940361258638
Oregon,2015-10-01,2015,October,38.0,false,4018542.0,false,0.9456165942772279,32.666666666666664,2.7386127875258306
Oregon,2015-11-01,2015,November,33.0,false,4018542.0,false,0.8211933581881189,33.2,3.084008934992101
Oregon,2015-12-01,2015,December,33.0,false,4018542.0,false,0.8211933581881189,33.18181818181818,2.9263691434329275
Oregon,2016-01-01,2016,January,32.0,false,4093271.0,false,0.7817708624716028,33.166666666666664,2.7906771199618903
Oregon,2016-02-01,2016,February,37.0,false,4093271.0,false,0.9039225597327907,33.166666666666664,2.79067711996189
Oregon,2016-03-01,2016,March,40.0,false,4093271.0,false,0.9772135780895034,33.833333333333336,2.6571800956288336
Oregon,2016-04-01,2016,April,39.0,false,4093271.0,false,0.9527832386372659,34.75,2.734460225944551
Oregon,2016-05-01,2016,May,41.0,false,4093271.0,false,1.001643917541741,35.333333333333336,2.839120649181021
Oregon,2016-06-01,2016,June,39.0,false,4093271.0,false,0.9527832386372659,36.166666666666664,2.9180732539042804
Oregon,2016-07-01,2016,July,37.0,false,4093271.0,false,0.9039225597327907,36.583333333333336,2.9374798516394773
Oregon,2016-08-01,2016,August,39.0,false,4093271.0,false,0.9527832386372659,36.75,2.8959218974902647
Oregon,2016-09-01,2016,September,40.0,false,4093271.0,false,0.9772135780895034,37.0,2.9541957835039856
Oregon,2016-10-01,2016,October,40.0,false,4093271.0,false,0.9772135780895034,37.333333333333336,3.0550504633038935
Oregon,2016-11-01,2016,November,43.0,false,4093271.0,false,1.0505045964462163,37.5,3.1478708533056
Oregon,2016-12-01,2016,December,41.0,false,4093271.0,false,1.001643917541741,38.333333333333336,3.171845844395037
Oregon,2017-01-01,2017,January,42.0,false,4147294.0,false,1.0127085275362682,39.0,2.76339711883103
Oregon,2017-02-01,2017,February,42.0,false,4147294.0,false,1.0127085275362682,39.833333333333336,1.8006732747570404
Oregon,2017-03-01,2017,March,42.0,false,4147294.0,false,1.0127085275362682,40.25,1.6583123951776972
Oregon,2017-04-01,2017,April,49.0,false,4147294.0,false,1.1814932821256463,40.416666666666664,1.729862492345634
Oregon,2017-05-01,2017,May,56.0,false,4147294.0,false,1.3502780367150244,41.25,2.9580398915498076
Oregon,2017-06-01,2017,June,64.0,false,4147294.0,false,1.5431748991028849,42.5,5.178627406773132
Oregon,2017-07-01,2017,July,74.0,false,4147294.0,false,1.7842959770877105,44.583333333333336,7.93677669097627
Oregon,2017-08-01,2017,August,77.0,false,4147294.0,false,1.8566323004831582,47.666666666666664,11.227671444275792
Oregon,2017-09-01,2017,September,79.0,false,4147294.0,false,1.9048565160801236,50.833333333333336,13.657055008864521
Oregon,2017-10-01,2017,October,82.0,false,4147294.0,false,1.9771928394755713,54.083333333333336,15.376832238694993
Oregon,2017-11-01,2017,November,84.0,false,4147294.0,false,2.0254170550725363,57.583333333333336,16.610283415749265
Oregon,2017-12-01,2017,December,86.0,false,4147294.0,false,2.0736412706695018,61.0,17.529196424044294
Oregon,2018-01-01,2018,January,91.0,false,4183538.0,false,2.1751923850100083,64.75,17.674455115684996
Oregon,2018-02-01,2018,February,93.0,false,4183538.0,false,2.2229988110541843,68.83333333333333,17.60079199319959
Oregon,2018-03-01,2018,March,99.0,false,4183538.0,false,2.3664180891867126,73.08333333333333,16.66492415133345
Oregon,2018-04-01,2018,April,99.0,false,4183538.0,false,2.3664180891867126,77.83333333333333,15.044378795195682
Oregon,2018-05-01,2018,May,100.0,false,4183538.0,false,2.3903213022088003,82.0,13.135655847556853
Oregon,2018-06-01,2018,June,98.0,false,4183538.0,false,2.3425148761646244,85.66666666666667,11.21957164417554
Oregon,2018-07-01,2018,July,94.0,false,4183538.0,false,2.2469020240762725,88.5,9.395356686828192
Oregon,2018-08-01,2018,August,91.0,false,4183538.0,false,2.1751923850100083,90.16666666666667,8.299324543526897
Oregon,2018-09-01,2018,September,97.0,false,4183538.0,false,2.3186116631425366,91.33333333333333,7.190060479368005
Oregon,2018-10-01,2018,October,92.0,false,4183538.0,false,2.199095598032096,92.83333333333333,6.191391873668903
Oregon,2018-11-01,2018,November,91.0,false,4183538.0,false,2.1751923850100083,93.66666666666667,5.193235693640043
Oregon,2018-12-01,2018,December,96.0,false,4183538.0,false,2.2947084501204484,94.25,4.330127018922195
Oregon,2019-01-01,2019,January,91.0,false,4216116.0,false,2.1583846364758466,95.08333333333333,3.476108935769034
Oregon,2019-02-01,2019,February,92.0,false,4216116.0,false,2.182103148964592,95.08333333333333,3.476108935769032
Oregon,2019-03-01,2019,March,93.0,false,4216116.0,false,2.2058216614533377,95.0,3.5419563161414787
Oregon,2019-04-01,2019,April,94.0,false,4216116.0,false,2.2295401739420835,94.5,3.343922574136276
Oregon,2019-05-01,2019,May,87.0,false,4216116.0,false,2.0635105865208643,94.08333333333333,3.028901190901152
Oregon,2019-06-01,2019,June,86.0,false,4216116.0,false,2.0397920740321185,93.0,3.0451153135353186
Oregon,2019-07-01,2019,July,85.0,false,4216116.0,false,2.016073561543373,92.0,3.2192602199319587
Oregon,2019-08-01,2019,August,83.0,false,4216116.0,false,1.968636536565882,91.25,3.7203372281164397
Oregon,2019-09-01,2019,September,77.0,false,4216116.0,false,1.8263254616334084,90.58333333333333,4.420167280531234
Oregon,2019-10-01,2019,October,82.0,false,4216116.0,false,1.9449180240771364,88.91666666666667,5.434876152027637
Oregon,2019-11-01,2019,November,85.0,false,4216116.0,false,2.016073561543373,88.08333333333333,5.6802422056767545
Oregon,2019-12-01,2019,December,83.0,false,4216116.0,false,1.968636536565882,87.58333333333333,5.6642151559888125
Oregon,2020-01-01,2020,January,94.0,false,4243544.0,false,2.2151296180739495,86.5,5.125692857821981
Oregon,2020-02-01,2020,February,99.0,false,4243544.0,false,2.3329556615885214,86.75,5.429297627435131
Oregon,2020-03-01,2020,March,98.0,false,4243544.0,false,2.309390452885607,87.33333333333333,6.343691688790073
Oregon,2020-04-01,2020,April,105.0,false,4243544.0,false,2.4743469138060075,87.75,6.8903753691125385
Oregon,2020-05-01,2020,May,134.0,false,4243544.0,false,3.157737966190524,88.66666666666667,8.370221386594622
Oregon,2020-06-01,2020,June,148.0,false,4243544.0,false,3.487650888031325,92.58333333333333,15.4887544738599
Oregon,2020-07-01,2020,July,160.0,false,4243544.0,false,3.770433392466297,97.75,22.045923144035665
Oregon,2020-08-01,2020,August,178.0,false,4243544.0,false,4.194607149118756,104.0,27.944750686114393
Oregon,2020-09-01,2020,September,197.0,false,4243544.0,false,4.642346114474128,111.91666666666667,34.209138421117125
Oregon,2020-10-01,2020,October,208.0,false,4243544.0,false,4.901563410206187,121.91666666666667,40.10544812986098
Oregon,2020-11-01,2020,November,220.0,false,4243544.0,false,5.184345914641158,132.41666666666666,44.910938803841816
Oregon,2020-12-01,2020,December,239.0,false,4243544.0,false,5.6320848799965315,143.66666666666666,48.70193823533914
Oregon,2021-01-01,2021,January,261.0,false,4254691.0,false,6.1344055302723515,156.66666666666666,51.760520816076756
Oregon,2021-02-01,2021,February,266.0,false,4254691.0,false,6.251922877595577,170.58333333333334,55.68165738999665
Oregon,2021-03-01,2021,March,297.0,false,4254691.0,false,6.980530430999571,184.5,57.017541160593744
Oregon,2021-04-01,2021,April,334.0,false,4254691.0,false,7.850158801191437,201.08333333333334,58.49235899334255
Oregon,2021-05-01,2021,May,359.0,false,4254691.0,false,8.437745537807563,220.16666666666666,61.57011278111148
Oregon,2021-06-01,2021,June,383.0,false,4254691.0,false,9.001828804959043,238.91666666666666,66.96737106889287
Oregon,2021-07-01,2021,July,412.0,false,4254691.0,false,9.68342941943375,258.5,72.12552189822208
Oregon,2021-08-01,2021,August,430.0,false,4254691.0,false,10.106491869797361,279.5,77.33692520394123
Oregon,2021-09-01,2021,September,456.0,false,4254691.0,false,10.71758207587813,300.5,81.37846487526382
Oregon,2021-10-01,2021,October,491.0,false,4254691.0,false,11.540203507140706,322.0833333333333,85.66579707140293
Oregon,2021-11-01,2021,November,512.0,false,4254691.0,false,12.033776365898252,345.6666666666667,90.23638989125206
Oregon,2021-12-01,2021,December,532.0,false,4254691.0,false,12.503845755191154,370.0,92.60767688578427
Oregon,2022-01-01,2022,January,550.0,false,4245964.0,false,12.953477702590035,394.4166666666667,93.54965461608012
Oregon,2022-02-01,2022,February,594.0,false,4245964.0,false,13.98975591879724,418.5,93.28012552619029
Oregon,2022-03-01,2022,March,607.0,false,4245964.0,false,14.295929028131185,445.8333333333333,92.58493234306373
Oregon,2022-04-01,2022,April,606.0,false,4245964.0,false,14.272377250490113,471.6666666666667,90.5069895174685
Oregon,2022-05-01,2022,May,613.0,false,4245964.0,false,14.437239693977622,494.3333333333333,86.88271439478662
Oregon,2022-06-01,2022,June,624.0,false,4245964.0,false,14.696309248029424,515.5,81.70067319184099
Oregon,2022-07-01,2022,July,643.0,false,4245964.0,false,15.143793023209806,535.5833333333334,75.55907782936637
Oregon,2022-08-01,2022,August,680.0,false,4245964.0,false,16.0152087959295,554.8333333333334,70.46576645736738
Oregon,2022-09-01,2022,September,702.0,false,4245964.0,false,16.5333479040331,575.6666666666666,67.07842538040941
Oregon,2022-10-01,2022,October,729.0,false,4245964.0,false,17.169245900342066,596.1666666666666,64.73137967903598
Oregon,2022-11-01,2022,November,781.0,false,4245964.0,false,18.39393833767785,616.0,66.02754246249334
Oregon,2022-12-01,2022,December,859.0,false,4245964.0,false,20.23097699368153,638.4166666666666,72.82289641606025
Oregon,2023-01-01,2023,January,911.0,false,4250392.0,false,21.43331720933034,665.6666666666666,88.80861274093685
Oregon,2023-02-01,2023,February,932.0,false,4250392.0,false,21.9273892855059,695.75,105.61777140407594
Oregon,2023-03-01,2023,March,1000.0,false,4250392.0,false,23.52724172264582,723.9166666666666,120.09349262011231
Oregon,2023-04-01,2023,April,1045.0,false,4250392.0,false,24.585967600164878,756.6666666666666,137.61892928289225
Oregon,2023-05-01,2023,May,1081.0,false,4250392.0,false,25.43294830218013,793.25,151.56884124503833
Oregon,2023-06-01,2023,June,1143.0,false,4250392.0,false,26.891637288984167,832.25,160.89585846977934
Oregon,2023-07-01,2023,July,1221.0,false,4250392.0,false,28.72676214335054,875.5,169.36056211526935
Oregon,2023-08-01,2023,August,1271.0,false,4250392.0,false,29.903124229482835,923.6666666666666,179.13597341041518
Oregon,2023-09-01,2023,September,1320.0,false,4250392.0,false,31.05595907389248,972.9166666666666,187.1185615074198
Oregon,2023-10-01,2023,October,1365.0,false,4250392.0,false,32.11468495141154,1024.4166666666667,190.78567619825202
Oregon,2023-11-01,2023,November,1356.0,false,4250392.0,false,31.90293977590773,1077.4166666666667,189.59500297084608
Oregon,2023-12-01,2023,December,1338.0,false,4250392.0,false,31.4794494249001,1125.3333333333333,180.3034479241408
Oregon,2024-01-01,2024,January,1358.0,false,4265324.0,false,31.838144065960755,1165.25,168.62444824358812
Oregon,2024-02-01,2024,February,1362.0,false,4265324.0,false,31.9319235772007,1202.5,156.27336188987425
Oregon,2024-03-01,2024,March,1355.0,false,4265324.0,false,31.767809432530797,1238.3333333333333,136.68033930128783
Oregon,2024-04-01,2024,April,1355.0,false,4265324.0,false,31.767809432530797,1267.9166666666667,117.47452979908088
Oregon,2024-05-01,2024,May,1359.0,false,4265324.0,false,31.86158894377074,1293.75,96.14678645412202
Oregon,2024-06-01,2024,June,1317.0,false,4265324.0,false,30.876904075751337,1316.9166666666667,70.22102551403272
Oregon,2024-07-01,2024,July,1218.0,false,4265324.0,false,28.55586117256274,1331.4166666666667,44.1803295047866
Oregon,2024-08-01,2024,August,1143.0,false,4265324.0,false,26.797495336813803,1331.1666666666667,44.86511771832079
Oregon,2024-09-01,2024,September,1082.0,false,4265324.0,false,25.367357790404665,1320.5,69.12636649972677
Oregon,2024-10-01,2024,October,1031.0,false,4265324.0,false,24.17166902209539,1300.6666666666667,97.57266134745048
Oregon,2024-11-01,2024,November,1026.0,false,4265324.0,false,24.054444633045463,1272.8333333333333,122.10638679843774
Oregon,2024-12-01,2024,December,998.0,false,4265324.0,false,23.39798805436586,1245.3333333333333,137.82223948612102
Oregon,2025-01-01,2025,January,961.0,false,4273586.0,false,22.4869699591865,1217.0,151.3268587588409
Oregon,2025-02-01,2025,February,970.0,false,4273586.0,false,22.69756593174912,1183.9166666666667,160.79883442212866
Oregon,2025-03-01,2025,March,950.0,false,4273586.0,false,22.229574881609963,1151.25,161.14935195762854
Oregon,2025-04-01,2025,April,933.0,false,4273586.0,false,21.83178248899168,1117.5,156.9536700604817
Oregon,2025-05-01,2025,May,895.0,false,4273586.0,false,20.942599493727283,1082.3333333333333,145.78086502027818
Oregon,2025-06-01,2025,June,882.0,false,4273586.0,false,20.63840531113683,1043.6666666666667,125.9078547144215
Oregon,2025-07-01,2025,July,917.0,false,4273586.0,false,21.457389648880355,1007.4166666666666,100.01677889537368
Oregon,2025-08-01,2025,August,929.0,false,4273586.0,false,21.73818427896385,982.3333333333334,77.6452695197066
Oregon,2025-09-01,2025,September,897.0,false,4273586.0,false,20.989398598741197,964.5,59.94770448255108
Oregon,2025-10-01,2025,October,839.0,false,4273586.0,false,19.632224553337643,949.0833333333334,49.93533697481052
Oregon,2025-11-01,2025,November,777.0,false,4273586.0,false,18.181452297906255,933.0833333333334,52.01828058626617
Oregon,2025-12-01,2025,December,732.0,false,4273586.0,false,17.12847243509315,912.3333333333334,60.54800249438956
Oregon,2026-01-01,2026,January,5.0,true,4281864.0,true,0.11677157424897194,890.1666666666666,73.61550396650436
Oregon,2026-02-01,2026,February,5.0,true,4281864.0,true,0.11677157424897194,810.5,263.1890091653801
Oregon,2026-03-01,2026,March,5.0,true,4281864.0,true,0.11677157424897194,730.0833333333334,344.7978217431019
Oregon,2026-04-01,2026,April,5.0,true,4281864.0,true,0.11677157424897194,651.3333333333334,394.3584740570514
Rhode Island,2015-01-01,2015,January,90.0,false,1056886.0,false,8.515582569927124,,
Rhode Island,2015-02-01,2015,February,92.0,false,1056886.0,false,8.704817738147728,90.0,
Rhode Island,2015-03-01,2015,March,88.0,false,1056886.0,false,8.326347401706522,91.0,1.4142135623730951
Rhode Island,2015-04-01,2015,April,93.0,false,1056886.0,false,8.799435322258029,90.0,2.0
Rhode Island,2015-05-01,2015,May,103.0,false,1056886.0,false,9.745611163361044,90.75,2.217355782608345
Rhode Island,2015-06-01,2015,June,115.0,false,1056886.0,false,10.881022172684661,93.2,5.805170109479996
Rhode Island,2015-07-01,2015,July,128.0,false,1056886.0,false,12.111050766118579,96.83333333333333,10.303721010715819
Rhode Island,2015-08-01,2015,August,133.0,false,1056886.0,false,12.584138686670086,101.28571428571429,15.074418570482083
Rhode Island,2015-09-01,2015,September,139.0,false,1056886.0,false,13.151844191331893,105.25,17.902513789968154
Rhode Island,2015-10-01,2015,October,143.0,false,1056886.0,false,13.530314527773099,109.0,20.174241001832012
Rhode Island,2015-11-01,2015,November,145.0,false,1056886.0,false,13.719549695993702,112.4,21.848976584219628
Rhode Island,2015-12-01,2015,December,144.0,false,1056886.0,false,13.624932111883401,115.36363636363636,22.94023856577227
Rhode Island,2016-01-01,2016,January,137.0,false,1057816.0,false,12.951212687272644,117.75,23.38268590217984
Rhode Island,2016-02-01,2016,February,131.0,false,1057816.0,false,12.384006292209609,121.66666666666667,22.219292736200444
Rhode Island,2016-03-01,2016,March,136.0,false,1057816.0,false,12.856678288095472,124.91666666666667,20.25051439675875
Rhode Island,2016-04-01,2016,April,147.0,false,1057816.0,false,13.896556679044371,128.91666666666666,16.730257474154875
Rhode Island,2016-05-01,2016,May,152.0,false,1057816.0,false,14.369228674930234,133.41666666666666,13.04856894510473
Rhode Island,2016-06-01,2016,June,161.0,false,1057816.0,false,15.220038267524787,137.5,9.968131036640541
Rhode Island,2016-07-01,2016,July,165.0,false,1057816.0,false,15.598175864233477,141.33333333333334,9.354953314429281
Rhode Island,2016-08-01,2016,August,171.0,false,1057816.0,false,16.16538225929651,144.41666666666666,10.578351249203017
Rhode Island,2016-09-01,2016,September,173.0,false,1057816.0,false,16.354451057650856,147.58333333333334,12.383701409758737
Rhode Island,2016-10-01,2016,October,182.0,false,1057816.0,false,17.20526065024541,150.41666666666666,14.022438727938445
Rhode Island,2016-11-01,2016,November,196.0,false,1057816.0,false,18.528742238725826,153.66666666666666,16.455633648932476
Rhode Island,2016-12-01,2016,December,197.0,false,1057816.0,false,18.623276637903,157.91666666666666,20.178558977891413
Rhode Island,2017-01-01,2017,January,206.0,false,1056554.0,false,19.49734703574072,162.33333333333334,22.520024759123046
Rhode Island,2017-02-01,2017,February,214.0,false,1056554.0,false,20.254525561400555,168.08333333333334,24.2091580467668
Rhode Island,2017-03-01,2017,March,220.0,false,1056554.0,false,20.822409455645428,175.0,24.506028942802125
Rhode Island,2017-04-01,2017,April,212.0,false,1056554.0,false,20.065230929985592,182.0,24.34972465776751
Rhode Island,2017-05-01,2017,May,204.0,false,1056554.0,false,19.30805240432576,187.41666666666666,23.051161805992788
Rhode Island,2017-06-01,2017,June,199.0,false,1056554.0,false,18.834815825788365,191.75,20.538766007014857
Rhode Island,2017-07-01,2017,July,200.0,false,1056554.0,false,18.929463141495845,194.91666666666666,18.158185398593563
Rhode Island,2017-08-01,2017,August,202.0,false,1056554.0,false,19.1187577729108,197.83333333333334,15.537832616688931
Rhode Island,2017-09-01,2017,September,209.0,false,1056554.0,false,19.781288982863156,200.41666666666666,13.04856894510472
Rhode Island,2017-10-01,2017,October,207.0,false,1056554.0,false,19.591994351448196,203.41666666666666,9.940352411288348
Rhode Island,2017-11-01,2017,November,203.0,false,1056554.0,false,19.213405088618284,205.5,7.317475968218452
Rhode Island,2017-12-01,2017,December,208.0,false,1056554.0,false,19.68664166715568,206.08333333333334,6.748175960056083
Rhode Island,2018-01-01,2018,January,201.0,false,1059338.0,false,18.974114022153458,207.0,6.120011883529755
Rhode Island,2018-02-01,2018,February,195.0,false,1059338.0,false,18.40772255880559,206.58333333333334,6.359793211808838
Rhode Island,2018-03-01,2018,March,197.0,false,1059338.0,false,18.59651971325488,205.0,6.701424543266223
Rhode Island,2018-04-01,2018,April,203.0,false,1059338.0,false,19.162911176602748,203.08333333333334,5.124953806148059
Rhode Island,2018-05-01,2018,May,219.0,false,1059338.0,false,20.673288412197053,202.33333333333334,4.292346959909273
Rhode Island,2018-06-01,2018,June,224.0,false,1059338.0,false,21.145281298320274,203.58333333333334,6.459078647121191
Rhode Island,2018-07-01,2018,July,221.0,false,1059338.0,false,20.86208556664634,205.66666666666666,8.542230210530327
Rhode Island,2018-08-01,2018,August,222.0,false,1059338.0,false,20.956484143870984,207.41666666666666,9.385272150200723
Rhode Island,2018-09-01,2018,September,221.0,false,1059338.0,false,20.86208556664634,209.08333333333334,10.085618323617908
Rhode Island,2018-10-01,2018,October,226.0,false,1059338.0,false,21.33407845276956,210.08333333333334,10.655415467633288
Rhode Island,2018-11-01,2018,November,226.0,false,1059338.0,false,21.33407845276956,211.66666666666666,11.531248716843153
Rhode Island,2018-12-01,2018,December,226.0,false,1059338.0,false,21.33407845276956,213.58333333333334,11.866364483724832
Rhode Island,2019-01-01,2019,January,234.0,false,1058158.0,false,22.113899814583455,215.08333333333334,12.228568141359753
Rhode Island,2019-02-01,2019,February,232.0,false,1058158.0,false,21.92489212386052,217.83333333333334,12.481501463681314
Rhode Island,2019-03-01,2019,March,228.0,false,1058158.0,false,21.54687674241465,220.91666666666666,10.782631938221355
Rhode Island,2019-04-01,2019,April,229.0,false,1058158.0,false,21.641380587776116,223.5,7.845091111354573
Rhode Island,2019-05-01,2019,May,227.0,false,1058158.0,false,21.45237289705318,225.66666666666666,4.579268169663893
Rhode Island,2019-06-01,2019,June,221.0,false,1058158.0,false,20.885349824884376,226.33333333333334,4.075053448245875
Rhode Island,2019-07-01,2019,July,228.0,false,1058158.0,false,21.54687674241465,226.08333333333334,4.316107954950604
Rhode Island,2019-08-01,2019,August,233.0,false,1058158.0,false,22.01939596922199,226.66666666666666,4.030189107526379
Rhode Island,2019-09-01,2019,September,223.0,false,1058158.0,false,21.07435751560731,227.58333333333334,4.122186827695251
Rhode Island,2019-10-01,2019,October,221.0,false,1058158.0,false,20.885349824884376,227.75,3.864171085992204
Rhode Island,2019-11-01,2019,November,217.0,false,1058158.0,false,20.507334443438506,227.33333333333334,4.3134743080329825
Rhode Island,2019-12-01,2019,December,213.0,false,1058158.0,false,20.129319061992632,226.58333333333334,5.247654598759216
Rhode Island,2020-01-01,2020,January,217.0,false,1096487.0,false,19.79047631207666,225.5,6.55743852430201
Rhode Island,2020-02-01,2020,February,227.0,false,1096487.0,false,20.70247982876222,224.08333333333334,6.388317936719027
Rhode Island,2020-03-01,2020,March,230.0,false,1096487.0,false,20.97608088376789,223.66666666666666,5.974694109071168
Rhode Island,2020-04-01,2020,April,237.0,false,1096487.0,false,21.61448334544778,223.83333333333334,6.132378054724
Rhode Island,2020-05-01,2020,May,247.0,false,1096487.0,false,22.52648686213334,224.5,7.103136311133653
Rhode Island,2020-06-01,2020,June,252.0,false,1096487.0,false,22.982488620476122,226.16666666666666,9.637364156178169
Rhode Island,2020-07-01,2020,July,263.0,false,1096487.0,false,23.98569248883024,228.75,11.993369380241282
Rhode Island,2020-08-01,2020,August,270.0,false,1096487.0,false,24.624094950510127,231.66666666666666,15.529053903941321
Rhode Island,2020-09-01,2020,September,283.0,false,1096487.0,false,25.809699522201356,234.75,19.084143822937023
Rhode Island,2020-10-01,2020,October,278.0,false,1096487.0,false,25.353697763858577,239.75,23.152164634710235
Rhode Island,2020-11-01,2020,November,285.0,false,1096487.0,false,25.992100225538472,244.5,24.747819003996003
Rhode Island,2020-12-01,2020,December,291.0,false,1096487.0,false,26.539302335549802,250.16666666666666,25.6473756705804
Rhode Island,2021-01-01,2021,January,297.0,false,1097381.0,false,27.064437966394536,256.6666666666667,25.25266262588897
Rhode Island,2021-02-01,2021,February,305.0,false,1097381.0,false,27.793446396465768,263.3333333333333,24.3733585305884
Rhode Island,2021-03-01,2021,March,303.0,false,1097381.0,false,27.61119428894796,269.8333333333333,24.203055154006467
Rhode Island,2021-04-01,2021,April,306.0,false,1097381.0,false,27.88457245022467,275.9166666666667,22.386921235941372
Rhode Island,2021-05-01,2021,May,307.0,false,1097381.0,false,27.975698503983576,281.6666666666667,20.240972548199586
Rhode Island,2021-06-01,2021,June,306.0,false,1097381.0,false,27.88457245022467,286.6666666666667,18.207557538427597
Rhode Island,2021-07-01,2021,July,297.0,false,1097381.0,false,27.064437966394536,291.1666666666667,15.302010167017745
Rhode Island,2021-08-01,2021,August,304.0,false,1097381.0,false,27.702320342706866,294.0,12.50454462839956
Rhode Island,2021-09-01,2021,September,315.0,false,1097381.0,false,28.70470693405481,296.8333333333333,10.2143689640297
Rhode Island,2021-10-01,2021,October,332.0,false,1097381.0,false,30.253849847956182,299.5,10.449010392463903
Rhode Island,2021-11-01,2021,November,341.0,false,1097381.0,false,31.073984331786317,304.0,11.878169433498954
Rhode Island,2021-12-01,2021,December,346.0,false,1097381.0,false,31.529614600580835,308.6666666666667,14.455784204590795
Rhode Island,2022-01-01,2022,January,350.0,false,1098275.0,false,31.86815688238374,313.25,16.863758882181745
Rhode Island,2022-02-01,2022,February,349.0,false,1098275.0,false,31.777105005576928,317.6666666666667,19.02311193992162
Rhode Island,2022-03-01,2022,March,362.0,false,1098275.0,false,32.96077940406547,321.3333333333333,20.53968811542152
Rhode Island,2022-04-01,2022,April,363.0,false,1098275.0,false,33.05183128087228,326.25,22.700120143855074
Rhode Island,2022-05-01,2022,May,363.0,false,1098275.0,false,33.05183128087228,331.0,24.003787579917816
Rhode Island,2022-06-01,2022,June,366.0,false,1098275.0,false,33.32498691129271,335.6666666666667,24.35470211584436
Rhode Island,2022-07-01,2022,July,356.0,false,1098275.0,false,32.4144681432246,340.6666666666667,23.86451657828314
Rhode Island,2022-08-01,2022,August,341.0,false,1098275.0,false,31.048689991122444,345.5833333333333,19.778125351616165
Rhode Island,2022-09-01,2022,September,334.0,false,1098275.0,false,30.411326853474765,348.6666666666667,15.017161899478591
Rhode Island,2022-10-01,2022,October,332.0,false,1098275.0,false,30.229223099861148,350.25,11.802349534963556
Rhode Island,2022-11-01,2022,November,330.0,false,1098275.0,false,30.047119346247523,350.25,11.802349534963545
Rhode Island,2022-12-01,2022,December,330.0,false,1098275.0,false,30.047119346247523,349.3333333333333,12.956804694012629
Rhode Island,2023-01-01,2023,January,330.0,false,1101183.0,false,29.96777102443463,348.0,14.103513424288654
Rhode Island,2023-02-01,2023,February,325.0,false,1101183.0,false,29.51371388770077,346.3333333333333,14.998989864977478
Rhode Island,2023-03-01,2023,March,320.0,false,1101183.0,false,29.059656750966916,344.3333333333333,16.165807537309533
Rhode Island,2023-04-01,2023,April,317.0,false,1101183.0,false,28.7872224689266,340.8333333333333,16.535544817883768
Rhode Island,2023-05-01,2023,May,305.0,false,1101183.0,false,27.69748534076534,337.0,16.25926309411458
Rhode Island,2023-06-01,2023,June,310.0,false,1101183.0,false,28.151542477499195,332.1666666666667,16.447344816569977
Rhode Island,2023-07-01,2023,July,323.0,false,1101183.0,false,29.33209103300723,327.5,13.688083735995932
Rhode Island,2023-08-01,2023,August,326.0,false,1101183.0,false,29.604525315047546,324.75,10.349571796148679
Rhode Island,2023-09-01,2023,September,325.0,false,1101183.0,false,29.51371388770077,323.5,9.030252186149285
Rhode Island,2023-10-01,2023,October,315.0,false,1101183.0,false,28.605599614233057,322.75,8.432890154842303
Rhode Island,2023-11-01,2023,November,314.0,false,1101183.0,false,28.514788186886285,321.3333333333333,8.161253617310297
Rhode Island,2023-12-01,2023,December,315.0,false,1101183.0,false,28.605599614233057,320.0,7.920055096227081
Rhode Island,2024-01-01,2024,January,306.0,false,1110415.0,false,27.55726462628837,318.75,7.362373629105314
Rhode Island,2024-02-01,2024,February,300.0,false,1110415.0,false,27.016926104204288,316.75,7.287910287842213
Rhode Island,2024-03-01,2024,March,293.0,false,1110415.0,false,26.386531161772847,314.6666666666667,8.227816824466242
Rhode Island,2024-04-01,2024,April,285.0,false,1110415.0,false,25.66607979899407,312.4166666666667,10.112623374533023
Rhode Island,2024-05-01,2024,May,289.0,false,1110415.0,false,26.02630548038346,309.75,12.68589051591644
Rhode Island,2024-06-01,2024,June,280.0,false,1110415.0,false,25.21579769725733,308.4166666666667,14.002975874196679
Rhode Island,2024-07-01,2024,July,271.0,false,1110415.0,false,24.405289914131203,305.9166666666667,16.200215112675806
Rhode Island,2024-08-01,2024,August,263.0,false,1110415.0,false,23.68483855135242,301.5833333333333,18.062811284934313
Rhode Island,2024-09-01,2024,September,255.0,false,1110415.0,false,22.96438718857364,296.3333333333333,19.42506971244464
Rhode Island,2024-10-01,2024,October,243.0,false,1110415.0,false,21.88371014440547,290.5,20.513853412223217
Rhode Island,2024-11-01,2024,November,223.0,false,1110415.0,false,20.08258173745852,284.5,23.067095809635635
Rhode Island,2024-12-01,2024,December,202.0,false,1110415.0,false,18.19139691016422,276.9166666666667,27.093972269368944
Rhode Island,2025-01-01,2025,January,190.0,false,1114521.0,false,17.047682367582127,267.5,31.870476506121978
Rhode Island,2025-02-01,2025,February,188.0,false,1114521.0,false,16.868233079502314,257.8333333333333,36.40138192514957
Rhode Island,2025-03-01,2025,March,191.0,false,1114521.0,false,17.137407011622035,248.5,38.88093713797643
Rhode Island,2025-04-01,2025,April,186.0,false,1114521.0,false,16.688783791422505,240.0,39.41388772316866
Rhode Island,2025-05-01,2025,May,170.0,false,1114521.0,false,15.25318948678401,231.75,39.499424621816296
Rhode Island,2025-06-01,2025,June,162.0,false,1114521.0,false,14.535392334464762,221.83333333333334,38.75056206825986
Rhode Island,2025-07-01,2025,July,150.0,false,1114521.0,false,13.458696605985889,212.0,37.60319135392634
Rhode Island,2025-08-01,2025,August,150.0,false,1114521.0,false,13.458696605985889,201.91666666666666,36.552473696500115
Rhode Island,2025-09-01,2025,September,141.0,false,1114521.0,false,12.651174809626736,192.5,33.84053513438903
Rhode Island,2025-10-01,2025,October,139.0,false,1114521.0,false,12.471725521546924,183.0,30.540584027278726
Rhode Island,2025-11-01,2025,November,140.0,false,1114521.0,false,12.561450165586832,174.33333333333334,26.448348748365206
Rhode Island,2025-12-01,2025,December,136.0,false,1114521.0,false,12.202551589427207,167.41666666666666,23.22012580552143
Rhode Island,2026-01-01,2026,January,134.0,false,1118642.0,true,11.978810021436706,161.91666666666666,22.07202397661441
Rhode Island,2026-02-01,2026,February,125.0,false,1118642.0,true,11.17426307969842,157.25,21.507398304262225
Rhode Island,2026-03-01,2026,March,106.0,false,1118642.0,true,9.475775091584259,152.0,21.00216439062674
Rhode Island,2026-04-01,2026,April,103.0,false,1118642.0,true,9.207592777671499,144.91666666666666,20.98682848114428
South Carolina,2015-01-01,2015,January,110.0,false,4896006.0,false,2.2467292727990937,,
South Carolina,2015-02-01,2015,February,122.0,false,4896006.0,false,2.491827011649904,110.0,
South Carolina,2015-03-01,2015,March,136.0,false,4896006.0,false,2.777774373642516,116.0,8.48528137423857
South Carolina,2015-04-01,2015,April,141.0,false,4896006.0,false,2.87989843149702,122.66666666666667,13.012814197295421
South Carolina,2015-05-01,2015,May,150.0,false,4896006.0,false,3.063721735635128,127.25,14.032699906527846
South Carolina,2015-06-01,2015,June,158.0,false,4896006.0,false,3.227120228202335,131.8,15.849290204927156
South Carolina,2015-07-01,2015,July,162.0,false,4896006.0,false,3.3088194744859383,136.16666666666666,17.758566008173815
South Carolina,2015-08-01,2015,August,169.0,false,4896006.0,false,3.451793155482244,139.85714285714286,18.9246626691959
South Carolina,2015-09-01,2015,September,165.0,false,4896006.0,false,3.37009390919864,143.5,20.325915899237035
South Carolina,2015-10-01,2015,October,168.0,false,4896006.0,false,3.431368343911343,145.88888888888889,20.318984007846232
South Carolina,2015-11-01,2015,November,165.0,false,4896006.0,false,3.37009390919864,148.1,20.393081615532697
South Carolina,2015-12-01,2015,December,153.0,false,4896006.0,false,3.1249961703478304,149.63636363636363,20.006362624288936
South Carolina,2016-01-01,2016,January,149.0,false,4963031.0,false,3.002197648977006,149.91666666666666,19.1000158654543
South Carolina,2016-02-01,2016,February,146.0,false,4963031.0,false,2.9417507164472676,153.16666666666666,14.440053722723858
South Carolina,2016-03-01,2016,March,142.0,false,4963031.0,false,2.8611548064076167,155.16666666666666,10.977939310961386
South Carolina,2016-04-01,2016,April,151.0,false,4963031.0,false,3.042495603996832,155.66666666666666,10.129464971362536
South Carolina,2016-05-01,2016,May,160.0,false,4963031.0,false,3.223836401586047,156.5,9.180017825294636
South Carolina,2016-06-01,2016,June,170.0,false,4963031.0,false,3.425326176685175,157.33333333333334,8.988207762834529
South Carolina,2016-07-01,2016,July,183.0,false,4963031.0,false,3.687262884314041,158.33333333333334,9.707853740267426
South Carolina,2016-08-01,2016,August,184.0,false,4963031.0,false,3.7074118618239535,160.08333333333334,12.041280008471865
South Carolina,2016-09-01,2016,September,198.0,false,4963031.0,false,3.989497546962733,161.33333333333334,13.713519098342552
South Carolina,2016-10-01,2016,October,211.0,false,4963031.0,false,4.2514342545916,164.08333333333334,17.343892471432298
South Carolina,2016-11-01,2016,November,212.0,false,4963031.0,false,4.271583232101512,167.66666666666666,22.034408354098183
South Carolina,2016-12-01,2016,December,234.0,false,4963031.0,false,4.714860737319594,171.58333333333334,25.43247148942875
South Carolina,2017-01-01,2017,January,256.0,false,5027102.0,false,5.092397170377685,178.33333333333334,30.329503587740895
South Carolina,2017-02-01,2017,February,265.0,false,5027102.0,false,5.271426758398776,187.25,36.10118356156005
South Carolina,2017-03-01,2017,March,267.0,false,5027102.0,false,5.3112111112923515,197.16666666666666,39.88582189047617
South Carolina,2017-04-01,2017,April,273.0,false,5027102.0,false,5.430564169973078,207.58333333333334,40.486716863981975
South Carolina,2017-05-01,2017,May,292.0,false,5027102.0,false,5.808515522462047,217.75,40.30367680046527
South Carolina,2017-06-01,2017,June,313.0,false,5027102.0,false,6.226251227844591,228.75,41.114308502471054
South Carolina,2017-07-01,2017,July,313.0,false,5027102.0,false,6.226251227844591,240.66666666666666,43.20844474138935
South Carolina,2017-08-01,2017,August,350.0,false,5027102.0,false,6.9622617563757405,251.5,43.729540670726536
South Carolina,2017-09-01,2017,September,368.0,false,5027102.0,false,7.320320932417921,265.3333333333333,46.59756789075299
South Carolina,2017-10-01,2017,October,384.0,false,5027102.0,false,7.638595755566527,279.5,49.98454306537719
South Carolina,2017-11-01,2017,November,397.0,false,5027102.0,false,7.897194049374769,293.9166666666667,53.27195805629369
South Carolina,2017-12-01,2017,December,397.0,false,5027102.0,false,7.897194049374769,309.3333333333333,54.172004399007236
South Carolina,2018-01-01,2018,January,396.0,false,5091702.0,false,7.777360104735116,322.9166666666667,54.00077159942562
South Carolina,2018-02-01,2018,February,417.0,false,5091702.0,false,8.189795867865008,334.5833333333333,53.34869570414379
South Carolina,2018-03-01,2018,March,435.0,false,5091702.0,false,8.543312236262059,347.25,53.37027603110521
South Carolina,2018-04-01,2018,April,454.0,false,5091702.0,false,8.91646840290339,361.25,52.43199058173966
South Carolina,2018-05-01,2018,May,456.0,false,5091702.0,false,8.955747999391951,376.3333333333333,50.744159239952886
South Carolina,2018-06-01,2018,June,453.0,false,5091702.0,false,8.89682860465911,390.0,47.97537247001177
South Carolina,2018-07-01,2018,July,475.0,false,5091702.0,false,9.328904166033285,401.6666666666667,44.44063114954263
South Carolina,2018-08-01,2018,August,461.0,false,5091702.0,false,9.053946990613355,415.1666666666667,39.37427248005142
South Carolina,2018-09-01,2018,September,460.0,false,5091702.0,false,9.034307192369074,424.4166666666667,35.523253161155104
South Carolina,2018-10-01,2018,October,463.0,false,5091702.0,false,9.093226587101915,432.0833333333333,31.992778541225213
South Carolina,2018-11-01,2018,November,474.0,false,5091702.0,false,9.309264367789002,438.6666666666667,29.20564495041494
South Carolina,2018-12-01,2018,December,497.0,false,5091702.0,false,9.760979727407456,445.0833333333333,27.635478953144577
South Carolina,2019-01-01,2019,January,509.0,false,5157702.0,false,9.868736115425047,453.4166666666667,26.88513727062977
South Carolina,2019-02-01,2019,February,508.0,false,5157702.0,false,9.849347635826964,462.8333333333333,24.642289346617623
South Carolina,2019-03-01,2019,March,512.0,false,5157702.0,false,9.926901554219302,470.4166666666667,23.216210376425003
South Carolina,2019-04-01,2019,April,506.0,false,5157702.0,false,9.810570676630794,476.8333333333333,23.178490551423383
South Carolina,2019-05-01,2019,May,511.0,false,5157702.0,false,9.907513074621216,481.1666666666667,23.38155190950698
South Carolina,2019-06-01,2019,June,513.0,false,5157702.0,false,9.946290033817386,485.75,23.390460370921232
South Carolina,2019-07-01,2019,July,515.0,false,5157702.0,false,9.985066993013556,490.75,22.13234983211021
South Carolina,2019-08-01,2019,August,534.0,false,5157702.0,false,10.353448105377161,494.0833333333333,22.552800000859936
South Carolina,2019-09-01,2019,September,548.0,false,5157702.0,false,10.624886819750346,500.1666666666667,22.662878471325325
South Carolina,2019-10-01,2019,October,554.0,false,5157702.0,false,10.741217697338854,507.5,22.721635664553894
South Carolina,2019-11-01,2019,November,571.0,false,5157702.0,false,11.070821850506292,515.0833333333334,21.68140524351072
South Carolina,2019-12-01,2019,December,575.0,false,5157702.0,false,11.14837576889863,523.1666666666666,23.013171459102765
South Carolina,2020-01-01,2020,January,591.0,false,5131992.0,false,11.515996127819374,529.6666666666666,25.797580342255973
South Carolina,2020-02-01,2020,February,606.0,false,5131992.0,false,11.808280293500067,536.5,30.294013810112236
South Carolina,2020-03-01,2020,March,659.0,false,5131992.0,false,12.84101767890519,544.6666666666666,34.788538690816345
South Carolina,2020-04-01,2020,April,722.0,false,5131992.0,false,14.068611174764106,556.9166666666666,46.23744710893454
South Carolina,2020-05-01,2020,May,791.0,false,5131992.0,false,15.413118336895304,574.9166666666666,63.45285770960316
South Carolina,2020-06-01,2020,June,867.0,false,5131992.0,false,16.894024776344157,598.25,85.47314836198026
South Carolina,2020-07-01,2020,July,923.0,false,5131992.0,false,17.985218994885415,627.75,110.73237598330982
South Carolina,2020-08-01,2020,August,971.0,false,5131992.0,false,18.92052832506364,661.75,133.30288478089696
South Carolina,2020-09-01,2020,September,1015.0,false,5131992.0,false,19.777895211060347,698.1666666666666,153.4060762891231
South Carolina,2020-10-01,2020,October,1047.0,false,5131992.0,false,20.401434764512494,737.0833333333334,170.16754221719967
South Carolina,2020-11-01,2020,November,1092.0,false,5131992.0,false,21.278287261554578,778.1666666666666,181.1081210635004
South Carolina,2020-12-01,2020,December,1133.0,false,5131992.0,false,22.07719731441514,821.5833333333334,189.1980483914977
South Carolina,2021-01-01,2021,January,1184.0,false,5194346.0,false,22.794014876945045,868.0833333333334,191.6400310873266
South Carolina,2021-02-01,2021,February,1211.0,false,5194346.0,false,23.313810824307815,917.5,190.14563796301937
South Carolina,2021-03-01,2021,March,1253.0,false,5194346.0,false,24.12238229798323,967.9166666666666,179.97901813738446
South Carolina,2021-04-01,2021,April,1312.0,false,5194346.0,false,25.25823270147965,1017.4166666666666,168.61923665376077
South Carolina,2021-05-01,2021,May,1330.0,false,5194346.0,false,25.604763333054823,1066.5833333333333,160.47002457742315
South Carolina,2021-06-01,2021,June,1343.0,false,5194346.0,false,25.855035455859124,1111.5,151.50427536721685
South Carolina,2021-07-01,2021,July,1355.0,false,5194346.0,false,26.08605587690924,1151.1666666666667,143.7863524522239
South Carolina,2021-08-01,2021,August,1378.0,false,5194346.0,false,26.5288450172553,1187.1666666666667,135.29619582996642
South Carolina,2021-09-01,2021,September,1426.0,false,5194346.0,false,27.452926701455773,1221.0833333333333,126.93624622644474
South Carolina,2021-10-01,2021,October,1475.0,false,5194346.0,false,28.39626008741043,1255.3333333333333,121.61215050937595
South Carolina,2021-11-01,2021,November,1489.0,false,5194346.0,false,28.665783911968898,1291.0,117.65512004467666
South Carolina,2021-12-01,2021,December,1528.0,false,5194346.0,false,29.416600280381783,1324.0833333333333,112.30596060707907
South Carolina,2022-01-01,2022,January,1557.0,false,5288957.0,false,29.438696514265477,1357.0,109.04794608544694
South Carolina,2022-02-01,2022,February,1611.0,false,5288957.0,false,30.459691769095492,1388.0833333333333,108.41121908844329
South Carolina,2022-03-01,2022,March,1611.0,false,5288957.0,false,30.459691769095492,1421.4166666666667,110.48772727677901
South Carolina,2022-04-01,2022,April,1582.0,false,5288957.0,false,29.911379502612707,1451.25,109.2038335990421
South Carolina,2022-05-01,2022,May,1568.0,false,5288957.0,false,29.64667702913826,1473.75,105.66252023219103
South Carolina,2022-06-01,2022,June,1581.0,false,5288957.0,false,29.892472183078816,1493.5833333333333,98.3079191606504
South Carolina,2022-07-01,2022,July,1622.0,false,5288957.0,false,30.66767228396828,1513.4166666666667,88.70529176931213
South Carolina,2022-08-01,2022,August,1636.0,false,5288957.0,false,30.932374757442723,1535.6666666666667,78.22384353232522
South Carolina,2022-09-01,2022,September,1622.0,false,5288957.0,false,30.66767228396828,1557.1666666666667,65.34500514170682
South Carolina,2022-10-01,2022,October,1615.0,false,5288957.0,false,30.53532104723105,1573.5,52.886671288709366
South Carolina,2022-11-01,2022,November,1639.0,false,5288957.0,false,30.98909671604439,1585.1666666666667,43.85271492234665
South Carolina,2022-12-01,2022,December,1667.0,false,5288957.0,false,31.518501662993287,1597.6666666666667,34.28313482360298
South Carolina,2023-01-01,2023,January,1660.0,false,5390798.0,false,30.79321465949939,1609.25,32.011716605018236
South Carolina,2023-02-01,2023,February,1654.0,false,5390798.0,false,30.681913883621682,1617.8333333333333,30.50136608962522
South Carolina,2023-03-01,2023,March,1673.0,false,5390798.0,false,31.03436634056776,1621.4166666666667,32.10907074710238
South Carolina,2023-04-01,2023,April,1683.0,false,5390798.0,false,31.219867633697273,1626.5833333333333,35.12693432611963
South Carolina,2023-05-01,2023,May,1705.0,false,5390798.0,false,31.62797047858221,1635.0,35.57067229154842
South Carolina,2023-06-01,2023,June,1718.0,false,5390798.0,false,31.869122159650576,1646.4166666666667,34.06533384097339
South Carolina,2023-07-01,2023,July,1682.0,false,5390798.0,false,31.201317504384324,1657.8333333333333,33.09169995724924
South Carolina,2023-08-01,2023,August,1653.0,false,5390798.0,false,30.663363754308733,1662.8333333333333,31.68834983320389
South Carolina,2023-09-01,2023,September,1642.0,false,5390798.0,false,30.459312331866265,1664.25,30.7456574908629
South Carolina,2023-10-01,2023,October,1649.0,false,5390798.0,false,30.589163237056923,1665.9166666666667,28.72268135537531
South Carolina,2023-11-01,2023,November,1605.0,false,5390798.0,false,29.772957547287064,1668.75,24.62860495071096
South Carolina,2023-12-01,2023,December,1552.0,false,5390798.0,false,28.789800693700634,1665.9166666666667,29.779365440865355
South Carolina,2024-01-01,2024,January,1536.0,false,5490316.0,false,27.97653176975606,1656.3333333333333,44.34233219218877
South Carolina,2024-02-01,2024,February,1496.0,false,5490316.0,false,27.24797625491866,1646.0,56.257524749219826
South Carolina,2024-03-01,2024,March,1425.0,false,5490316.0,false,25.954790216082284,1632.8333333333333,70.81965999935501
South Carolina,2024-04-01,2024,April,1383.0,false,5490316.0,false,25.18980692550301,1612.1666666666667,91.26667552072915
South Carolina,2024-05-01,2024,May,1330.0,false,5490316.0,false,24.22447086834346,1587.1666666666667,109.3890748519691
South Carolina,2024-06-01,2024,June,1243.0,false,5490316.0,false,22.639862623572125,1555.9166666666667,125.10247314853032
South Carolina,2024-07-01,2024,July,1193.0,false,5490316.0,false,21.729168230025376,1516.3333333333333,143.0196002672573
South Carolina,2024-08-01,2024,August,1146.0,false,5490316.0,false,20.873115500091433,1475.5833333333333,160.16267771654333
South Carolina,2024-09-01,2024,September,1081.0,false,5490316.0,false,19.689212788480663,1433.3333333333333,175.26620445551507
South Carolina,2024-10-01,2024,October,1004.0,false,5490316.0,false,18.286743422418674,1386.5833333333333,188.84118307255554
South Carolina,2024-11-01,2024,November,974.0,false,5490316.0,false,17.740326786290623,1332.8333333333333,198.8854550801145
South Carolina,2024-12-01,2024,December,930.0,false,5490316.0,false,16.938915719969486,1280.25,203.74142480560545
South Carolina,2025-01-01,2025,January,878.0,false,5570274.0,false,15.762240780256052,1228.4166666666667,207.40888835750755
South Carolina,2025-02-01,2025,February,849.0,false,5570274.0,false,15.241620071113198,1173.5833333333333,205.67116664199386
South Carolina,2025-03-01,2025,March,842.0,false,5570274.0,false,15.11595300338906,1119.6666666666667,198.13325788162842
South Carolina,2025-04-01,2025,April,822.0,false,5570274.0,false,14.756904238462957,1071.0833333333333,187.6580344104347
South Carolina,2025-05-01,2025,May,809.0,false,5570274.0,false,14.523522541260988,1024.3333333333333,172.12433842658
South Carolina,2025-06-01,2025,June,799.0,false,5570274.0,false,14.343998158797934,980.9166666666666,152.6168454501387
South Carolina,2025-07-01,2025,July,789.0,false,5570274.0,false,14.16447377633488,943.9166666666666,136.24473856952704
South Carolina,2025-08-01,2025,August,763.0,false,5570274.0,false,13.697710381930943,910.25,117.76102534756178
South Carolina,2025-09-01,2025,September,747.0,false,5570274.0,false,13.410471369990058,878.3333333333334,98.3614238254494
South Carolina,2025-10-01,2025,October,740.0,false,5570274.0,false,13.284804302265922,850.5,81.63276971234708
South Carolina,2025-11-01,2025,November,721.0,false,5570274.0,false,12.943707975586118,828.5,71.44164815364417
South Carolina,2025-12-01,2025,December,708.0,false,5570274.0,false,12.71032627838415,807.4166666666666,61.19634322606558
South Carolina,2026-01-01,2026,January,691.0,false,5651396.0,true,12.227067436081281,788.9166666666666,53.889547533202844
South Carolina,2026-02-01,2026,February,665.0,false,5651396.0,true,11.767004117212808,773.3333333333334,52.81413952090231
South Carolina,2026-03-01,2026,March,635.0,false,5651396.0,true,11.236161826210727,758.0,55.49119504275187
South Carolina,2026-04-01,2026,April,601.0,false,5651396.0,true,10.634540563075035,740.75,59.064102311117715
Tennessee,2015-01-01,2015,January,5.0,true,6595354.0,false,0.07581094206618781,,
Tennessee,2015-02-01,2015,February,5.0,true,6595354.0,false,0.07581094206618781,5.0,
Tennessee,2015-03-01,2015,March,5.0,true,6595354.0,false,0.07581094206618781,5.0,0.0
Tennessee,2015-04-01,2015,April,175.0,false,6595354.0,false,2.653382972316573,5.0,0.0
Tennessee,2015-05-01,2015,May,176.0,false,6595354.0,false,2.6685451607298107,47.5,85.0
Tennessee,2015-06-01,2015,June,183.0,false,6595354.0,false,2.7746804796224738,73.2,93.3873653124447
Tennessee,2015-07-01,2015,July,196.0,false,6595354.0,false,2.9717889289945623,91.5,94.79609696606711
Tennessee,2015-08-01,2015,August,205.0,false,6595354.0,false,3.1082486247137,106.42857142857143,95.12422955072513
Tennessee,2015-09-01,2015,September,211.0,false,6595354.0,false,3.199221755193125,118.75,94.71272353807592
Tennessee,2015-10-01,2015,October,219.0,false,6595354.0,false,3.3205192624990256,129.0,93.7803284276612
Tennessee,2015-11-01,2015,November,222.0,false,6595354.0,false,3.3660058277387384,138.0,92.8846357346335
Tennessee,2015-12-01,2015,December,248.0,false,6595354.0,false,3.7602227264829153,145.63636363636363,91.6856288927253
Tennessee,2016-01-01,2016,January,273.0,false,6651277.0,false,4.104474975256632,154.16666666666666,92.27807119918808
Tennessee,2016-02-01,2016,February,278.0,false,6651277.0,false,4.179648509601991,176.5,85.04170100069088
Tennessee,2016-03-01,2016,March,280.0,false,6651277.0,false,4.2097179233401345,199.25,70.21541529788558
Tennessee,2016-04-01,2016,April,286.0,false,6651277.0,false,4.2999261645545666,222.16666666666666,38.98445688717336
Tennessee,2016-05-01,2016,May,301.0,false,6651277.0,false,4.525446767590645,231.41666666666666,39.93280340620716
Tennessee,2016-06-01,2016,June,311.0,false,6651277.0,false,4.675793836281364,241.83333333333334,40.46285239874253
Tennessee,2016-07-01,2016,July,323.0,false,6651277.0,false,4.856210318710227,252.5,40.41489374430716
Tennessee,2016-08-01,2016,August,340.0,false,6651277.0,false,5.11180033548445,263.0833333333333,40.900007409053195
Tennessee,2016-09-01,2016,September,345.0,false,6651277.0,false,5.186973869829809,274.3333333333333,42.022360570044
Tennessee,2016-10-01,2016,October,358.0,false,6651277.0,false,5.382425059127744,285.5,41.463017475598875
Tennessee,2016-11-01,2016,November,386.0,false,6651277.0,false,5.803396851461757,297.0833333333333,40.60331006061929
Tennessee,2016-12-01,2016,December,394.0,false,6651277.0,false,5.923674506414332,310.75,40.63389762702609
Tennessee,2017-01-01,2017,January,402.0,false,6714748.0,false,5.986821843500308,322.9166666666667,41.97284475669593
Tennessee,2017-02-01,2017,February,417.0,false,6714748.0,false,6.210210718257782,333.6666666666667,44.47130501454809
Tennessee,2017-03-01,2017,March,440.0,false,6714748.0,false,6.552740326219242,345.25,46.700447729993115
Tennessee,2017-04-01,2017,April,461.0,false,6714748.0,false,6.8654847508797054,358.5833333333333,49.15367059877967
Tennessee,2017-05-01,2017,May,480.0,false,6714748.0,false,7.148443992239172,373.1666666666667,51.56255394854845
Tennessee,2017-06-01,2017,June,504.0,false,6714748.0,false,7.505866191851131,388.0833333333333,54.590139524765206
Tennessee,2017-07-01,2017,July,510.0,false,6714748.0,false,7.595221741754122,404.1666666666667,58.13125170028967
Tennessee,2017-08-01,2017,August,514.0,false,6714748.0,false,7.654792108356115,419.75,59.44458840726454
Tennessee,2017-09-01,2017,September,535.0,false,6714748.0,false,7.9675365330165775,434.25,59.444588407264554
Tennessee,2017-10-01,2017,October,553.0,false,6714748.0,false,8.235603182725546,450.0833333333333,58.81165365861263
Tennessee,2017-11-01,2017,November,569.0,false,6714748.0,false,8.47388464913352,466.3333333333333,57.98954973775774
Tennessee,2017-12-01,2017,December,600.0,false,6714748.0,false,8.935554990298966,481.5833333333333,58.99685405069311
Tennessee,2018-01-01,2018,January,609.0,false,6778180.0,false,8.984712710491607,498.75,61.12747485229682
Tennessee,2018-02-01,2018,February,643.0,false,6778180.0,false,9.486322287103619,516.0,60.54750201288241
Tennessee,2018-03-01,2018,March,662.0,false,6778180.0,false,9.766633521092682,534.8333333333334,62.083277404896506
Tennessee,2018-04-01,2018,April,668.0,false,6778180.0,false,9.855152858141862,553.3333333333334,64.29241908277484
Tennessee,2018-05-01,2018,May,678.0,false,6778180.0,false,10.00268508655716,570.5833333333334,65.03210163007375
Tennessee,2018-06-01,2018,June,694.0,false,6778180.0,false,10.238736652021634,587.0833333333334,65.07821634329143
Tennessee,2018-07-01,2018,July,730.0,false,6778180.0,false,10.769852674316704,602.9166666666666,66.13135459527547
Tennessee,2018-08-01,2018,August,762.0,false,6778180.0,false,11.241955805245656,621.25,68.48374060514455
Tennessee,2018-09-01,2018,September,794.0,false,6778180.0,false,11.714058936174608,641.9166666666666,70.56455243680115
Tennessee,2018-10-01,2018,October,815.0,false,6778180.0,false,12.023876615846731,663.5,74.39513669344502
Tennessee,2018-11-01,2018,November,834.0,false,6778180.0,false,12.304187849835797,685.3333333333334,77.40252912632452
Tennessee,2018-12-01,2018,December,824.0,false,6778180.0,false,12.1566556214205,707.4166666666666,78.98153792712152
Tennessee,2019-01-01,2019,January,863.0,false,6830325.0,false,12.634830699856888,726.0833333333334,77.74721080449632
Tennessee,2019-02-01,2019,February,871.0,false,6830325.0,false,12.751955434038644,747.25,77.54895814316858
Tennessee,2019-03-01,2019,March,887.0,false,6830325.0,false,12.986204902402156,766.25,77.61574933900043
Tennessee,2019-04-01,2019,April,926.0,false,6830325.0,false,13.557187981538213,785.0,77.31870290028033
Tennessee,2019-05-01,2019,May,960.0,false,6830325.0,false,14.054968101810674,806.5,77.69696378764219
Tennessee,2019-06-01,2019,June,1003.0,false,6830325.0,false,14.684513548037613,830.0,77.94403586723445
Tennessee,2019-07-01,2019,July,1030.0,false,6830325.0,false,15.079809525901037,855.75,79.94557808000049
Tennessee,2019-08-01,2019,August,1040.0,false,6830325.0,false,15.226215443628233,880.75,83.85824077247592
Tennessee,2019-09-01,2019,September,1069.0,false,6830325.0,false,15.650792605037095,903.9166666666666,86.43069565562428
Tennessee,2019-10-01,2019,October,1089.0,false,6830325.0,false,15.943604440491486,926.8333333333334,90.97535463802905
Tennessee,2019-11-01,2019,November,1126.0,false,6830325.0,false,16.485306336082104,949.6666666666666,94.66527954596208
Tennessee,2019-12-01,2019,December,1168.0,false,6830325.0,false,17.10021119053632,974.0,99.62931295557546
Tennessee,2020-01-01,2020,January,1204.0,false,6927736.0,false,17.379415150923766,1002.6666666666666,102.00742694291998
Tennessee,2020-02-01,2020,February,1235.0,false,6927736.0,false,17.826891786869478,1031.0833333333333,106.94047480498277
Tennessee,2020-03-01,2020,March,1309.0,false,6927736.0,false,18.895061821062466,1061.4166666666667,109.00913917760488
Tennessee,2020-04-01,2020,April,1394.0,false,6927736.0,false,20.12201388736522,1096.5833333333333,115.50242684056732
Tennessee,2020-05-01,2020,May,1561.0,false,6927736.0,false,22.53261382939535,1135.5833333333333,130.68174967060122
Tennessee,2020-06-01,2020,June,1670.0,false,6927736.0,false,24.105999420301234,1185.6666666666667,167.30610668273093
Tennessee,2020-07-01,2020,July,1755.0,false,6927736.0,false,25.332951486603992,1241.25,207.15436712312348
Tennessee,2020-08-01,2020,August,1849.0,false,6927736.0,false,26.689816124632923,1301.6666666666667,242.62816044809026
Tennessee,2020-09-01,2020,September,1920.0,false,6927736.0,false,27.714681968250524,1369.0833333333333,273.7146683993565
Tennessee,2020-10-01,2020,October,2013.0,false,6927736.0,false,29.057111876087657,1440.0,298.05826154080563
Tennessee,2020-11-01,2020,November,2068.0,false,6927736.0,false,29.8510220366365,1517.0,317.83443374299014
Tennessee,2020-12-01,2020,December,2129.0,false,6927736.0,false,30.731540578336123,1595.5,328.6306299009435
Tennessee,2021-01-01,2021,January,2235.0,false,6966687.0,false,32.08124607865977,1675.5833333333333,332.0576232395744
Tennessee,2021-02-01,2021,February,2324.0,false,6966687.0,false,33.358754311769715,1761.5,332.32801430350264
Tennessee,2021-03-01,2021,March,2416.0,false,6966687.0,false,34.679324620153025,1852.25,324.07045389993385
Tennessee,2021-04-01,2021,April,2498.0,false,6966687.0,false,35.8563546776251,1944.5,312.7315142418493
Tennessee,2021-05-01,2021,May,2477.0,false,6966687.0,false,35.554920150711524,2036.5,298.1084305477393
Tennessee,2021-06-01,2021,June,2496.0,false,6966687.0,false,35.82764662744285,2112.8333333333335,282.13047701481315
Tennessee,2021-07-01,2021,July,2528.0,false,6966687.0,false,36.28697543035879,2181.6666666666665,264.47764412597195
Tennessee,2021-08-01,2021,August,2595.0,false,6966687.0,false,37.24869511146403,2246.0833333333335,244.49222271822262
Tennessee,2021-09-01,2021,September,2675.0,false,6966687.0,false,38.39701711875386,2308.25,228.67846621203938
Tennessee,2021-10-01,2021,October,2739.0,false,6966687.0,false,39.31567472458573,2371.1666666666665,215.63809468363388
Tennessee,2021-11-01,2021,November,2803.0,false,6966687.0,false,40.2343323304176,2431.6666666666665,207.71323472226757
Tennessee,2021-12-01,2021,December,2850.0,false,6966687.0,false,40.90897150970038,2492.9166666666665,198.90813701228265
Tennessee,2022-01-01,2022,January,2809.0,false,7063325.0,false,39.76880576782181,2553.0,187.5589604267512
Tennessee,2022-02-01,2022,February,2848.0,false,7063325.0,false,40.32095365851069,2600.8333333333335,171.6014586361684
Tennessee,2022-03-01,2022,March,2877.0,false,7063325.0,false,40.73152516697165,2644.5,161.10160543187436
Tennessee,2022-04-01,2022,April,2840.0,false,7063325.0,false,40.20769255272835,2682.9166666666665,156.5610298273679
Tennessee,2022-05-01,2022,May,2816.0,false,7063325.0,false,39.867909235381354,2711.4166666666665,150.86385092245098
Tennessee,2022-06-01,2022,June,2790.0,false,7063325.0,false,39.499810641588766,2739.6666666666665,133.74625454965334
Tennessee,2022-07-01,2022,July,2814.0,false,7063325.0,false,39.83959395893577,2764.1666666666665,109.84520789260533
Tennessee,2022-08-01,2022,August,2777.0,false,7063325.0,false,39.315761344692476,2788.0,81.25045454418303
Tennessee,2022-09-01,2022,September,2785.0,false,7063325.0,false,39.42902245047481,2803.1666666666665,54.54744945846921
Tennessee,2022-10-01,2022,October,2807.0,false,7063325.0,false,39.74049049137623,2812.3333333333335,37.688516054950256
Tennessee,2022-11-01,2022,November,2811.0,false,7063325.0,false,39.7971210442674,2818.0,29.984844656774687
Tennessee,2022-12-01,2022,December,2863.0,false,7063325.0,false,40.53331823185256,2818.6666666666665,29.70868661866528
Tennessee,2023-01-01,2023,January,2909.0,false,7153029.0,false,40.66808620515868,2819.75,31.156861202630814
Tennessee,2023-02-01,2023,February,2900.0,false,7153029.0,false,40.54226538156073,2828.0833333333335,40.10771481746109
Tennessee,2023-03-01,2023,March,2896.0,false,7153029.0,false,40.4863450155172,2832.4166666666665,44.96960252787596
Tennessee,2023-04-01,2023,April,2931.0,false,7153029.0,false,40.975648218398106,2834.0,46.97194520523553
Tennessee,2023-05-01,2023,May,2969.0,false,7153029.0,false,41.50689169581166,2841.5833333333335,54.73316816126834
Tennessee,2023-06-01,2023,June,2989.0,false,7153029.0,false,41.786493526029325,2854.3333333333335,65.07524781964275
Tennessee,2023-07-01,2023,July,2932.0,false,7153029.0,false,40.98962830990899,2870.9166666666665,72.16075278448963
Tennessee,2023-08-01,2023,August,2982.0,false,7153029.0,false,41.688632885453146,2880.75,71.73831865632478
Tennessee,2023-09-01,2023,September,2977.0,false,7153029.0,false,41.61873242789873,2897.8333333333335,69.14784336784658
Tennessee,2023-10-01,2023,October,2932.0,false,7153029.0,false,40.98962830990899,2913.8333333333335,62.56608627295743
Tennessee,2023-11-01,2023,November,2896.0,false,7153029.0,false,40.4863450155172,2924.25,52.80689521093029
Tennessee,2023-12-01,2023,December,2840.0,false,7153029.0,false,39.70345989090775,2931.3333333333335,40.5021510839145
Tennessee,2024-01-01,2024,January,2795.0,false,7251291.0,false,38.544860494496774,2929.4166666666665,44.3876689128315
Tennessee,2024-02-01,2024,February,2747.0,false,7251291.0,false,37.88290940192581,2919.9166666666665,58.961402372204304
Tennessee,2024-03-01,2024,March,2625.0,false,7251291.0,false,36.20045037497461,2907.1666666666665,77.33849251338175
Tennessee,2024-04-01,2024,April,2521.0,false,7251291.0,false,34.766223007737516,2884.5833333333335,112.47905528936421
Tennessee,2024-05-01,2024,May,2427.0,false,7251291.0,false,33.46990211811938,2850.4166666666665,152.3145419747232
Tennessee,2024-06-01,2024,June,2330.0,false,7251291.0,false,32.13220928521556,2805.25,189.72138663169878
Tennessee,2024-07-01,2024,July,2286.0,false,7251291.0,false,31.525420783692173,2750.3333333333335,223.98146568342872
Tennessee,2024-08-01,2024,August,2155.0,false,7251291.0,false,29.718845926883915,2696.5,252.20320090247597
Tennessee,2024-09-01,2024,September,2017.0,false,7251291.0,false,27.815736535742396,2627.5833333333335,278.6964651676976
Tennessee,2024-10-01,2024,October,1903.0,false,7251291.0,false,26.243602690886355,2547.5833333333335,305.7492907397805
Tennessee,2024-11-01,2024,November,1794.0,false,7251291.0,false,24.74042208483979,2461.8333333333335,331.3585899769537
Tennessee,2024-12-01,2024,December,1696.0,false,7251291.0,false,23.388938604174072,2370.0,352.1471799739938
Tennessee,2025-01-01,2025,January,1644.0,false,7315076.0,false,22.474134240027034,2274.6666666666665,367.84367562453707
Tennessee,2025-02-01,2025,February,1571.0,false,7315076.0,false,21.476195189222917,2178.75,369.8884659903949
Tennessee,2025-03-01,2025,March,1561.0,false,7315076.0,false,21.339491209660707,2080.75,361.33543343345883
Tennessee,2025-04-01,2025,April,1519.0,false,7315076.0,false,20.76533449549943,1992.0833333333333,345.85689587493033
Tennessee,2025-05-01,2025,May,1491.0,false,7315076.0,false,20.38256335272525,1908.5833333333333,326.993872150905
Tennessee,2025-06-01,2025,June,1485.0,false,7315076.0,false,20.300540964987924,1830.5833333333333,302.8331248644234
Tennessee,2025-07-01,2025,July,1454.0,false,7315076.0,false,19.876758628345076,1760.1666666666667,272.9128510027042
Tennessee,2025-08-01,2025,August,1414.0,false,7315076.0,false,19.329942710096244,1690.8333333333333,229.39597893493064
Tennessee,2025-09-01,2025,September,1360.0,false,7315076.0,false,18.59174122046032,1629.0833333333333,189.32341656701118
Tennessee,2025-10-01,2025,October,1322.0,false,7315076.0,false,18.07226609812393,1574.3333333333333,159.61108034750256
Tennessee,2025-11-01,2025,November,1317.0,false,7315076.0,false,18.003914108342826,1525.9166666666667,137.4286316161184
Tennessee,2025-12-01,2025,December,1275.0,false,7315076.0,false,17.42975739418155,1486.1666666666667,120.81904826740866
Tennessee,2026-01-01,2026,January,1230.0,false,7379422.0,true,16.66797209862778,1451.0833333333333,115.349633197457
Tennessee,2026-02-01,2026,February,1219.0,false,7379422.0,true,16.518908933518098,1416.5833333333333,114.3117414897711
Tennessee,2026-03-01,2026,March,1164.0,false,7379422.0,true,15.773593107969702,1387.25,116.23184120150083
Tennessee,2026-04-01,2026,April,1141.0,false,7379422.0,true,15.461915580922192,1354.1666666666667,118.75324556968256
Texas,2015-01-01,2015,January,5.0,true,27468531.0,false,0.018202647968324187,,
Texas,2015-02-01,2015,February,5.0,true,27468531.0,false,0.018202647968324187,5.0,
Texas,2015-03-01,2015,March,5.0,true,27468531.0,false,0.018202647968324187,5.0,0.0
Texas,2015-04-01,2015,April,5.0,true,27468531.0,false,0.018202647968324187,5.0,0.0
Texas,2015-05-01,2015,May,5.0,true,27468531.0,false,0.018202647968324187,5.0,0.0
Texas,2015-06-01,2015,June,5.0,true,27468531.0,false,0.018202647968324187,5.0,0.0
Texas,2015-07-01,2015,July,5.0,true,27468531.0,false,0.018202647968324187,5.0,0.0
Texas,2015-08-01,2015,August,5.0,true,27468531.0,false,0.018202647968324187,5.0,0.0
Texas,2015-09-01,2015,September,5.0,true,27468531.0,false,0.018202647968324187,5.0,0.0
Texas,2015-10-01,2015,October,5.0,true,27468531.0,false,0.018202647968324187,5.0,0.0
Texas,2015-11-01,2015,November,5.0,true,27468531.0,false,0.018202647968324187,5.0,0.0
Texas,2015-12-01,2015,December,5.0,true,27468531.0,false,0.018202647968324187,5.0,0.0
Texas,2016-01-01,2016,January,5.0,true,27914064.0,false,0.01791211770525424,5.0,0.0
Texas,2016-02-01,2016,February,5.0,true,27914064.0,false,0.01791211770525424,5.0,0.0
Texas,2016-03-01,2016,March,5.0,true,27914064.0,false,0.01791211770525424,5.0,0.0
Texas,2016-04-01,2016,April,5.0,true,27914064.0,false,0.01791211770525424,5.0,0.0
Texas,2016-05-01,2016,May,5.0,true,27914064.0,false,0.01791211770525424,5.0,0.0
Texas,2016-06-01,2016,June,5.0,true,27914064.0,false,0.01791211770525424,5.0,0.0
Texas,2016-07-01,2016,July,5.0,true,27914064.0,false,0.01791211770525424,5.0,0.0
Texas,2016-08-01,2016,August,5.0,true,27914064.0,false,0.01791211770525424,5.0,0.0
Texas,2016-09-01,2016,September,5.0,true,27914064.0,false,0.01791211770525424,5.0,0.0
Texas,2016-10-01,2016,October,5.0,true,27914064.0,false,0.01791211770525424,5.0,0.0
Texas,2016-11-01,2016,November,5.0,true,27914064.0,false,0.01791211770525424,5.0,0.0
Texas,2016-12-01,2016,December,5.0,true,27914064.0,false,0.01791211770525424,5.0,0.0
Texas,2017-01-01,2017,January,5.0,true,28291024.0,false,0.01767345006670667,5.0,0.0
Texas,2017-02-01,2017,February,5.0,true,28291024.0,false,0.01767345006670667,5.0,0.0
Texas,2017-03-01,2017,March,5.0,true,28291024.0,false,0.01767345006670667,5.0,0.0
Texas,2017-04-01,2017,April,5.0,true,28291024.0,false,0.01767345006670667,5.0,0.0
Texas,2017-05-01,2017,May,5.0,true,28291024.0,false,0.01767345006670667,5.0,0.0
Texas,2017-06-01,2017,June,5.0,true,28291024.0,false,0.01767345006670667,5.0,0.0
Texas,2017-07-01,2017,July,5.0,true,28291024.0,false,0.01767345006670667,5.0,0.0
Texas,2017-08-01,2017,August,5.0,true,28291024.0,false,0.01767345006670667,5.0,0.0
Texas,2017-09-01,2017,September,5.0,true,28291024.0,false,0.01767345006670667,5.0,0.0
Texas,2017-10-01,2017,October,5.0,true,28291024.0,false,0.01767345006670667,5.0,0.0
Texas,2017-11-01,2017,November,5.0,true,28291024.0,false,0.01767345006670667,5.0,0.0
Texas,2017-12-01,2017,December,5.0,true,28291024.0,false,0.01767345006670667,5.0,0.0
Texas,2018-01-01,2018,January,5.0,true,28624564.0,false,0.017467514963721367,5.0,0.0
Texas,2018-02-01,2018,February,5.0,true,28624564.0,false,0.017467514963721367,5.0,0.0
Texas,2018-03-01,2018,March,5.0,true,28624564.0,false,0.017467514963721367,5.0,0.0
Texas,2018-04-01,2018,April,5.0,true,28624564.0,false,0.017467514963721367,5.0,0.0
Texas,2018-05-01,2018,May,5.0,true,28624564.0,false,0.017467514963721367,5.0,0.0
Texas,2018-06-01,2018,June,5.0,true,28624564.0,false,0.017467514963721367,5.0,0.0
Texas,2018-07-01,2018,July,5.0,true,28624564.0,false,0.017467514963721367,5.0,0.0
Texas,2018-08-01,2018,August,5.0,true,28624564.0,false,0.017467514963721367,5.0,0.0
Texas,2018-09-01,2018,September,345.0,false,28624564.0,false,1.2052585324967744,5.0,0.0
Texas,2018-10-01,2018,October,5.0,true,28624564.0,false,0.017467514963721367,33.333333333333336,98.14954576223639
Texas,2018-11-01,2018,November,5.0,true,28624564.0,false,0.017467514963721367,33.333333333333336,98.14954576223639
Texas,2018-12-01,2018,December,5.0,true,28624564.0,false,0.017467514963721367,33.333333333333336,98.14954576223637
Texas,2019-01-01,2019,January,318.0,false,28986794.0,false,1.0970512986017011,33.333333333333336,98.14954576223637
Texas,2019-02-01,2019,February,324.0,false,28986794.0,false,1.1177503797073938,59.416666666666664,127.22025162780659
Texas,2019-03-01,2019,March,318.0,false,28986794.0,false,1.0970512986017011,86.0,146.6591595874908
Texas,2019-04-01,2019,April,320.0,false,28986794.0,false,1.1039509923035986,112.08333333333333,158.31410569057343
Texas,2019-05-01,2019,May,320.0,false,28986794.0,false,1.1039509923035986,138.33333333333334,164.9216526571072
Texas,2019-06-01,2019,June,309.0,false,28986794.0,false,1.0660026769431625,164.58333333333334,166.8278690111094
Texas,2019-07-01,2019,July,332.0,false,28986794.0,false,1.1453491545149836,189.91666666666666,163.4388728286975
Texas,2019-08-01,2019,August,329.0,false,28986794.0,false,1.1349996139621374,217.16666666666666,156.93590662394246
Texas,2019-09-01,2019,September,325.0,false,28986794.0,false,1.1212002265583425,244.16666666666666,144.49336778320773
Texas,2019-10-01,2019,October,345.0,false,28986794.0,false,1.1901971635773174,242.5,143.33527130472805
Texas,2019-11-01,2019,November,360.0,false,28986794.0,false,1.2419448663415487,270.8333333333333,124.48499970484455
Texas,2019-12-01,2019,December,375.0,false,28986794.0,false,1.2936925691057797,300.4166666666667,94.02268423904495
Texas,2020-01-01,2020,January,407.0,false,29237895.0,false,1.3920290773326878,331.25,19.367850587084682
Texas,2020-02-01,2020,February,421.0,false,29237895.0,false,1.4399121414178415,338.6666666666667,28.649395783993032
Texas,2020-03-01,2020,March,460.0,false,29237895.0,false,1.5733006770836273,346.75,36.69066019376791
Texas,2020-04-01,2020,April,506.0,false,29237895.0,false,1.73063074479199,358.5833333333333,47.79398656227739
Texas,2020-05-01,2020,May,584.0,false,29237895.0,false,1.9974078161235618,374.0833333333333,62.14858783348957
Texas,2020-06-01,2020,June,658.0,false,29237895.0,false,2.250504012002232,396.0833333333333,84.10973171813693
Texas,2020-07-01,2020,July,724.0,false,29237895.0,false,2.4762384569751004,425.1666666666667,108.16051483650106
Texas,2020-08-01,2020,August,806.0,false,29237895.0,false,2.756696403759573,457.8333333333333,133.65548203791667
Texas,2020-09-01,2020,September,866.0,false,29237895.0,false,2.96190953555309,497.5833333333333,160.15983966782764
Texas,2020-10-01,2020,October,897.0,false,29237895.0,false,3.0679363203130734,542.6666666666666,181.8387564116443
Texas,2020-11-01,2020,November,941.0,false,29237895.0,false,3.2184259502949852,588.6666666666666,196.51663511974724
Texas,2020-12-01,2020,December,1012.0,false,29237895.0,false,3.46126148958398,637.0833333333334,206.3815787821337
Texas,2021-01-01,2021,January,1083.0,false,29572672.0,false,3.662164852739718,690.1666666666666,214.6006156618015
Texas,2021-02-01,2021,February,1173.0,false,29572672.0,false,3.9664998820532684,746.5,222.10583063035514
Texas,2021-03-01,2021,March,1295.0,false,29572672.0,false,4.379042921789415,809.1666666666666,227.9289495886954
Texas,2021-04-01,2021,April,1387.0,false,29572672.0,false,4.690140951754377,878.75,238.83852475907418
Texas,2021-05-01,2021,May,1444.0,false,29572672.0,false,4.882886470319625,952.1666666666666,249.03042287068365
Texas,2021-06-01,2021,June,1496.0,false,29572672.0,false,5.058724487256343,1023.8333333333334,257.0634280884896
Texas,2021-07-01,2021,July,1536.0,false,29572672.0,false,5.1939845002845875,1093.6666666666667,262.4161626581763
Texas,2021-08-01,2021,August,1572.0,false,29572672.0,false,5.315718512010007,1161.3333333333333,263.11847774972654
Texas,2021-09-01,2021,September,1629.0,false,29572672.0,false,5.508464030575255,1225.1666666666667,261.9912674926861
Texas,2021-10-01,2021,October,1676.0,false,29572672.0,false,5.667394545883443,1288.75,259.475038210895
Texas,2021-11-01,2021,November,1745.0,false,29572672.0,false,5.900718068357165,1353.6666666666667,249.82260372779186
Texas,2021-12-01,2021,December,1788.0,false,29572672.0,false,6.0461225823625275,1420.6666666666667,236.54802830919917
Texas,2022-01-01,2022,January,1822.0,false,30118002.0,false,6.0495380802484835,1485.3333333333333,220.17527453179542
Texas,2022-02-01,2022,February,1879.0,false,30118002.0,false,6.2387936623418785,1546.9166666666667,199.82058240210173
Texas,2022-03-01,2022,March,1900.0,false,30118002.0,false,6.308519403113129,1605.75,182.94068835156784
Texas,2022-04-01,2022,April,1940.0,false,30118002.0,false,6.44133033791551,1656.1666666666667,172.58875626146315
Texas,2022-05-01,2022,May,1976.0,false,30118002.0,false,6.560860179237654,1702.25,167.95081801744
Texas,2022-06-01,2022,June,2012.0,false,30118002.0,false,6.680390020559797,1746.5833333333333,163.7467325605076
Texas,2022-07-01,2022,July,2081.0,false,30118002.0,false,6.909488883093905,1789.5833333333333,159.6612654871861
Texas,2022-08-01,2022,August,2118.0,false,30118002.0,false,7.032338997786107,1835.0,158.4802826852603
Texas,2022-09-01,2022,September,2186.0,false,30118002.0,false,7.258117586950156,1880.5,154.43533509942836
Texas,2022-10-01,2022,October,2296.0,false,30118002.0,false,7.623347657656707,1926.9166666666667,155.67358527224565
Texas,2022-11-01,2022,November,2320.0,false,30118002.0,false,7.703034218538135,1978.5833333333333,167.27954737413944
Texas,2022-12-01,2022,December,2387.0,false,30118002.0,false,7.925492534332125,2026.5,176.39289822851302
Texas,2023-01-01,2023,January,2438.0,false,30719247.0,false,7.936392451286322,2076.4166666666665,187.18899459361845
Texas,2023-02-01,2023,February,2451.0,false,30719247.0,false,7.978711196924846,2127.75,195.36219276931848
Texas,2023-03-01,2023,March,2478.0,false,30719247.0,false,8.066603976327936,2175.4166666666665,198.90128128538956
Texas,2023-04-01,2023,April,2494.0,false,30719247.0,false,8.11868858634458,2223.5833333333335,196.10778962477502
Texas,2023-05-01,2023,May,2528.0,false,30719247.0,false,8.229368382629952,2269.75,188.33486859122164
Texas,2023-06-01,2023,June,2564.0,false,30719247.0,false,8.346558755167404,2315.75,177.14458655418915
Texas,2023-07-01,2023,July,2572.0,false,30719247.0,false,8.372601060175727,2361.75,162.13189075564375
Texas,2023-08-01,2023,August,2607.0,false,30719247.0,false,8.486536144587138,2402.6666666666665,145.9914899969007
Texas,2023-09-01,2023,September,2587.0,false,30719247.0,false,8.421430382066331,2443.4166666666665,126.21731500099567
Texas,2023-10-01,2023,October,2557.0,false,30719247.0,false,8.323771738285123,2476.8333333333335,102.77586675810021
Texas,2023-11-01,2023,November,2589.0,false,30719247.0,false,8.427940958318413,2498.5833333333335,87.51151439390789
Texas,2023-12-01,2023,December,2550.0,false,30719247.0,false,8.30098472140284,2521.0,70.38465741907108
Texas,2024-01-01,2024,January,2540.0,false,31318578.0,false,8.110202193726675,2534.5833333333335,56.54034494111774
Texas,2024-02-01,2024,February,2537.0,false,31318578.0,false,8.100623214757707,2543.0833333333335,47.67209653328437
Texas,2024-03-01,2024,March,2510.0,false,31318578.0,false,8.01441240403699,2550.25,38.06722522543031
Texas,2024-04-01,2024,April,2490.0,false,31318578.0,false,7.950552544243867,2552.9166666666665,33.37788689137364
Texas,2024-05-01,2024,May,2450.0,false,31318578.0,false,7.8228328246576195,2552.5833333333335,34.033294749629334
Texas,2024-06-01,2024,June,2406.0,false,31318578.0,false,7.682341133112749,2546.0833333333335,44.87651407085362
Texas,2024-07-01,2024,July,2327.0,false,31318578.0,false,7.430094686929912,2532.9166666666665,59.829239329845066
Texas,2024-08-01,2024,August,2242.0,false,31318578.0,false,7.158690282809137,2512.5,82.70813964560162
Texas,2024-09-01,2024,September,2153.0,false,31318578.0,false,6.874513906729737,2482.0833333333335,108.03405046838733
Texas,2024-10-01,2024,October,2064.0,false,31318578.0,false,6.590337530650337,2445.9166666666665,138.16226187371373
Texas,2024-11-01,2024,November,1952.0,false,31318578.0,false,6.232722315808847,2404.8333333333335,171.42283359805907
Texas,2024-12-01,2024,December,1870.0,false,31318578.0,false,5.97089689065704,2351.75,204.6216575225429
Texas,2025-01-01,2025,January,1795.0,false,31709821.0,false,5.6607068201362605,2295.0833333333335,236.4158348539645
Texas,2025-02-01,2025,February,1686.0,false,31709821.0,false,5.316964734679518,2233.0,262.6203620160754
Texas,2025-03-01,2025,March,1624.0,false,31709821.0,false,5.121441713594031,2162.0833333333335,286.8491711155829
Texas,2025-04-01,2025,April,1542.0,false,31709821.0,false,4.8628467502229045,2088.25,302.74175163300185
Texas,2025-05-01,2025,May,1512.0,false,31709821.0,false,4.768238836794443,2009.25,311.92543543726475
Texas,2025-06-01,2025,June,1463.0,false,31709821.0,false,4.613712578194622,1931.0833333333333,308.94967472899464
Texas,2025-07-01,2025,July,1429.0,false,31709821.0,false,4.506490276309034,1852.5,296.86253323106234
Texas,2025-08-01,2025,August,1405.0,false,31709821.0,false,4.4308039455662644,1777.6666666666667,279.02470836610115
Texas,2025-09-01,2025,September,1404.0,false,31709821.0,false,4.427650348451983,1707.9166666666667,256.0711755932264
Texas,2025-10-01,2025,October,1398.0,false,31709821.0,false,4.40872876576629,1645.5,227.39892859746007
Texas,2025-11-01,2025,November,1421.0,false,31709821.0,false,4.481261499394777,1590.0,194.92749234709635
Texas,2025-12-01,2025,December,1421.0,false,31709821.0,false,4.481261499394777,1545.75,162.92336458369846
Texas,2026-01-01,2026,January,1403.0,false,32105952.0,true,4.36990624043791,1508.3333333333333,129.89809525745602
Texas,2026-02-01,2026,February,1420.0,false,32105952.0,true,4.4228559240355185,1475.6666666666667,96.16305596918879
Texas,2026-03-01,2026,March,1374.0,false,32105952.0,true,4.279580309594931,1453.5,70.50660832987082
Texas,2026-04-01,2026,April,1343.0,false,32105952.0,true,4.183025004211057,1432.6666666666667,49.290112106944484
West Virginia,2015-01-01,2015,January,128.0,false,1843332.0,false,6.943947156562139,,
West Virginia,2015-02-01,2015,February,139.0,false,1843332.0,false,7.540692615329197,128.0,
West Virginia,2015-03-01,2015,March,143.0,false,1843332.0,false,7.757690963971764,133.5,7.7781745930520225
West Virginia,2015-04-01,2015,April,165.0,false,1843332.0,false,8.951181881505882,136.66666666666666,7.767453465154032
West Virginia,2015-05-01,2015,May,164.0,false,1843332.0,false,8.89693229434524,143.75,15.521490478258418
West Virginia,2015-06-01,2015,June,167.0,false,1843332.0,false,9.059681055827165,147.8,16.208022704821214
West Virginia,2015-07-01,2015,July,176.0,false,1843332.0,false,9.54792734027294,151.0,16.48029125956213
West Virginia,2015-08-01,2015,August,177.0,false,1843332.0,false,9.602176927433582,154.57142857142858,17.765670480425094
West Virginia,2015-09-01,2015,September,187.0,false,1843332.0,false,10.14467279904,157.375,18.259537625189587
West Virginia,2015-10-01,2015,October,206.0,false,1843332.0,false,11.175414955092192,160.66666666666666,19.72941965694886
West Virginia,2015-11-01,2015,November,210.0,false,1843332.0,false,11.392413303734758,165.2,23.484273697755935
West Virginia,2015-12-01,2015,December,224.0,false,1843332.0,false,12.151907523983743,169.27272727272728,26.05413943729829
West Virginia,2016-01-01,2016,January,230.0,false,1832435.0,false,12.551604831822138,173.83333333333334,29.439717554639856
West Virginia,2016-02-01,2016,February,252.0,false,1832435.0,false,13.752193120083385,182.33333333333334,29.727041051826358
West Virginia,2016-03-01,2016,March,263.0,false,1832435.0,false,14.352487264214009,191.75,32.518875637501246
West Virginia,2016-04-01,2016,April,258.0,false,1832435.0,false,14.07962628960918,201.75,34.55200296785859
West Virginia,2016-05-01,2016,May,273.0,false,1832435.0,false,14.89820921342367,209.5,35.96083728421542
West Virginia,2016-06-01,2016,June,292.0,false,1832435.0,false,15.935080916922018,218.58333333333334,37.169044631088894
West Virginia,2016-07-01,2016,July,311.0,false,1832435.0,false,16.97195262042037,229.0,38.87509134745187
West Virginia,2016-08-01,2016,August,325.0,false,1832435.0,false,17.73596334931389,240.25,41.582612187832005
West Virginia,2016-09-01,2016,September,349.0,false,1832435.0,false,19.04569602741707,252.58333333333334,43.04006238026346
West Virginia,2016-10-01,2016,October,363.0,false,1832435.0,false,19.809706756310593,266.0833333333333,45.90990848356917
West Virginia,2016-11-01,2016,November,398.0,false,1832435.0,false,21.719733578544396,279.1666666666667,49.46409778513067
West Virginia,2016-12-01,2016,December,432.0,false,1832435.0,false,23.575188205857234,294.8333333333333,55.02533851588629
West Virginia,2017-01-01,2017,January,475.0,false,1818683.0,false,26.11780062825682,312.1666666666667,62.88349014911097
West Virginia,2017-02-01,2017,February,498.0,false,1818683.0,false,27.38245202709873,332.5833333333333,72.77544332750672
West Virginia,2017-03-01,2017,March,524.0,false,1818683.0,false,28.81205795622437,353.0833333333333,82.06699960545909
West Virginia,2017-04-01,2017,April,565.0,false,1818683.0,false,31.06643653676864,374.8333333333333,90.20464948038313
West Virginia,2017-05-01,2017,May,588.0,false,1818683.0,false,32.33108793561055,400.4166666666667,97.31155059286581
West Virginia,2017-06-01,2017,June,612.0,false,1818683.0,false,33.65072417788037,426.6666666666667,102.18017360911008
West Virginia,2017-07-01,2017,July,624.0,false,1818683.0,false,34.310542299015275,453.3333333333333,105.54131748736935
West Virginia,2017-08-01,2017,August,640.0,false,1818683.0,false,35.19029979386182,479.4166666666667,105.84418937401536
West Virginia,2017-09-01,2017,September,633.0,false,1818683.0,false,34.80540588986646,505.6666666666667,103.09160386704046
West Virginia,2017-10-01,2017,October,646.0,false,1818683.0,false,35.52020885442928,529.3333333333334,96.22637451091646
West Virginia,2017-11-01,2017,November,645.0,false,1818683.0,false,35.46522401100137,552.9166666666666,85.87777607881111
West Virginia,2017-12-01,2017,December,644.0,false,1818683.0,false,35.41023916757346,573.5,74.17485484252121
West Virginia,2018-01-01,2018,January,620.0,false,1805953.0,false,34.33090451412634,591.1666666666666,61.587828392147486
West Virginia,2018-02-01,2018,February,606.0,false,1805953.0,false,33.55569054122671,603.25,49.825376885861914
West Virginia,2018-03-01,2018,March,606.0,false,1805953.0,false,33.55569054122671,612.25,37.25373684734063
West Virginia,2018-04-01,2018,April,587.0,false,1805953.0,false,32.50361443514864,619.0833333333334,25.148498358688755
West Virginia,2018-05-01,2018,May,585.0,false,1805953.0,false,32.39286958187727,620.9166666666666,21.36461957763278
West Virginia,2018-06-01,2018,June,584.0,false,1805953.0,false,32.33749715524158,620.6666666666666,21.797970436522636
West Virginia,2018-07-01,2018,July,582.0,false,1805953.0,false,32.22675230197021,618.3333333333334,24.178628178746308
West Virginia,2018-08-01,2018,August,596.0,false,1805953.0,false,33.00196627486984,614.8333333333334,26.23610743485649
West Virginia,2018-09-01,2018,September,603.0,false,1805953.0,false,33.38957326131965,611.1666666666666,25.46239056595696
West Virginia,2018-10-01,2018,October,595.0,false,1805953.0,false,32.946593848234144,608.6666666666666,24.581343011365842
West Virginia,2018-11-01,2018,November,586.0,false,1805953.0,false,32.448242008512956,604.4166666666666,21.79014928954381
West Virginia,2018-12-01,2018,December,574.0,false,1805953.0,false,31.78377288888471,599.5,18.153386861559866
West Virginia,2019-01-01,2019,January,573.0,false,1795263.0,false,31.917329104426482,593.6666666666666,13.09637932846903
West Virginia,2019-02-01,2019,February,558.0,false,1795263.0,false,31.08179692891794,589.75,11.426643506217463
West Virginia,2019-03-01,2019,March,554.0,false,1795263.0,false,30.858988348782322,585.75,13.444329659748739
West Virginia,2019-04-01,2019,April,563.0,false,1795263.0,false,31.360307654087453,581.4166666666666,14.650214601799789
West Virginia,2019-05-01,2019,May,549.0,false,1795263.0,false,30.580477623612808,579.4166666666666,15.435839838348725
West Virginia,2019-06-01,2019,June,535.0,false,1795263.0,false,29.800647593138162,576.4166666666666,17.59885499030254
West Virginia,2019-07-01,2019,July,537.0,false,1795263.0,false,29.912051883205972,572.3333333333334,21.02956072395287
West Virginia,2019-08-01,2019,August,535.0,false,1795263.0,false,29.800647593138162,568.5833333333334,23.06299016067767
West Virginia,2019-09-01,2019,September,535.0,false,1795263.0,false,29.800647593138162,563.5,23.192867242087413
West Virginia,2019-10-01,2019,October,540.0,false,1795263.0,false,30.079158318307684,557.8333333333334,20.85374757396827
West Virginia,2019-11-01,2019,November,559.0,false,1795263.0,false,31.137499073951837,553.25,17.75656088732994
West Virginia,2019-12-01,2019,December,567.0,false,1795263.0,false,31.583116234223063,551.0,14.67217527405958
West Virginia,2020-01-01,2020,January,582.0,false,1791670.0,false,32.48366049551536,550.4166666666666,13.78707123842234
West Virginia,2020-02-01,2020,February,597.0,false,1791670.0,false,33.32086824024513,551.1666666666666,15.290123570065692
West Virginia,2020-03-01,2020,March,607.0,false,1791670.0,false,33.879006736731654,554.4166666666666,20.223561116737702
West Virginia,2020-04-01,2020,April,632.0,false,1791670.0,false,35.27435297794795,558.8333333333334,25.279648060457863
West Virginia,2020-05-01,2020,May,741.0,false,1791670.0,false,41.35806258965099,564.5833333333334,32.98610818713435
West Virginia,2020-06-01,2020,June,810.0,false,1791670.0,false,45.20921821540797,580.5833333333334,60.13387841585917
West Virginia,2020-07-01,2020,July,848.0,false,1791670.0,false,47.33014450205674,603.5,87.40137298692738
West Virginia,2020-08-01,2020,August,877.0,false,1791670.0,false,48.948746141867645,629.4166666666666,109.26486446273847
West Virginia,2020-09-01,2020,September,941.0,false,1791670.0,false,52.52083251938136,657.9166666666666,125.75695052783607
West Virginia,2020-10-01,2020,October,971.0,false,1791670.0,false,54.19524800884092,691.75,143.10017152648385
West Virginia,2020-11-01,2020,November,1008.0,false,1791670.0,false,56.26036044584104,727.6666666666666,155.13239702286756
West Virginia,2020-12-01,2020,December,1052.0,false,1791670.0,false,58.71616983038171,765.0833333333334,164.61108895229575
West Virginia,2021-01-01,2021,January,1116.0,false,1785921.0,false,62.48876630041306,805.5,170.97235289527214
West Virginia,2021-02-01,2021,February,1159.0,false,1785921.0,false,64.89648758259744,850.0,176.90315789359803
West Virginia,2021-03-01,2021,March,1209.0,false,1785921.0,false,67.69616349211415,896.8333333333334,178.2219419882429
West Virginia,2021-04-01,2021,April,1263.0,false,1785921.0,false,70.7198134743922,947.0,173.89599817654855
West Virginia,2021-05-01,2021,May,1223.0,false,1785921.0,false,68.48007274677883,999.5833333333334,165.16903646283282
West Virginia,2021-06-01,2021,June,1201.0,false,1785921.0,false,67.24821534659148,1039.75,154.85425699376464
West Virginia,2021-07-01,2021,July,1202.0,false,1785921.0,false,67.30420886478181,1072.3333333333333,142.78230940416907
West Virginia,2021-08-01,2021,August,1224.0,false,1785921.0,false,68.53606626496918,1101.8333333333333,128.02686744538744
West Virginia,2021-09-01,2021,September,1207.0,false,1785921.0,false,67.58417645573348,1130.75,110.63463620075186
West Virginia,2021-10-01,2021,October,1217.0,false,1785921.0,false,68.14411163763683,1152.9166666666667,94.65387504273684
West Virginia,2021-11-01,2021,November,1219.0,false,1785921.0,false,68.2560986740175,1173.4166666666667,76.58798663608867
West Virginia,2021-12-01,2021,December,1193.0,false,1785921.0,false,66.8002672010688,1191.0,56.83148935069528
West Virginia,2022-01-01,2022,January,1172.0,false,1774003.0,false,66.06527722895622,1202.75,36.37462902028882
West Virginia,2022-02-01,2022,February,1168.0,false,1774003.0,false,65.83979846708263,1207.4166666666667,26.47969490806576
West Virginia,2022-03-01,2022,March,1143.0,false,1774003.0,false,64.43055620537282,1208.1666666666667,25.073830375452573
West Virginia,2022-04-01,2022,April,1089.0,false,1774003.0,false,61.386592920079615,1202.6666666666667,31.332043816147284
West Virginia,2022-05-01,2022,May,1077.0,false,1774003.0,false,60.710156634458905,1188.1666666666667,39.94958944682288
West Virginia,2022-06-01,2022,June,1072.0,false,1774003.0,false,60.428308182116936,1176.0,49.4735925887373
West Virginia,2022-07-01,2022,July,1087.0,false,1774003.0,false,61.27385353914283,1165.25,56.99142678748032
West Virginia,2022-08-01,2022,August,1073.0,false,1774003.0,false,60.48467787258534,1155.6666666666667,59.8472803868059
West Virginia,2022-09-01,2022,September,1057.0,false,1774003.0,false,59.58276282509105,1143.0833333333333,60.04764522418591
West Virginia,2022-10-01,2022,October,1062.0,false,1774003.0,false,59.86461127743301,1130.5833333333333,61.13540609816766
West Virginia,2022-11-01,2022,November,1046.0,false,1774003.0,false,58.96269622993873,1117.6666666666667,57.482540168667164
West Virginia,2022-12-01,2022,December,1074.0,false,1774003.0,false,60.54104756305372,1103.25,51.09727799190298
West Virginia,2023-01-01,2023,January,1068.0,false,1770036.0,false,60.337755842254055,1093.3333333333333,43.00176176799634
West Virginia,2023-02-01,2023,February,1075.0,false,1770036.0,false,60.73322802474073,1084.6666666666667,35.538284946937104
West Virginia,2023-03-01,2023,March,1103.0,false,1770036.0,false,62.31511675468748,1076.9166666666667,23.971416059106435
West Virginia,2023-04-01,2023,April,1130.0,false,1770036.0,false,63.84050945856468,1073.5833333333333,15.078330829573263
West Virginia,2023-05-01,2023,May,1140.0,false,1770036.0,false,64.40546971925994,1077.0,21.962778429962814
West Virginia,2023-06-01,2023,June,1149.0,false,1770036.0,false,64.91393395388569,1082.25,28.515147489775146
West Virginia,2023-07-01,2023,July,1144.0,false,1770036.0,false,64.63145382353805,1088.6666666666667,34.11300294164921
West Virginia,2023-08-01,2023,August,1153.0,false,1770036.0,false,65.13991805816379,1093.4166666666667,37.645374781295956
West Virginia,2023-09-01,2023,September,1169.0,false,1770036.0,false,66.0438544752762,1100.0833333333333,40.66371698194676
West Virginia,2023-10-01,2023,October,1153.0,false,1770036.0,false,65.13991805816379,1109.4166666666667,42.679478426849265
West Virginia,2023-11-01,2023,November,1155.0,false,1770036.0,false,65.25291011030284,1117.0,41.55828327891935
West Virginia,2023-12-01,2023,December,1158.0,false,1770036.0,false,65.42239818851142,1126.0833333333333,36.19507332957532
West Virginia,2024-01-01,2024,January,1132.0,false,1767402.0,false,64.04881289033281,1133.0833333333333,33.20585472290668
West Virginia,2024-02-01,2024,February,1097.0,false,1767402.0,false,62.06850507128542,1138.4166666666667,26.203602574432146
West Virginia,2024-03-01,2024,March,1061.0,false,1767402.0,false,60.03161702883668,1140.25,21.75535461778215
West Virginia,2024-04-01,2024,April,1008.0,false,1767402.0,false,57.03286518856491,1136.75,30.079062485390033
West Virginia,2024-05-01,2024,May,954.0,false,1767402.0,false,53.977533124891785,1126.5833333333333,47.90418150913971
West Virginia,2024-06-01,2024,June,914.0,false,1767402.0,false,51.71432418883763,1111.0833333333333,68.7319673320453
West Virginia,2024-07-01,2024,July,855.0,false,1767402.0,false,48.376091008157736,1091.5,87.78434318881081
West Virginia,2024-08-01,2024,August,795.0,false,1767402.0,false,44.98127760407649,1067.4166666666667,109.12166548760095
West Virginia,2024-09-01,2024,September,747.0,false,1767402.0,false,42.265426880811496,1037.5833333333333,130.44989169188398
West Virginia,2024-10-01,2024,October,707.0,false,1767402.0,false,40.002217944757334,1002.4166666666666,147.5610556736267
West Virginia,2024-11-01,2024,November,655.0,false,1767402.0,false,37.06004632788692,965.25,161.6776394276866
West Virginia,2024-12-01,2024,December,586.0,false,1767402.0,false,33.15601091319349,923.5833333333334,172.4035742791966
West Virginia,2025-01-01,2025,January,563.0,false,1766147.0,false,31.877301266542368,875.9166666666666,180.57960135143298
West Virginia,2025-02-01,2025,February,535.0,false,1766147.0,false,30.291929267495856,828.5,181.92331051597236
West Virginia,2025-03-01,2025,March,510.0,false,1766147.0,false,28.876418554061466,781.6666666666666,178.83122227565863
West Virginia,2025-04-01,2025,April,496.0,false,1766147.0,false,28.083732554538212,735.75,171.1624029447419
West Virginia,2025-05-01,2025,May,485.0,false,1766147.0,false,27.460907840627083,693.0833333333334,160.61725161124969
West Virginia,2025-06-01,2025,June,484.0,false,1766147.0,false,27.404287412089708,654.0,147.91520912640829
West Virginia,2025-07-01,2025,July,487.0,false,1766147.0,false,27.57414869770183,618.1666666666666,130.23044842497353
West Virginia,2025-08-01,2025,August,468.0,false,1766147.0,false,26.4983605554917,587.5,111.35079703351926
West Virginia,2025-09-01,2025,September,455.0,false,1766147.0,false,25.762294984505818,560.25,94.72556053242346
West Virginia,2025-10-01,2025,October,448.0,false,1766147.0,false,25.365951984744193,535.9166666666666,78.50820262105029
West Virginia,2025-11-01,2025,November,455.0,false,1766147.0,false,25.762294984505818,514.3333333333334,60.80420639356717
West Virginia,2025-12-01,2025,December,453.0,false,1766147.0,false,25.64905412743107,497.6666666666667,43.76452139956899
West Virginia,2026-01-01,2026,January,446.0,false,1764893.0,true,25.27065380167523,486.5833333333333,35.4027691092951
West Virginia,2026-02-01,2026,February,456.0,false,1764893.0,true,25.83726038915674,476.8333333333333,27.72210582757288
West Virginia,2026-03-01,2026,March,440.0,false,1764893.0,true,24.930689849186326,470.25,21.286466037452914
West Virginia,2026-04-01,2026,April,432.0,false,1764893.0,true,24.47740457920112,464.4166666666667,18.85571209972932
Georgia,2015-01-01,2015,January,5.0,true,10183353.0,false,0.04909974150950085,,
Georgia,2015-02-01,2015,February,5.0,true,10183353.0,false,0.04909974150950085,5.0,
Georgia,2015-03-01,2015,March,5.0,true,10183353.0,false,0.04909974150950085,5.0,0.0
Georgia,2015-04-01,2015,April,5.0,true,10183353.0,false,0.04909974150950085,5.0,0.0
Georgia,2015-05-01,2015,May,5.0,true,10183353.0,false,0.04909974150950085,5.0,0.0
Georgia,2015-06-01,2015,June,5.0,true,10183353.0,false,0.04909974150950085,5.0,0.0
Georgia,2015-07-01,2015,July,5.0,true,10183353.0,false,0.04909974150950085,5.0,0.0
Georgia,2015-08-01,2015,August,348.0,false,10183353.0,false,3.417342009061259,5.0,0.0
Georgia,2015-09-01,2015,September,340.0,false,10183353.0,false,3.338782422646058,47.875,121.2688129734929
Georgia,2015-10-01,2015,October,334.0,false,10183353.0,false,3.2798627328346566,80.33333333333333,149.49832774984475
Georgia,2015-11-01,2015,November,293.0,false,10183353.0,false,2.8772448524567498,105.7,162.17620732469427
Georgia,2015-12-01,2015,December,293.0,false,10183353.0,false,2.8772448524567498,122.72727272727273,163.8908727837465
Georgia,2016-01-01,2016,January,286.0,false,10308442.0,false,2.774425078008879,136.91666666666666,163.8122308305975
Georgia,2016-02-01,2016,February,270.0,false,10308442.0,false,2.619212486232158,160.33333333333334,163.32418032486152
Georgia,2016-03-01,2016,March,261.0,false,10308442.0,false,2.5319054033577526,182.41666666666666,158.24862965561118
Georgia,2016-04-01,2016,April,252.0,false,10308442.0,false,2.4445983204833475,203.75,149.15100645745818
Georgia,2016-05-01,2016,May,241.0,false,10308442.0,false,2.3378896636368522,224.33333333333334,135.66290665625678
Georgia,2016-06-01,2016,June,228.0,false,10308442.0,false,2.211779432818267,244.0,116.76627782182508
Georgia,2016-07-01,2016,July,225.0,false,10308442.0,false,2.1826770718601316,262.5833333333333,89.93377192875508
Georgia,2016-08-01,2016,August,221.0,false,10308442.0,false,2.143873923915952,280.9166666666667,42.63898841826966
Georgia,2016-09-01,2016,September,226.0,false,10308442.0,false,2.192377858846177,270.3333333333333,40.164057503587856
Georgia,2016-10-01,2016,October,241.0,false,10308442.0,false,2.3378896636368522,260.8333333333333,35.385752996813764
Georgia,2016-11-01,2016,November,271.0,false,10308442.0,false,2.628913273218203,253.08333333333334,27.124153387151043
Georgia,2016-12-01,2016,December,271.0,false,10308442.0,false,2.628913273218203,251.25,24.827129589148303
Georgia,2017-01-01,2017,January,299.0,false,10417031.0,false,2.8702996084008965,249.41666666666666,22.12961131537779
Georgia,2017-02-01,2017,February,303.0,false,10417031.0,false,2.9086982653694706,250.5,24.295528956429976
Georgia,2017-03-01,2017,March,324.0,false,10417031.0,false,3.110291214454483,253.25,28.24929604915364
Georgia,2017-04-01,2017,April,333.0,false,10417031.0,false,3.1966881926337742,258.5,34.893343986288485
Georgia,2017-05-01,2017,May,359.0,false,10417031.0,false,3.4462794629295046,265.25,40.84811111689478
Georgia,2017-06-01,2017,June,361.0,false,10417031.0,false,3.4654787914137914,275.0833333333333,48.048192347670984
Georgia,2017-07-01,2017,July,378.0,false,10417031.0,false,3.6286730835302303,286.1666666666667,51.42131382171712
Georgia,2017-08-01,2017,August,391.0,false,10417031.0,false,3.753468718678095,298.9166666666667,53.789925270500795
Georgia,2017-09-01,2017,September,397.0,false,10417031.0,false,3.8110667041309565,313.0833333333333,53.789925270500795
Georgia,2017-10-01,2017,October,407.0,false,10417031.0,false,3.9070633465523907,327.3333333333333,51.211386044570794
Georgia,2017-11-01,2017,November,394.0,false,10417031.0,false,3.782267711404526,341.1666666666667,48.09617889440306
Georgia,2017-12-01,2017,December,406.0,false,10417031.0,false,3.8974636823102475,351.4166666666667,44.77511145782452
Georgia,2018-01-01,2018,January,381.0,false,10519389.0,false,3.6218833622371034,362.6666666666667,39.366190693245514
Georgia,2018-02-01,2018,February,381.0,false,10519389.0,false,3.6218833622371034,369.5,34.07078193728729
Georgia,2018-03-01,2018,March,380.0,false,10519389.0,false,3.612377106693174,376.0,26.92075914099141
Georgia,2018-04-01,2018,April,376.0,false,10519389.0,false,3.574352084517457,380.6666666666667,21.368342486165393
Georgia,2018-05-01,2018,May,349.0,false,10519389.0,false,3.3176831848313624,384.25,15.427985198097888
Georgia,2018-06-01,2018,June,355.0,false,10519389.0,false,3.3747207180949386,383.4166666666667,17.095764139550816
Georgia,2018-07-01,2018,July,353.0,false,10519389.0,false,3.3557082070070803,382.9166666666667,17.8807073956736
Georgia,2018-08-01,2018,August,351.0,false,10519389.0,false,3.336695695919221,380.8333333333333,19.853249485953555
Georgia,2018-09-01,2018,September,357.0,false,10519389.0,false,3.3937332291827977,377.5,21.296606643910547
Georgia,2018-10-01,2018,October,340.0,false,10519389.0,false,3.2321268849359974,374.1666666666667,21.096459562225263
Georgia,2018-11-01,2018,November,343.0,false,10519389.0,false,3.2606456515677857,368.5833333333333,20.47374519779521
Georgia,2018-12-01,2018,December,330.0,false,10519389.0,false,3.1370643294967038,364.3333333333333,20.006059688065122
Georgia,2019-01-01,2019,January,336.0,false,10628020.0,false,3.1614543442710876,358.0,17.487657985510285
Georgia,2019-02-01,2019,February,337.0,false,10628020.0,false,3.170863434581418,354.25,16.92295375034641
Georgia,2019-03-01,2019,March,327.0,false,10628020.0,false,3.0767725314781114,350.5833333333333,15.287893804239252
Georgia,2019-04-01,2019,April,324.0,false,10628020.0,false,3.0485452605471197,346.1666666666667,13.576941236277543
Georgia,2019-05-01,2019,May,340.0,false,10628020.0,false,3.1990907055124094,341.8333333333333,11.296285256935612
Georgia,2019-06-01,2019,June,333.0,false,10628020.0,false,3.133227073340095,341.0833333333333,11.073788325536478
Georgia,2019-07-01,2019,July,335.0,false,10628020.0,false,3.152045253960756,339.25,10.35835192226324
Georgia,2019-08-01,2019,August,355.0,false,10628020.0,false,3.340227060167369,337.75,9.44962721727447
Georgia,2019-09-01,2019,September,358.0,false,10628020.0,false,3.368454331098361,338.0833333333333,10.013248799223527
Georgia,2019-10-01,2019,October,365.0,false,10628020.0,false,3.4343179632706753,338.1666666666667,10.187633620614687
Georgia,2019-11-01,2019,November,370.0,false,10628020.0,false,3.481363414822328,340.25,12.814232144554955
Georgia,2019-12-01,2019,December,383.0,false,10628020.0,false,3.603681588856626,342.5,15.441973496109407
Georgia,2020-01-01,2020,January,393.0,false,10732595.0,false,3.6617425701799053,346.9166666666667,18.763883748662842
Georgia,2020-02-01,2020,February,412.0,false,10732595.0,false,3.8387733814608676,351.6666666666667,22.576469380684184
Georgia,2020-03-01,2020,March,440.0,false,10732595.0,false,4.0996608928222855,357.9166666666667,27.90066253150576
Georgia,2020-04-01,2020,April,506.0,false,10732595.0,false,4.714610026745628,367.3333333333333,34.74670248143459
Georgia,2020-05-01,2020,May,550.0,false,10732595.0,false,5.124576116027857,382.5,50.33614280740305
Georgia,2020-06-01,2020,June,610.0,false,10732595.0,false,5.6836207832308965,400.0,67.72001181334808
Georgia,2020-07-01,2020,July,685.0,false,10732595.0,false,6.382426617234694,423.0833333333333,87.21077741294191
Georgia,2020-08-01,2020,August,726.0,false,10732595.0,false,6.764440473156771,452.25,110.49321246121863
Georgia,2020-09-01,2020,September,756.0,false,10732595.0,false,7.043962806758291,483.1666666666667,130.8391332433794
Georgia,2020-10-01,2020,October,788.0,false,10732595.0,false,7.342119962599912,516.3333333333334,145.81391212671363
Georgia,2020-11-01,2020,November,821.0,false,10732595.0,false,7.6495945295615835,551.5833333333334,156.6318546107013
Georgia,2020-12-01,2020,December,856.0,false,10732595.0,false,7.975703918763355,589.1666666666666,163.07601871148273
Georgia,2021-01-01,2021,January,907.0,false,10793038.0,false,8.403565335357849,628.5833333333334,165.85396552023678
Georgia,2021-02-01,2021,February,976.0,false,10793038.0,false,9.042866336614399,671.4166666666666,165.85396552023673
Georgia,2021-03-01,2021,March,1035.0,false,10793038.0,false,9.58951501884826,718.4166666666666,165.5703411809853
Georgia,2021-04-01,2021,April,1070.0,false,10793038.0,false,9.91379813542767,768.0,163.69483803712322
Georgia,2021-05-01,2021,May,1119.0,false,10793038.0,false,10.367794498638844,815.0,162.59486741312256
Georgia,2021-06-01,2021,June,1141.0,false,10793038.0,false,10.571629600488759,862.4166666666666,161.25048743172746
Georgia,2021-07-01,2021,July,1124.0,false,10793038.0,false,10.414120658150189,906.6666666666666,158.520622881655
Georgia,2021-08-01,2021,August,1143.0,false,10793038.0,false,10.590160064293297,943.25,153.2835311085014
Georgia,2021-09-01,2021,September,1195.0,false,10793038.0,false,11.071952123211277,978.0,146.6802335323028
Georgia,2021-10-01,2021,October,1260.0,false,10793038.0,false,11.674192196858753,1014.5833333333334,140.9096798619168
Georgia,2021-11-01,2021,November,1308.0,false,10793038.0,false,12.118923328167657,1053.9166666666667,137.75304539338325
Georgia,2021-12-01,2021,December,1379.0,false,10793038.0,false,12.776754793228747,1094.5,134.59670399854798
Georgia,2022-01-01,2022,January,1420.0,false,10929992.0,false,12.991775291326837,1138.0833333333333,135.02286562810107
Georgia,2022-02-01,2022,February,1426.0,false,10929992.0,false,13.046670116501456,1180.8333333333333,136.41169860078543
Georgia,2022-03-01,2022,March,1435.0,false,10929992.0,false,13.129012354263388,1218.3333333333333,136.83588932023864
Georgia,2022-04-01,2022,April,1460.0,false,10929992.0,false,13.357740792490974,1251.6666666666667,136.83588932023875
Georgia,2022-05-01,2022,May,1467.0,false,10929992.0,false,13.421784755194698,1284.1666666666667,136.0780747374182
Georgia,2022-06-01,2022,June,1495.0,false,10929992.0,false,13.677960606009592,1313.1666666666667,134.75420946930373
Georgia,2022-07-01,2022,July,1558.0,false,10929992.0,false,14.254356270343107,1342.6666666666667,132.36473942264325
Georgia,2022-08-01,2022,August,1591.0,false,10929992.0,false,14.55627780880352,1378.8333333333333,126.34068899990098
Georgia,2022-09-01,2022,September,1616.0,false,10929992.0,false,14.785006247031106,1416.1666666666667,116.0930922174357
Georgia,2022-10-01,2022,October,1623.0,false,10929992.0,false,14.84905020973483,1451.25,106.38790515672515
Georgia,2022-11-01,2022,November,1665.0,false,10929992.0,false,15.233313985957173,1481.5,98.36989561667919
Georgia,2022-12-01,2022,December,1657.0,false,10929992.0,false,15.160120885724345,1511.25,95.0560839236977
Georgia,2023-01-01,2023,January,1672.0,false,11063669.0,false,15.112527318017198,1534.4166666666667,93.76223152531122
Georgia,2023-02-01,2023,February,1686.0,false,11063669.0,false,15.23906761852691,1555.4166666666667,94.02655169813701
Georgia,2023-03-01,2023,March,1712.0,false,11063669.0,false,15.474071033759234,1577.0833333333333,91.41360385466139
Georgia,2023-04-01,2023,April,1706.0,false,11063669.0,false,15.419839476397929,1600.1666666666667,87.14755859860307
Georgia,2023-05-01,2023,May,1727.0,false,11063669.0,false,15.609649927162499,1620.6666666666667,79.80240749767036
Georgia,2023-06-01,2023,June,1724.0,false,11063669.0,false,15.582534148481846,1642.3333333333333,68.8296095551556
Georgia,2023-07-01,2023,July,1705.0,false,11063669.0,false,15.410800883504377,1661.4166666666667,54.52682131230689
Georgia,2023-08-01,2023,August,1722.0,false,11063669.0,false,15.564456962694745,1673.6666666666667,44.831671705154776
Georgia,2023-09-01,2023,September,1700.0,false,11063669.0,false,15.365607919036623,1684.5833333333333,38.35351905943476
Georgia,2023-10-01,2023,October,1687.0,false,11063669.0,false,15.248106211420462,1691.5833333333333,31.804683283879452
Georgia,2023-11-01,2023,November,1673.0,false,11063669.0,false,15.121565910910746,1696.9166666666667,23.554417973293372
Georgia,2023-12-01,2023,December,1642.0,false,11063669.0,false,14.841369531210669,1697.5833333333333,22.66538543616007
Georgia,2024-01-01,2024,January,1619.0,false,11204208.0,false,14.449928098443014,1696.3333333333333,25.360432077382168
Georgia,2024-02-01,2024,February,1581.0,false,11204208.0,false,14.110769810771096,1691.9166666666667,33.34246087153281
Georgia,2024-03-01,2024,March,1529.0,false,11204208.0,false,13.646658469746367,1683.1666666666667,46.29712995882405
Georgia,2024-04-01,2024,April,1477.0,false,11204208.0,false,13.18254712872164,1667.9166666666667,63.0460990550613
Georgia,2024-05-01,2024,May,1400.0,false,11204208.0,false,12.495305335281172,1648.8333333333333,82.21461198742246
Georgia,2024-06-01,2024,June,1386.0,false,11204208.0,false,12.370352281928362,1621.5833333333333,104.9887079065115
Georgia,2024-07-01,2024,July,1345.0,false,11204208.0,false,12.004418339966556,1593.4166666666667,119.36914351809038
Georgia,2024-08-01,2024,August,1270.0,false,11204208.0,false,11.33502698271935,1563.4166666666667,133.2116964106608
Georgia,2024-09-01,2024,September,1221.0,false,11204208.0,false,10.897691295984508,1525.75,147.43819968811604
Georgia,2024-10-01,2024,October,1177.0,false,11204208.0,false,10.504981699732815,1485.8333333333333,160.25765239611871
Georgia,2024-11-01,2024,November,1109.0,false,11204208.0,false,9.898066869162015,1443.3333333333333,169.42219095466444
Georgia,2024-12-01,2024,December,1074.0,false,11204208.0,false,9.585684235779986,1396.3333333333333,177.9342745527293
Georgia,2025-01-01,2025,January,1025.0,false,11302748.0,false,9.068591107224544,1349.0,182.1408046739465
Georgia,2025-02-01,2025,February,997.0,false,11302748.0,false,8.820863740393044,1299.5,182.8066539469303
Georgia,2025-03-01,2025,March,974.0,false,11302748.0,false,8.617373403352884,1250.8333333333333,178.74401875985737
Georgia,2025-04-01,2025,April,955.0,false,11302748.0,false,8.449272690145795,1204.5833333333333,171.8971459561757
Georgia,2025-05-01,2025,May,946.0,false,11302748.0,false,8.369646036521385,1161.0833333333333,162.48326254128648
Georgia,2025-06-01,2025,June,883.0,false,11302748.0,false,7.81225946115051,1123.25,154.45277301139362
Georgia,2025-07-01,2025,July,846.0,false,11302748.0,false,7.484905440694599,1081.3333333333333,144.6031140953078
Georgia,2025-08-01,2025,August,814.0,false,11302748.0,false,7.201788450030029,1039.75,133.18553361246245
Georgia,2025-09-01,2025,September,805.0,false,11302748.0,false,7.122161796405617,1001.75,126.39845007680346
Georgia,2025-10-01,2025,October,783.0,false,11302748.0,false,6.927518865323726,967.0833333333334,117.53564900862544
Georgia,2025-11-01,2025,November,772.0,false,11302748.0,false,6.830197399782778,934.25,108.22797907447706
Georgia,2025-12-01,2025,December,755.0,false,11302748.0,false,6.679791498492225,906.1666666666666,102.3228698628498
Georgia,2026-01-01,2026,January,739.0,false,11402155.0,true,6.48123096028777,879.5833333333334,95.9985400772829
Georgia,2026-02-01,2026,February,717.0,false,11402155.0,true,6.2882849777081615,855.75,92.03470195331955
Georgia,2026-03-01,2026,March,683.0,false,11402155.0,true,5.9900957319033115,832.4166666666666,88.39010468406858
Georgia,2026-04-01,2026,April,658.0,false,11402155.0,true,5.770838933517392,808.1666666666666,85.89828375186056
Massachusetts,2015-01-01,2015,January,5.0,true,6797484.0,false,0.07355662771696116,,
Massachusetts,2015-02-01,2015,February,5.0,true,6797484.0,false,0.07355662771696116,5.0,
Massachusetts,2015-03-01,2015,March,5.0,true,6797484.0,false,0.07355662771696116,5.0,0.0
Massachusetts,2015-04-01,2015,April,5.0,true,6797484.0,false,0.07355662771696116,5.0,0.0
Massachusetts,2015-05-01,2015,May,5.0,true,6797484.0,false,0.07355662771696116,5.0,0.0
Massachusetts,2015-06-01,2015,June,5.0,true,6797484.0,false,0.07355662771696116,5.0,0.0
Massachusetts,2015-07-01,2015,July,5.0,true,6797484.0,false,0.07355662771696116,5.0,0.0
Massachusetts,2015-08-01,2015,August,5.0,true,6797484.0,false,0.07355662771696116,5.0,0.0
Massachusetts,2015-09-01,2015,September,5.0,true,6797484.0,false,0.07355662771696116,5.0,0.0
Massachusetts,2015-10-01,2015,October,5.0,true,6797484.0,false,0.07355662771696116,5.0,0.0
Massachusetts,2015-11-01,2015,November,5.0,true,6797484.0,false,0.07355662771696116,5.0,0.0
Massachusetts,2015-12-01,2015,December,957.0,false,6797484.0,false,14.078738545026367,5.0,0.0
Massachusetts,2016-01-01,2016,January,964.0,false,6827280.0,false,14.119825171957206,84.33333333333333,274.81872813426185
Massachusetts,2016-02-01,2016,February,1014.0,false,6827280.0,false,14.85218124934088,164.25,371.9308647878234
Massachusetts,2016-03-01,2016,March,1054.0,false,6827280.0,false,15.438066111247817,248.33333333333334,440.4060798303256
Massachusetts,2016-04-01,2016,April,1122.0,false,6827280.0,false,16.43407037648961,335.75,489.1291194097377
Massachusetts,2016-05-01,2016,May,1184.0,false,6827280.0,false,17.342191912445365,428.8333333333333,525.403712021585
Massachusetts,2016-06-01,2016,June,1252.0,false,6827280.0,false,18.338196177687163,527.0833333333334,548.6632446780138
Massachusetts,2016-07-01,2016,July,1314.0,false,6827280.0,false,19.246317713642913,631.0,558.7887875493826
Massachusetts,2016-08-01,2016,August,1361.0,false,6827280.0,false,19.93473242638357,740.0833333333334,553.2151411740666
Massachusetts,2016-09-01,2016,September,1416.0,false,6827280.0,false,20.740324111505608,853.0833333333334,527.2983385890647
Massachusetts,2016-10-01,2016,October,1457.0,false,6827280.0,false,21.340856094960216,970.6666666666666,475.79585640240396
Massachusetts,2016-11-01,2016,November,1502.0,false,6827280.0,false,21.99997656460552,1091.6666666666667,383.5853190226354
Massachusetts,2016-12-01,2016,December,1552.0,false,6827280.0,false,22.732332641989196,1216.4166666666667,195.2371324282035
Massachusetts,2017-01-01,2017,January,1590.0,false,6863560.0,false,23.165820652839052,1266.0,198.88553126221765
Massachusetts,2017-02-01,2017,February,1594.0,false,6863560.0,false,23.224099446934243,1318.1666666666667,194.52171336305094
Massachusetts,2017-03-01,2017,March,1600.0,false,6863560.0,false,23.311517638077035,1366.5,183.83762598356384
Massachusetts,2017-04-01,2017,April,1571.0,false,6863560.0,false,22.888996380886887,1412.0,166.18226576426696
Massachusetts,2017-05-01,2017,May,1549.0,false,6863560.0,false,22.568463013363328,1449.4166666666667,144.0211211362185
Massachusetts,2017-06-01,2017,June,1528.0,false,6863560.0,false,22.262499344363565,1479.8333333333333,119.29019873883814
Massachusetts,2017-07-01,2017,July,1541.0,false,6863560.0,false,22.451905425172942,1502.8333333333333,95.62981023750183
Massachusetts,2017-08-01,2017,August,1582.0,false,6863560.0,false,23.049263064648667,1521.75,75.13639113457133
Massachusetts,2017-09-01,2017,September,1599.0,false,6863560.0,false,23.296947939553235,1540.1666666666667,57.06429122781892
Massachusetts,2017-10-01,2017,October,1587.0,false,6863560.0,false,23.122111557267658,1555.4166666666667,43.76893529627715
Massachusetts,2017-11-01,2017,November,1600.0,false,6863560.0,false,23.311517638077035,1566.25,31.588619930141103
Massachusetts,2017-12-01,2017,December,1645.0,false,6863560.0,false,23.96715407164795,1574.4166666666667,25.56083059303946
Massachusetts,2018-01-01,2018,January,1687.0,false,6885720.0,false,24.49997966806667,1582.1666666666667,31.54458124719053
Massachusetts,2018-02-01,2018,February,1698.0,false,6885720.0,false,24.659730572837702,1590.25,43.786932463298456
Massachusetts,2018-03-01,2018,March,1701.0,false,6885720.0,false,24.703299001411615,1598.9166666666667,53.75442194636527
Massachusetts,2018-04-01,2018,April,1723.0,false,6885720.0,false,25.022800810953683,1607.3333333333333,61.31488523609204
Massachusetts,2018-05-01,2018,May,1782.0,false,6885720.0,false,25.879646572907404,1620.0,68.41584080260418
Massachusetts,2018-06-01,2018,June,1835.0,false,6885720.0,false,26.649355477713296,1639.4166666666667,78.72097829830622
Massachusetts,2018-07-01,2018,July,1861.0,false,6885720.0,false,27.02694852535392,1665.0,88.49858755935027
Massachusetts,2018-08-01,2018,August,1858.0,false,6885720.0,false,26.983380096780003,1691.6666666666667,95.6597505682922
Massachusetts,2018-09-01,2018,September,1834.0,false,6885720.0,false,26.634832668188658,1714.6666666666667,99.97757324277855
Massachusetts,2018-10-01,2018,October,1829.0,false,6885720.0,false,26.56221862056546,1734.25,98.26228815129068
Massachusetts,2018-11-01,2018,November,1823.0,false,6885720.0,false,26.475081763417624,1754.4166666666667,89.75973822410914
Massachusetts,2018-12-01,2018,December,1813.0,false,6885720.0,false,26.32985366817123,1773.0,77.07139547199084
Massachusetts,2019-01-01,2019,January,1786.0,false,6894883.0,false,25.903267684165197,1787.0,66.19804995754637
Massachusetts,2019-02-01,2019,February,1781.0,false,6894883.0,false,25.83075013745701,1795.25,58.30035864539625
Massachusetts,2019-03-01,2019,March,1809.0,false,6894883.0,false,26.236848399022872,1802.1666666666667,50.05421303371214
Massachusetts,2019-04-01,2019,April,1807.0,false,6894883.0,false,26.207841380339595,1811.1666666666667,38.61189956320188
Massachusetts,2019-05-01,2019,May,1795.0,false,6894883.0,false,26.033799268239942,1818.1666666666667,27.06165799305975
Massachusetts,2019-06-01,2019,June,1791.0,false,6894883.0,false,25.975785230873388,1819.25,25.708594247484946
Massachusetts,2019-07-01,2019,July,1786.0,false,6894883.0,false,25.903267684165197,1815.5833333333333,26.386836709146333
Massachusetts,2019-08-01,2019,August,1779.0,false,6894883.0,false,25.801743118773736,1809.3333333333333,23.36015774126905
Massachusetts,2019-09-01,2019,September,1790.0,false,6894883.0,false,25.961281721531748,1802.75,19.150718002205597
Massachusetts,2019-10-01,2019,October,1832.0,false,6894883.0,false,26.57042911388054,1799.0833333333333,16.675830813885536
Massachusetts,2019-11-01,2019,November,1861.0,false,6894883.0,false,26.99103088478804,1799.3333333333333,17.179974247696506
Massachusetts,2019-12-01,2019,December,1876.0,false,6894883.0,false,27.2085835249126,1802.5,24.06241883103191
Massachusetts,2020-01-01,2020,January,1869.0,false,6985320.0,false,26.756111387882015,1807.75,32.09396714762327
Massachusetts,2020-02-01,2020,February,1900.0,false,6985320.0,false,27.19989921721553,1814.6666666666667,35.71944551471627
Massachusetts,2020-03-01,2020,March,1889.0,false,6985320.0,false,27.042426116484286,1824.5833333333333,41.56366055568105
Massachusetts,2020-04-01,2020,April,1920.0,false,6985320.0,false,27.4862139458178,1831.25,45.10215677165059
Massachusetts,2020-05-01,2020,May,1967.0,false,6985320.0,false,28.15905355803313,1840.6666666666667,50.99078942378323
Massachusetts,2020-06-01,2020,June,1968.0,false,6985320.0,false,28.173369294463246,1855.0,60.30980622811451
Massachusetts,2020-07-01,2020,July,1984.0,false,6985320.0,false,28.402421077345064,1869.75,64.71774380829706
Massachusetts,2020-08-01,2020,August,1977.0,false,6985320.0,false,28.302210922334268,1886.25,66.63622410998667
Massachusetts,2020-09-01,2020,September,1976.0,false,6985320.0,false,28.287895185904155,1902.75,62.01924188214788
Massachusetts,2020-10-01,2020,October,1965.0,false,6985320.0,false,28.130422085172906,1918.25,54.00357732258454
Massachusetts,2020-11-01,2020,November,1944.0,false,6985320.0,false,27.829791620140522,1929.3333333333333,48.00820636920195
Massachusetts,2020-12-01,2020,December,1942.0,false,6985320.0,false,27.8011601472803,1936.25,42.98440520594752
Massachusetts,2021-01-01,2021,January,1971.0,false,6996721.0,false,28.170338648632693,1941.75,38.57018396260371
Massachusetts,2021-02-01,2021,February,1957.0,false,6996721.0,false,27.97024491901278,1950.25,31.709261623810676
Massachusetts,2021-03-01,2021,March,2003.0,false,6996721.0,false,28.62769574490679,1955.0,27.48553338493811
Massachusetts,2021-04-01,2021,April,2013.0,false,6996721.0,false,28.77061983749245,1964.5,21.68996416443665
Massachusetts,2021-05-01,2021,May,1985.0,false,6996721.0,false,28.370432378252616,1972.25,20.946360065653444
Massachusetts,2021-06-01,2021,June,2000.0,false,6996721.0,false,28.584818517131097,1973.75,21.1794282693887
Massachusetts,2021-07-01,2021,July,2003.0,false,6996721.0,false,28.62769574490679,1976.4166666666667,22.370672088629107
Massachusetts,2021-08-01,2021,August,2053.0,false,6996721.0,false,29.34231620783507,1978.0,23.59506882226184
Massachusetts,2021-09-01,2021,September,2087.0,false,6996721.0,false,29.828258122626302,1984.3333333333333,32.003787654626564
Massachusetts,2021-10-01,2021,October,2114.0,false,6996721.0,false,30.214153172607567,1993.5833333333333,43.39136557035987
Massachusetts,2021-11-01,2021,November,2125.0,false,6996721.0,false,30.37136967445179,2006.0,54.39251285375083
Massachusetts,2021-12-01,2021,December,2150.0,false,6996721.0,false,30.728679905915925,2021.0833333333333,60.4008704532902
Massachusetts,2022-01-01,2022,January,2146.0,false,7025465.0,false,30.5460207971999,2038.4166666666667,65.29020298682343
Massachusetts,2022-02-01,2022,February,2173.0,false,7025465.0,false,30.930336995487128,2053.0,68.33606794232591
Massachusetts,2022-03-01,2022,March,2162.0,false,7025465.0,false,30.773763729518258,2071.0,69.19274791216456
Massachusetts,2022-04-01,2022,April,2166.0,false,7025465.0,false,30.83069946259785,2084.25,70.20376187796627
Massachusetts,2022-05-01,2022,May,2178.0,false,7025465.0,false,31.00150666183662,2097.0,69.98051676911749
Massachusetts,2022-06-01,2022,June,2187.0,false,7025465.0,false,31.129612061265693,2113.0833333333335,63.80575399150297
Massachusetts,2022-07-01,2022,July,2206.0,false,7025465.0,false,31.400056793393745,2128.6666666666665,56.03948824199084
Massachusetts,2022-08-01,2022,August,2190.0,false,7025465.0,false,31.172313861075388,2145.5833333333335,44.00301298223976
Massachusetts,2022-09-01,2022,September,2191.0,false,7025465.0,false,31.186547794345287,2157.0,34.556935891103194
Massachusetts,2022-10-01,2022,October,2215.0,false,7025465.0,false,31.528162192822826,2165.6666666666665,27.782706633422045
Massachusetts,2022-11-01,2022,November,2224.0,false,7025465.0,false,31.6562675922519,2174.0833333333335,25.945601600738602
Massachusetts,2022-12-01,2022,December,2230.0,false,7025465.0,false,31.741671191871283,2182.3333333333335,24.625682577834066
Massachusetts,2023-01-01,2023,January,2254.0,false,7073479.0,false,31.86550776499089,2189.0,25.873819692008198
Massachusetts,2023-02-01,2023,February,2226.0,false,7073479.0,false,31.46966294803448,2198.0,28.232798463682393
Massachusetts,2023-03-01,2023,March,2205.0,false,7073479.0,false,31.172779335317177,2202.4166666666665,28.111655083170554
Massachusetts,2023-04-01,2023,April,2174.0,false,7073479.0,false,30.734522573686863,2206.0,25.067182457620465
Massachusetts,2023-05-01,2023,May,2205.0,false,7073479.0,false,31.172779335317177,2206.6666666666665,23.989896863370454
Massachusetts,2023-06-01,2023,June,2195.0,false,7073479.0,false,31.031406186404173,2208.9166666666665,22.260680106139468
Massachusetts,2023-07-01,2023,July,2163.0,false,7073479.0,false,30.579012109882562,2209.5833333333335,21.656232919010243
Massachusetts,2023-08-01,2023,August,2154.0,false,7073479.0,false,30.45177627586086,2206.0,25.516483086250595
Massachusetts,2023-09-01,2023,September,2134.0,false,7073479.0,false,30.169029978034853,2203.0,29.390783960591843
Massachusetts,2023-10-01,2023,October,2067.0,false,7073479.0,false,29.22182988031773,2198.25,35.48142920151099
Massachusetts,2023-11-01,2023,November,2041.0,false,7073479.0,false,28.854259693143927,2185.9166666666665,51.318007354026086
Massachusetts,2023-12-01,2023,December,2008.0,false,7073479.0,false,28.387728301731013,2170.6666666666665,64.47597626365587
Massachusetts,2024-01-01,2024,January,1950.0,false,7138560.0,false,27.316433566433567,2152.1666666666665,76.61098109437326
Massachusetts,2024-02-01,2024,February,1908.0,false,7138560.0,false,26.728079612694994,2126.8333333333335,89.11772941996279
Massachusetts,2024-03-01,2024,March,1869.0,false,7138560.0,false,26.181750941366325,2100.3333333333335,103.12775248851938
Massachusetts,2024-04-01,2024,April,1829.0,false,7138560.0,false,25.62141384256769,2072.3333333333335,116.82958321911214
Massachusetts,2024-05-01,2024,May,1735.0,false,7138560.0,false,24.30462166039089,2043.5833333333333,131.11303820703253
Massachusetts,2024-06-01,2024,June,1668.0,false,7138560.0,false,23.366057019903174,2004.4166666666667,147.66575175857193
Massachusetts,2024-07-01,2024,July,1614.0,false,7138560.0,false,22.609601936525014,1960.5,163.36434461322676
Massachusetts,2024-08-01,2024,August,1549.0,false,7138560.0,false,21.699054150977226,1914.75,177.73991468639585
Massachusetts,2024-09-01,2024,September,1449.0,false,7138560.0,false,20.298211403980634,1864.3333333333333,189.14560689072482
Massachusetts,2024-10-01,2024,October,1401.0,false,7138560.0,false,19.625806885422268,1807.25,203.20528133795233
Massachusetts,2024-11-01,2024,November,1345.0,false,7138560.0,false,18.841334947104176,1751.75,216.33775150738884
Massachusetts,2024-12-01,2024,December,1257.0,false,7138560.0,false,17.608593329747176,1693.75,224.8705182988645
Massachusetts,2025-01-01,2025,January,1206.0,false,7154084.0,false,16.85750404943526,1631.1666666666667,233.78927315517333
Massachusetts,2025-02-01,2025,February,1168.0,false,7154084.0,false,16.32633891354924,1569.1666666666667,240.11657522330628
Massachusetts,2025-03-01,2025,March,1128.0,false,7154084.0,false,15.767217717879745,1507.5,240.2099460509873
Massachusetts,2025-04-01,2025,April,1079.0,false,7154084.0,false,15.082294253184614,1445.75,233.99499800403666
Massachusetts,2025-05-01,2025,May,1020.0,false,7154084.0,false,14.257590489572111,1383.25,222.18752317478456
Massachusetts,2025-06-01,2025,June,978.0,false,7154084.0,false,13.67051323411914,1323.6666666666667,215.03924941247087
Massachusetts,2025-07-01,2025,July,954.0,false,7154084.0,false,13.335040516717443,1266.1666666666667,206.68501873550716
Massachusetts,2025-08-01,2025,August,916.0,false,7154084.0,false,12.803875380831425,1211.1666666666667,193.07691982652153
Massachusetts,2025-09-01,2025,September,915.0,false,7154084.0,false,12.789897350939686,1158.4166666666667,178.29161930711015
Massachusetts,2025-10-01,2025,October,883.0,false,7154084.0,false,12.34260039440409,1113.9166666666667,165.34177183988194
Massachusetts,2025-11-01,2025,November,863.0,false,7154084.0,false,12.063039796569344,1070.75,150.5330679467289
Massachusetts,2025-12-01,2025,December,879.0,false,7154084.0,false,12.286688274837143,1030.5833333333333,134.11288212366154
Massachusetts,2026-01-01,2026,January,859.0,false,7169642.0,true,11.98107241616806,999.0833333333334,119.71743879450119
Massachusetts,2026-02-01,2026,February,854.0,false,7169642.0,true,11.911333927133322,970.1666666666666,106.35688919288623
Massachusetts,2026-03-01,2026,March,816.0,false,7169642.0,true,11.38132141046931,944.0,90.73938705786126
Massachusetts,2026-04-01,2026,April,824.0,false,7169642.0,true,11.492902992924892,918.0,76.8623326592303
Minnesota,2015-01-01,2015,January,5.0,true,5484002.0,false,0.09117429205897445,,
Minnesota,2015-02-01,2015,February,5.0,true,5484002.0,false,0.09117429205897445,5.0,
Minnesota,2015-03-01,2015,March,5.0,true,5484002.0,false,0.09117429205897445,5.0,0.0
Minnesota,2015-04-01,2015,April,5.0,true,5484002.0,false,0.09117429205897445,5.0,0.0
Minnesota,2015-05-01,2015,May,5.0,true,5484002.0,false,0.09117429205897445,5.0,0.0
Minnesota,2015-06-01,2015,June,5.0,true,5484002.0,false,0.09117429205897445,5.0,0.0
Minnesota,2015-07-01,2015,July,5.0,true,5484002.0,false,0.09117429205897445,5.0,0.0
Minnesota,2015-08-01,2015,August,5.0,true,5484002.0,false,0.09117429205897445,5.0,0.0
Minnesota,2015-09-01,2015,September,5.0,true,5484002.0,false,0.09117429205897445,5.0,0.0
Minnesota,2015-10-01,2015,October,5.0,true,5484002.0,false,0.09117429205897445,5.0,0.0
Minnesota,2015-11-01,2015,November,5.0,true,5484002.0,false,0.09117429205897445,5.0,0.0
Minnesota,2015-12-01,2015,December,5.0,true,5484002.0,false,0.09117429205897445,5.0,0.0
Minnesota,2016-01-01,2016,January,5.0,true,5525360.0,false,0.0904918412555924,5.0,0.0
Minnesota,2016-02-01,2016,February,5.0,true,5525360.0,false,0.0904918412555924,5.0,0.0
Minnesota,2016-03-01,2016,March,5.0,true,5525360.0,false,0.0904918412555924,5.0,0.0
Minnesota,2016-04-01,2016,April,5.0,true,5525360.0,false,0.0904918412555924,5.0,0.0
Minnesota,2016-05-01,2016,May,5.0,true,5525360.0,false,0.0904918412555924,5.0,0.0
Minnesota,2016-06-01,2016,June,5.0,true,5525360.0,false,0.0904918412555924,5.0,0.0
Minnesota,2016-07-01,2016,July,5.0,true,5525360.0,false,0.0904918412555924,5.0,0.0
Minnesota,2016-08-01,2016,August,5.0,true,5525360.0,false,0.0904918412555924,5.0,0.0
Minnesota,2016-09-01,2016,September,5.0,true,5525360.0,false,0.0904918412555924,5.0,0.0
Minnesota,2016-10-01,2016,October,5.0,true,5525360.0,false,0.0904918412555924,5.0,0.0
Minnesota,2016-11-01,2016,November,5.0,true,5525360.0,false,0.0904918412555924,5.0,0.0
Minnesota,2016-12-01,2016,December,5.0,true,5525360.0,false,0.0904918412555924,5.0,0.0
Minnesota,2017-01-01,2017,January,5.0,true,5569283.0,false,0.08977816354457117,5.0,0.0
Minnesota,2017-02-01,2017,February,5.0,true,5569283.0,false,0.08977816354457117,5.0,0.0
Minnesota,2017-03-01,2017,March,5.0,true,5569283.0,false,0.08977816354457117,5.0,0.0
Minnesota,2017-04-01,2017,April,5.0,true,5569283.0,false,0.08977816354457117,5.0,0.0
Minnesota,2017-05-01,2017,May,5.0,true,5569283.0,false,0.08977816354457117,5.0,0.0
Minnesota,2017-06-01,2017,June,5.0,true,5569283.0,false,0.08977816354457117,5.0,0.0
Minnesota,2017-07-01,2017,July,5.0,true,5569283.0,false,0.08977816354457117,5.0,0.0
Minnesota,2017-08-01,2017,August,5.0,true,5569283.0,false,0.08977816354457117,5.0,0.0
Minnesota,2017-09-01,2017,September,5.0,true,5569283.0,false,0.08977816354457117,5.0,0.0
Minnesota,2017-10-01,2017,October,5.0,true,5569283.0,false,0.08977816354457117,5.0,0.0
Minnesota,2017-11-01,2017,November,5.0,true,5569283.0,false,0.08977816354457117,5.0,0.0
Minnesota,2017-12-01,2017,December,5.0,true,5569283.0,false,0.08977816354457117,5.0,0.0
Minnesota,2018-01-01,2018,January,5.0,true,5608762.0,false,0.08914623227015159,5.0,0.0
Minnesota,2018-02-01,2018,February,5.0,true,5608762.0,false,0.08914623227015159,5.0,0.0
Minnesota,2018-03-01,2018,March,5.0,true,5608762.0,false,0.08914623227015159,5.0,0.0
Minnesota,2018-04-01,2018,April,5.0,true,5608762.0,false,0.08914623227015159,5.0,0.0
Minnesota,2018-05-01,2018,May,5.0,true,5608762.0,false,0.08914623227015159,5.0,0.0
Minnesota,2018-06-01,2018,June,5.0,true,5608762.0,false,0.08914623227015159,5.0,0.0
Minnesota,2018-07-01,2018,July,5.0,true,5608762.0,false,0.08914623227015159,5.0,0.0
Minnesota,2018-08-01,2018,August,5.0,true,5608762.0,false,0.08914623227015159,5.0,0.0
Minnesota,2018-09-01,2018,September,5.0,true,5608762.0,false,0.08914623227015159,5.0,0.0
Minnesota,2018-10-01,2018,October,5.0,true,5608762.0,false,0.08914623227015159,5.0,0.0
Minnesota,2018-11-01,2018,November,5.0,true,5608762.0,false,0.08914623227015159,5.0,0.0
Minnesota,2018-12-01,2018,December,5.0,true,5608762.0,false,0.08914623227015159,5.0,0.0
Minnesota,2019-01-01,2019,January,5.0,true,5640053.0,false,0.08865164919549515,5.0,0.0
Minnesota,2019-02-01,2019,February,5.0,true,5640053.0,false,0.08865164919549515,5.0,0.0
Minnesota,2019-03-01,2019,March,5.0,true,5640053.0,false,0.08865164919549515,5.0,0.0
Minnesota,2019-04-01,2019,April,5.0,true,5640053.0,false,0.08865164919549515,5.0,0.0
Minnesota,2019-05-01,2019,May,5.0,true,5640053.0,false,0.08865164919549515,5.0,0.0
Minnesota,2019-06-01,2019,June,5.0,true,5640053.0,false,0.08865164919549515,5.0,0.0
Minnesota,2019-07-01,2019,July,5.0,true,5640053.0,false,0.08865164919549515,5.0,0.0
Minnesota,2019-08-01,2019,August,5.0,true,5640053.0,false,0.08865164919549515,5.0,0.0
Minnesota,2019-09-01,2019,September,5.0,true,5640053.0,false,0.08865164919549515,5.0,0.0
Minnesota,2019-10-01,2019,October,5.0,true,5640053.0,false,0.08865164919549515,5.0,0.0
Minnesota,2019-11-01,2019,November,5.0,true,5640053.0,false,0.08865164919549515,5.0,0.0
Minnesota,2019-12-01,2019,December,5.0,true,5640053.0,false,0.08865164919549515,5.0,0.0
Minnesota,2020-01-01,2020,January,5.0,true,5710562.0,false,0.08755705655590466,5.0,0.0
Minnesota,2020-02-01,2020,February,5.0,true,5710562.0,false,0.08755705655590466,5.0,0.0
Minnesota,2020-03-01,2020,March,5.0,true,5710562.0,false,0.08755705655590466,5.0,0.0
Minnesota,2020-04-01,2020,April,5.0,true,5710562.0,false,0.08755705655590466,5.0,0.0
Minnesota,2020-05-01,2020,May,5.0,true,5710562.0,false,0.08755705655590466,5.0,0.0
Minnesota,2020-06-01,2020,June,5.0,true,5710562.0,false,0.08755705655590466,5.0,0.0
Minnesota,2020-07-01,2020,July,5.0,true,5710562.0,false,0.08755705655590466,5.0,0.0
Minnesota,2020-08-01,2020,August,5.0,true,5710562.0,false,0.08755705655590466,5.0,0.0
Minnesota,2020-09-01,2020,September,5.0,true,5710562.0,false,0.08755705655590466,5.0,0.0
Minnesota,2020-10-01,2020,October,5.0,true,5710562.0,false,0.08755705655590466,5.0,0.0
Minnesota,2020-11-01,2020,November,5.0,true,5710562.0,false,0.08755705655590466,5.0,0.0
Minnesota,2020-12-01,2020,December,5.0,true,5710562.0,false,0.08755705655590466,5.0,0.0
Minnesota,2021-01-01,2021,January,5.0,true,5714055.0,false,0.08750353295514307,5.0,0.0
Minnesota,2021-02-01,2021,February,660.0,false,5714055.0,false,11.550466350078883,5.0,0.0
Minnesota,2021-03-01,2021,March,5.0,true,5714055.0,false,0.08750353295514307,59.583333333333336,189.08221315960242
Minnesota,2021-04-01,2021,April,5.0,true,5714055.0,false,0.08750353295514307,59.583333333333336,189.08221315960245
Minnesota,2021-05-01,2021,May,712.0,false,5714055.0,false,12.460503092812372,59.583333333333336,189.08221315960245
Minnesota,2021-06-01,2021,June,715.0,false,5714055.0,false,12.51300521258546,118.5,265.31062412336087
Minnesota,2021-07-01,2021,July,753.0,false,5714055.0,false,13.178032063044544,177.66666666666666,312.6439547220487
Minnesota,2021-08-01,2021,August,773.0,false,5714055.0,false,13.528046194865118,240.0,347.6908239958442
Minnesota,2021-09-01,2021,September,794.0,false,5714055.0,false,13.895561033276719,304.0,370.44076940364386
Minnesota,2021-10-01,2021,October,811.0,false,5714055.0,false,14.193073045324205,369.75,382.3744297746053
Minnesota,2021-11-01,2021,November,833.0,false,5714055.0,false,14.578088590326834,436.9166666666667,383.2676392983542
Minnesota,2021-12-01,2021,December,868.0,false,5714055.0,false,15.190613321012837,505.9166666666667,372.83105077801986
Minnesota,2022-01-01,2022,January,887.0,false,5727565.0,false,15.486511283590847,577.8333333333334,349.9552785281242
Minnesota,2022-02-01,2022,February,879.0,false,5727565.0,false,15.346835871788448,651.3333333333334,308.9240369509317
Minnesota,2022-03-01,2022,March,881.0,false,5727565.0,false,15.381754724739046,669.5833333333334,315.8732364654396
Minnesota,2022-04-01,2022,April,880.0,false,5727565.0,false,15.364295298263746,742.5833333333334,240.56995139699288
Minnesota,2022-05-01,2022,May,888.0,false,5727565.0,false,15.503970710066145,815.5,65.8269080101885
Minnesota,2022-06-01,2022,June,910.0,false,5727565.0,false,15.88807809252274,830.1666666666666,60.02095593636569
Minnesota,2022-07-01,2022,July,914.0,false,5727565.0,false,15.957915798423938,846.4166666666666,51.84672924431533
Minnesota,2022-08-01,2022,August,926.0,false,5727565.0,false,16.167428916127534,859.8333333333334,45.97397155571904
Minnesota,2022-09-01,2022,September,923.0,false,5727565.0,false,16.115050636701636,872.5833333333334,40.605548956523236
Minnesota,2022-10-01,2022,October,941.0,false,5727565.0,false,16.42932031325703,883.3333333333334,34.53149638263944
Minnesota,2022-11-01,2022,November,946.0,false,5727565.0,false,16.51661744563353,894.1666666666666,29.850638285648216
Minnesota,2022-12-01,2022,December,958.0,false,5727565.0,false,16.726130563337126,903.5833333333334,26.428147299744065
Minnesota,2023-01-01,2023,January,957.0,false,5752998.0,false,16.634805018183563,911.0833333333334,28.12781972397156
Minnesota,2023-02-01,2023,February,971.0,false,5752998.0,false,16.878156397759916,916.9166666666666,29.882978838168473
Minnesota,2023-03-01,2023,March,975.0,false,5752998.0,false,16.94768536335316,924.5833333333334,31.04969135649066
Minnesota,2023-04-01,2023,April,992.0,false,5752998.0,false,17.243183467124446,932.4166666666666,30.91177573009806
Minnesota,2023-05-01,2023,May,999.0,false,5752998.0,false,17.364859156912622,941.75,30.552860303534164
Minnesota,2023-06-01,2023,June,1016.0,false,5752998.0,false,17.66035726068391,951.0,29.588081138433868
Minnesota,2023-07-01,2023,July,1014.0,false,5752998.0,false,17.625592777887285,959.8333333333334,31.962572809554388
Minnesota,2023-08-01,2023,August,1003.0,false,5752998.0,false,17.434388122505865,968.1666666666666,31.962572809554356
Minnesota,2023-09-01,2023,September,1000.0,false,5752998.0,false,17.382241398310935,974.5833333333334,30.419665688597906
Minnesota,2023-10-01,2023,October,977.0,false,5752998.0,false,16.98244984614978,981.0,26.405922200762564
Minnesota,2023-11-01,2023,November,971.0,false,5752998.0,false,16.878156397759916,984.0,23.312111561472623
Minnesota,2023-12-01,2023,December,944.0,false,5752998.0,false,16.408835880005523,986.0833333333334,20.562358961476296
Minnesota,2024-01-01,2024,January,933.0,false,5797405.0,false,16.093407308959787,984.9166666666666,22.59709689050317
Minnesota,2024-02-01,2024,February,913.0,false,5797405.0,false,15.748425373076401,982.9166666666666,26.08537846566479
Minnesota,2024-03-01,2024,March,878.0,false,5797405.0,false,15.144706985280482,978.0833333333334,32.961295024573445
Minnesota,2024-04-01,2024,April,852.0,false,5797405.0,false,14.696230468632088,970.0,43.873785919488306
Minnesota,2024-05-01,2024,May,819.0,false,5797405.0,false,14.127010274424507,958.3333333333334,54.756209001741745
Minnesota,2024-06-01,2024,June,782.0,false,5797405.0,false,13.488793693040247,943.3333333333334,66.08580281220267
Minnesota,2024-07-01,2024,July,765.0,false,5797405.0,false,13.195559047539374,923.8333333333334,76.41136675715839
Minnesota,2024-08-01,2024,August,726.0,false,5797405.0,false,12.522844272566777,903.0833333333334,83.20670682466684
Minnesota,2024-09-01,2024,September,700.0,false,5797405.0,false,12.07436775591838,880.0,91.02347349597652
Minnesota,2024-10-01,2024,October,673.0,false,5797405.0,false,11.608642142475814,855.0,96.12397298186433
Minnesota,2024-11-01,2024,November,634.0,false,5797405.0,false,10.935927367503218,829.6666666666666,100.9845472727327
Minnesota,2024-12-01,2024,December,610.0,false,5797405.0,false,10.52194904444316,801.5833333333334,104.8908162487705
Minnesota,2025-01-01,2025,January,589.0,false,5830405.0,false,10.102214168655523,773.75,107.93442874769339
Minnesota,2025-02-01,2025,February,598.0,false,5830405.0,false,10.256577373269952,745.0833333333334,107.47469751555762
Minnesota,2025-03-01,2025,March,610.0,false,5830405.0,false,10.462394979422527,718.8333333333334,101.00750047157469
Minnesota,2025-04-01,2025,April,606.0,false,5830405.0,false,10.393789110705002,696.5,91.8264172724326
Minnesota,2025-05-01,2025,May,602.0,false,5830405.0,false,10.325183241987478,676.0,80.74651695274541
Minnesota,2025-06-01,2025,June,607.0,false,5830405.0,false,10.410940577884384,657.9166666666666,69.29706583494954
Minnesota,2025-07-01,2025,July,587.0,false,5830405.0,false,10.06791123429676,643.3333333333334,58.36146507808568
Minnesota,2025-08-01,2025,August,577.0,false,5830405.0,false,9.896396562502947,628.5,45.92187040853395
Minnesota,2025-09-01,2025,September,571.0,false,5830405.0,false,9.793487759426661,616.0833333333334,36.29790460602208
Minnesota,2025-10-01,2025,October,581.0,false,5830405.0,false,9.965002431220473,605.3333333333334,27.130436894023777
Minnesota,2025-11-01,2025,November,578.0,false,5830405.0,false,9.913548029682328,597.6666666666666,17.59304270202149
Minnesota,2025-12-01,2025,December,576.0,false,5830405.0,false,9.879245095323567,593.0,14.174240399721288
Minnesota,2026-01-01,2026,January,563.0,false,5863593.0,true,9.601621394936519,590.1666666666666,13.861872714446443
Minnesota,2026-02-01,2026,February,559.0,false,5863593.0,true,9.533403836180307,588.0,15.93737745050929
Minnesota,2026-03-01,2026,March,547.0,false,5863593.0,true,9.328751159911679,584.75,17.602298403643452
Minnesota,2026-04-01,2026,April,529.0,false,5863593.0,true,9.021772145508736,579.5,18.74469621956128
Mississippi,2015-01-01,2015,January,5.0,true,2990231.0,false,0.16721116194702015,,
Mississippi,2015-02-01,2015,February,5.0,true,2990231.0,false,0.16721116194702015,5.0,
Mississippi,2015-03-01,2015,March,5.0,true,2990231.0,false,0.16721116194702015,5.0,0.0
Mississippi,2015-04-01,2015,April,5.0,true,2990231.0,false,0.16721116194702015,5.0,0.0
Mississippi,2015-05-01,2015,May,5.0,true,2990231.0,false,0.16721116194702015,5.0,0.0
Mississippi,2015-06-01,2015,June,5.0,true,2990231.0,false,0.16721116194702015,5.0,0.0
Mississippi,2015-07-01,2015,July,5.0,true,2990231.0,false,0.16721116194702015,5.0,0.0
Mississippi,2015-08-01,2015,August,5.0,true,2990231.0,false,0.16721116194702015,5.0,0.0
Mississippi,2015-09-01,2015,September,5.0,true,2990231.0,false,0.16721116194702015,5.0,0.0
Mississippi,2015-10-01,2015,October,5.0,true,2990231.0,false,0.16721116194702015,5.0,0.0
Mississippi,2015-11-01,2015,November,5.0,true,2990231.0,false,0.16721116194702015,5.0,0.0
Mississippi,2015-12-01,2015,December,5.0,true,2990231.0,false,0.16721116194702015,5.0,0.0
Mississippi,2016-01-01,2016,January,5.0,true,2990595.0,false,0.16719080985556387,5.0,0.0
Mississippi,2016-02-01,2016,February,5.0,true,2990595.0,false,0.16719080985556387,5.0,0.0
Mississippi,2016-03-01,2016,March,5.0,true,2990595.0,false,0.16719080985556387,5.0,0.0
Mississippi,2016-04-01,2016,April,5.0,true,2990595.0,false,0.16719080985556387,5.0,0.0
Mississippi,2016-05-01,2016,May,5.0,true,2990595.0,false,0.16719080985556387,5.0,0.0
Mississippi,2016-06-01,2016,June,5.0,true,2990595.0,false,0.16719080985556387,5.0,0.0
Mississippi,2016-07-01,2016,July,5.0,true,2990595.0,false,0.16719080985556387,5.0,0.0
Mississippi,2016-08-01,2016,August,5.0,true,2990595.0,false,0.16719080985556387,5.0,0.0
Mississippi,2016-09-01,2016,September,5.0,true,2990595.0,false,0.16719080985556387,5.0,0.0
Mississippi,2016-10-01,2016,October,5.0,true,2990595.0,false,0.16719080985556387,5.0,0.0
Mississippi,2016-11-01,2016,November,5.0,true,2990595.0,false,0.16719080985556387,5.0,0.0
Mississippi,2016-12-01,2016,December,5.0,true,2990595.0,false,0.16719080985556387,5.0,0.0
Mississippi,2017-01-01,2017,January,5.0,true,2990674.0,false,0.16718639343505845,5.0,0.0
Mississippi,2017-02-01,2017,February,5.0,true,2990674.0,false,0.16718639343505845,5.0,0.0
Mississippi,2017-03-01,2017,March,5.0,true,2990674.0,false,0.16718639343505845,5.0,0.0
Mississippi,2017-04-01,2017,April,5.0,true,2990674.0,false,0.16718639343505845,5.0,0.0
Mississippi,2017-05-01,2017,May,5.0,true,2990674.0,false,0.16718639343505845,5.0,0.0
Mississippi,2017-06-01,2017,June,5.0,true,2990674.0,false,0.16718639343505845,5.0,0.0
Mississippi,2017-07-01,2017,July,5.0,true,2990674.0,false,0.16718639343505845,5.0,0.0
Mississippi,2017-08-01,2017,August,5.0,true,2990674.0,false,0.16718639343505845,5.0,0.0
Mississippi,2017-09-01,2017,September,5.0,true,2990674.0,false,0.16718639343505845,5.0,0.0
Mississippi,2017-10-01,2017,October,5.0,true,2990674.0,false,0.16718639343505845,5.0,0.0
Mississippi,2017-11-01,2017,November,5.0,true,2990674.0,false,0.16718639343505845,5.0,0.0
Mississippi,2017-12-01,2017,December,5.0,true,2990674.0,false,0.16718639343505845,5.0,0.0
Mississippi,2018-01-01,2018,January,5.0,true,2982879.0,false,0.16762329279866867,5.0,0.0
Mississippi,2018-02-01,2018,February,5.0,true,2982879.0,false,0.16762329279866867,5.0,0.0
Mississippi,2018-03-01,2018,March,5.0,true,2982879.0,false,0.16762329279866867,5.0,0.0
Mississippi,2018-04-01,2018,April,5.0,true,2982879.0,false,0.16762329279866867,5.0,0.0
Mississippi,2018-05-01,2018,May,5.0,true,2982879.0,false,0.16762329279866867,5.0,0.0
Mississippi,2018-06-01,2018,June,5.0,true,2982879.0,false,0.16762329279866867,5.0,0.0
Mississippi,2018-07-01,2018,July,5.0,true,2982879.0,false,0.16762329279866867,5.0,0.0
Mississippi,2018-08-01,2018,August,5.0,true,2982879.0,false,0.16762329279866867,5.0,0.0
Mississippi,2018-09-01,2018,September,5.0,true,2982879.0,false,0.16762329279866867,5.0,0.0
Mississippi,2018-10-01,2018,October,5.0,true,2982879.0,false,0.16762329279866867,5.0,0.0
Mississippi,2018-11-01,2018,November,5.0,true,2982879.0,false,0.16762329279866867,5.0,0.0
Mississippi,2018-12-01,2018,December,5.0,true,2982879.0,false,0.16762329279866867,5.0,0.0
Mississippi,2019-01-01,2019,January,5.0,true,2978227.0,false,0.16788512091254293,5.0,0.0
Mississippi,2019-02-01,2019,February,61.0,false,2978227.0,false,2.0481984751330238,5.0,0.0
Mississippi,2019-03-01,2019,March,67.0,false,2978227.0,false,2.249660620228075,9.666666666666666,16.165807537309522
Mississippi,2019-04-01,2019,April,74.0,false,2978227.0,false,2.4846997895056355,14.833333333333334,23.001317485322577
Mississippi,2019-05-01,2019,May,80.0,false,2978227.0,false,2.686161934600687,20.583333333333332,28.327494942140046
Mississippi,2019-06-01,2019,June,95.0,false,2978227.0,false,3.189817297338316,26.833333333333332,32.53762390982122
Mississippi,2019-07-01,2019,July,102.0,false,2978227.0,false,3.4248564666158754,34.333333333333336,37.10019194592182
Mississippi,2019-08-01,2019,August,105.0,false,2978227.0,false,3.5255875391634017,42.416666666666664,40.53608568207151
Mississippi,2019-09-01,2019,September,114.0,false,2978227.0,false,3.8277807568059785,50.75,42.381653406333086
Mississippi,2019-10-01,2019,October,122.0,false,2978227.0,false,4.0963969502660476,59.833333333333336,43.354423772044996
Mississippi,2019-11-01,2019,November,126.0,false,2978227.0,false,4.230705046996082,69.58333333333333,43.056956640611695
Mississippi,2019-12-01,2019,December,130.0,false,2978227.0,false,4.365013143726117,79.66666666666667,40.658965987239704
Mississippi,2020-01-01,2020,January,132.0,false,2958385.0,false,4.461893904951519,90.08333333333333,35.47203337158939
Mississippi,2020-02-01,2020,February,143.0,false,2958385.0,false,4.833718397030813,100.66666666666667,25.25266262588897
Mississippi,2020-03-01,2020,March,150.0,false,2958385.0,false,5.070333982899453,107.5,24.62998911157624
Mississippi,2020-04-01,2020,April,168.0,false,2958385.0,false,5.678774060847387,114.41666666666667,23.864992746445132
Mississippi,2020-05-01,2020,May,190.0,false,2958385.0,false,6.422423045005975,122.25,24.801484559671756
Mississippi,2020-06-01,2020,June,203.0,false,2958385.0,false,6.861851990190593,131.41666666666666,27.900662531505773
Mississippi,2020-07-01,2020,July,211.0,false,2958385.0,false,7.132269802611898,140.41666666666666,32.17694921222429
Mississippi,2020-08-01,2020,August,236.0,false,2958385.0,false,7.977325466428473,149.5,35.554056155253356
Mississippi,2020-09-01,2020,September,238.0,false,2958385.0,false,8.0449299195338,160.41666666666666,40.426045459767046
Mississippi,2020-10-01,2020,October,249.0,false,2958385.0,false,8.416754411613093,170.75,43.23324688666856
Mississippi,2020-11-01,2020,November,267.0,false,2958385.0,false,9.025194489561027,181.33333333333334,45.68933301674639
Mississippi,2020-12-01,2020,December,280.0,false,2958385.0,false,9.464623434745647,193.08333333333334,48.22571613744785
Mississippi,2021-01-01,2021,January,308.0,false,2947603.0,false,10.449168358154065,205.58333333333334,49.80226050607697
Mississippi,2021-02-01,2021,February,336.0,false,2947603.0,false,11.39909275434989,220.25,52.02818292216074
Mississippi,2021-03-01,2021,March,365.0,false,2947603.0,false,12.382943021838422,236.33333333333334,55.67982061970408
Mississippi,2021-04-01,2021,April,380.0,false,2947603.0,false,12.891831091229044,254.25,59.812016123244604
Mississippi,2021-05-01,2021,May,388.0,false,2947603.0,false,13.163238061570707,271.9166666666667,63.231836534416374
Mississippi,2021-06-01,2021,June,400.0,false,2947603.0,false,13.570348517083202,288.4166666666667,65.6982888020316
Mississippi,2021-07-01,2021,July,410.0,false,2947603.0,false,13.909607230010282,304.8333333333333,67.01401933833537
Mississippi,2021-08-01,2021,August,412.0,false,2947603.0,false,13.977458972595699,321.4166666666667,66.30159511770071
Mississippi,2021-09-01,2021,September,426.0,false,2947603.0,false,14.452421170693611,336.0833333333333,65.14523401716751
Mississippi,2021-10-01,2021,October,437.0,false,2947603.0,false,14.825605754913399,351.75,61.94003698592845
Mississippi,2021-11-01,2021,November,440.0,false,2947603.0,false,14.927383368791522,367.4166666666667,57.181462878888475
Mississippi,2021-12-01,2021,December,453.0,false,2947603.0,false,15.368419695596728,381.8333333333333,51.041575448279616
Mississippi,2022-01-01,2022,January,463.0,false,2941237.0,false,15.741676036307172,396.25,43.545430821781366
Mississippi,2022-02-01,2022,February,452.0,false,2941237.0,false,15.367683733068775,409.1666666666667,37.566506681383395
Mississippi,2022-03-01,2022,March,450.0,false,2941237.0,false,15.299685132479974,418.8333333333333,31.455114725974887
Mississippi,2022-04-01,2022,April,436.0,false,2941237.0,false,14.823694928358375,425.9166666666667,27.559714780597375
Mississippi,2022-05-01,2022,May,446.0,false,2941237.0,false,15.163687931302373,430.5833333333333,23.523521432941557
Mississippi,2022-06-01,2022,June,436.0,false,2941237.0,false,14.823694928358375,435.4166666666667,19.611955228349593
Mississippi,2022-07-01,2022,July,433.0,false,2941237.0,false,14.721697027475175,438.4166666666667,16.149631762384118
Mississippi,2022-08-01,2022,August,425.0,false,2941237.0,false,14.449702625119976,440.3333333333333,13.64040344200295
Mississippi,2022-09-01,2022,September,433.0,false,2941237.0,false,14.721697027475175,441.4166666666667,11.540114489217265
Mississippi,2022-10-01,2022,October,441.0,false,2941237.0,false,14.993691429830374,442.0,10.84602985595945
Mississippi,2022-11-01,2022,November,439.0,false,2941237.0,false,14.925692829241573,442.3333333333333,10.739335795724683
Mississippi,2022-12-01,2022,December,435.0,false,2941237.0,false,14.789695628063976,442.25,10.762941470198056
Mississippi,2023-01-01,2023,January,427.0,false,2942470.0,false,14.511617790495741,440.75,10.375889885166027
Mississippi,2023-02-01,2023,February,421.0,false,2942470.0,false,14.307707470254583,437.75,8.367958369442764
Mississippi,2023-03-01,2023,March,412.0,false,2942470.0,false,14.001841989892846,435.1666666666667,8.35391398015796
Mississippi,2023-04-01,2023,April,413.0,false,2942470.0,false,14.035827043266371,432.0,9.36142957225891
Mississippi,2023-05-01,2023,May,396.0,false,2942470.0,false,13.458081135916423,430.0833333333333,10.723452067427935
Mississippi,2023-06-01,2023,June,391.0,false,2942470.0,false,13.288155869048792,425.9166666666667,13.365208112064236
Mississippi,2023-07-01,2023,July,383.0,false,2942470.0,false,13.01627544206058,422.1666666666667,16.275097169565157
Mississippi,2023-08-01,2023,August,391.0,false,2942470.0,false,13.288155869048792,418.0,19.357873662344065
Mississippi,2023-09-01,2023,September,390.0,false,2942470.0,false,13.254170815675266,415.1666666666667,20.683033597320247
Mississippi,2023-10-01,2023,October,373.0,false,2942470.0,false,12.676424908325318,411.5833333333333,21.034423445794044
Mississippi,2023-11-01,2023,November,390.0,false,2942470.0,false,13.254170815675266,405.9166666666667,21.542593468135024
Mississippi,2023-12-01,2023,December,400.0,false,2942470.0,false,13.594021349410529,401.8333333333333,19.2204121294067
Mississippi,2024-01-01,2024,January,389.0,false,2950172.0,false,13.185671886249345,398.9166666666667,16.138369486939197
Mississippi,2024-02-01,2024,February,398.0,false,2950172.0,false,13.490738845057171,395.75,13.665650368716454
Mississippi,2024-03-01,2024,March,383.0,false,2950172.0,false,12.982293913710793,393.8333333333333,11.191176177794024
Mississippi,2024-04-01,2024,April,380.0,false,2950172.0,false,12.880604927441519,391.4166666666667,9.976867183032898
Mississippi,2024-05-01,2024,May,368.0,false,2950172.0,false,12.473848982364418,388.6666666666667,7.79665818077712
Mississippi,2024-06-01,2024,June,356.0,false,2950172.0,false,12.067093037287318,386.3333333333333,9.422732023562961
Mississippi,2024-07-01,2024,July,345.0,false,2950172.0,false,11.694233420966642,383.4166666666667,12.695441797127117
Mississippi,2024-08-01,2024,August,329.0,false,2950172.0,false,11.151892160863841,380.25,16.863758882181738
Mississippi,2024-09-01,2024,September,309.0,false,2950172.0,false,10.473965585735339,375.0833333333333,21.98949473698474
Mississippi,2024-10-01,2024,October,300.0,false,2950172.0,false,10.168898626927515,368.3333333333333,28.471144350132143
Mississippi,2024-11-01,2024,November,275.0,false,2950172.0,false,9.321490408016889,362.25,34.536212878658255
Mississippi,2024-12-01,2024,December,250.0,false,2950172.0,false,8.474082189106262,352.6666666666667,41.40780192917827
Mississippi,2025-01-01,2025,January,243.0,false,2954160.0,false,8.225688520594687,340.1666666666667,47.944728278476795
Mississippi,2025-02-01,2025,February,231.0,false,2954160.0,false,7.819481680071492,328.0,52.71363459985734
Mississippi,2025-03-01,2025,March,233.0,false,2954160.0,false,7.887182820158691,314.0833333333333,54.56515427089032
Mississippi,2025-04-01,2025,April,222.0,false,2954160.0,false,7.514826549679097,301.5833333333333,54.52348673792432
Mississippi,2025-05-01,2025,May,220.0,false,2954160.0,false,7.447125409591897,288.4166666666667,52.91924951940427
Mississippi,2025-06-01,2025,June,223.0,false,2954160.0,false,7.548677119722695,276.0833333333333,49.84240314747223
Mississippi,2025-07-01,2025,July,229.0,false,2954160.0,false,7.751780539984294,265.0,45.00908999100277
Mississippi,2025-08-01,2025,August,221.0,false,2954160.0,false,7.480975979635498,255.33333333333334,38.20836018306449
Mississippi,2025-09-01,2025,September,217.0,false,2954160.0,false,7.345573699461099,246.33333333333334,31.39001964531614
Mississippi,2025-10-01,2025,October,208.0,false,2954160.0,false,7.040918569068703,238.66666666666666,25.346089292516954
Mississippi,2025-11-01,2025,November,197.0,false,2954160.0,false,6.668562298589108,231.0,17.93929156399945
Mississippi,2025-12-01,2025,December,193.0,false,2954160.0,false,6.53316001841471,224.5,14.311470288484756
Mississippi,2026-01-01,2026,January,181.0,false,2958153.0,true,6.1186828402722915,219.75,14.536005453543773
Mississippi,2026-02-01,2026,February,172.0,false,2958153.0,true,5.814438942137206,214.58333333333334,16.41760880237675
Mississippi,2026-03-01,2026,March,161.0,false,2958153.0,true,5.442585288860989,209.66666666666666,19.58354287444311
Mississippi,2026-04-01,2026,April,164.0,false,2958153.0,true,5.543999921572684,203.66666666666666,22.584521382145926
New Hampshire,2015-01-01,2015,January,171.0,false,1337480.0,false,12.785237910099589,,
New Hampshire,2015-02-01,2015,February,186.0,false,1337480.0,false,13.906750007476747,171.0,
New Hampshire,2015-03-01,2015,March,198.0,false,1337480.0,false,14.803959685378473,178.5,10.606601717798213
New Hampshire,2015-04-01,2015,April,219.0,false,1337480.0,false,16.374076621706493,185.0,13.527749258468683
New Hampshire,2015-05-01,2015,May,234.0,false,1337480.0,false,17.49558871908365,193.5,20.273134932713294
New Hampshire,2015-06-01,2015,June,252.0,false,1337480.0,false,18.841403235936237,201.6,25.22498761149349
New Hampshire,2015-07-01,2015,July,267.0,false,1337480.0,false,19.962915333313394,210.0,30.535225559998732
New Hampshire,2015-08-01,2015,August,281.0,false,1337480.0,false,21.009659957532076,218.14285714285714,35.22985746696766
New Hampshire,2015-09-01,2015,September,313.0,false,1337480.0,false,23.402219098603343,226.0,39.46788929895144
New Hampshire,2015-10-01,2015,October,308.0,false,1337480.0,false,23.02838173281096,235.66666666666666,46.94677837722201
New Hampshire,2015-11-01,2015,November,304.0,false,1337480.0,false,22.72931184017705,242.9,49.82290860861319
New Hampshire,2015-12-01,2015,December,285.0,false,1337480.0,false,21.308729850165985,248.45454545454547,50.72940692806026
New Hampshire,2016-01-01,2016,January,285.0,false,1343694.0,false,21.210186247761765,251.5,49.50573887761077
New Hampshire,2016-02-01,2016,February,288.0,false,1343694.0,false,21.433451366159257,261.0,43.18880326279865
New Hampshire,2016-03-01,2016,March,295.0,false,1343694.0,false,21.95440330908674,269.5,36.624631552599084
New Hampshire,2016-04-01,2016,April,299.0,false,1343694.0,false,22.25209013361673,277.5833333333333,29.40147903927572
New Hampshire,2016-05-01,2016,May,306.0,false,1343694.0,false,22.773042076544215,284.25,23.359346970947016
New Hampshire,2016-06-01,2016,June,301.0,false,1343694.0,false,22.400933545881724,290.25,17.884096541086695
New Hampshire,2016-07-01,2016,July,315.0,false,1343694.0,false,23.44283743173669,294.3333333333333,13.38474934959617
New Hampshire,2016-08-01,2016,August,320.0,false,1343694.0,false,23.81494596239918,298.3333333333333,11.515470489999991
New Hampshire,2016-09-01,2016,September,317.0,false,1343694.0,false,23.591680844001687,301.5833333333333,11.681051737620626
New Hampshire,2016-10-01,2016,October,326.0,false,1343694.0,false,24.261476199194163,301.9166666666667,12.08649383954392
New Hampshire,2016-11-01,2016,November,331.0,false,1343694.0,false,24.633584729856647,303.4166666666667,13.892171329292779
New Hampshire,2016-12-01,2016,December,347.0,false,1343694.0,false,25.82433202797661,305.6666666666667,16.018928197793418
New Hampshire,2017-01-01,2017,January,354.0,false,1350395.0,false,26.21455203847763,310.8333333333333,18.546420058051535
New Hampshire,2017-02-01,2017,February,355.0,false,1350395.0,false,26.288604445365987,316.5833333333333,20.411486665081203
New Hampshire,2017-03-01,2017,March,349.0,false,1350395.0,false,25.844290004035855,322.1666666666667,21.036044103280243
New Hampshire,2017-04-01,2017,April,358.0,false,1350395.0,false,26.510761666031048,326.6666666666667,20.464307434845676
New Hampshire,2017-05-01,2017,May,357.0,false,1350395.0,false,26.43670925914269,331.5833333333333,20.299835795723375
New Hampshire,2017-06-01,2017,June,364.0,false,1350395.0,false,26.95507610736118,335.8333333333333,19.789038900514097
New Hampshire,2017-07-01,2017,July,367.0,false,1350395.0,false,27.177233328026244,341.0833333333333,17.982103898211133
New Hampshire,2017-08-01,2017,August,373.0,false,1350395.0,false,27.621547769356376,345.4166666666667,17.380544678845165
New Hampshire,2017-09-01,2017,September,377.0,false,1350395.0,false,27.917757396909792,349.8333333333333,17.065826210366264
New Hampshire,2017-10-01,2017,October,382.0,false,1350395.0,false,28.288019431351568,354.8333333333333,15.266322610917337
New Hampshire,2017-11-01,2017,November,378.0,false,1350395.0,false,27.991809803798148,359.5,14.171033195154893
New Hampshire,2017-12-01,2017,December,387.0,false,1350395.0,false,28.65828146579334,363.4166666666667,11.889325489953594
New Hampshire,2018-01-01,2018,January,388.0,false,1355064.0,false,28.633333923711355,366.75,12.46175968896266
New Hampshire,2018-02-01,2018,February,390.0,false,1355064.0,false,28.780928428472752,369.5833333333333,13.14574478911734
New Hampshire,2018-03-01,2018,March,404.0,false,1355064.0,false,29.814089961802544,372.5,13.494106457669188
New Hampshire,2018-04-01,2018,April,392.0,false,1355064.0,false,28.92852293323415,377.0833333333333,14.112910487360217
New Hampshire,2018-05-01,2018,May,395.0,false,1355064.0,false,29.14991469037625,379.9166666666667,13.324334084218941
New Hampshire,2018-06-01,2018,June,380.0,false,1355064.0,false,28.042955904665757,383.0833333333333,11.81261523913645
New Hampshire,2018-07-01,2018,July,391.0,false,1355064.0,false,28.854725680853452,384.4166666666667,10.264310040429441
New Hampshire,2018-08-01,2018,August,388.0,false,1355064.0,false,28.633333923711355,386.4166666666667,8.79522942316235
New Hampshire,2018-09-01,2018,September,375.0,false,1355064.0,false,27.673969642762263,387.6666666666667,7.714606374608601
New Hampshire,2018-10-01,2018,October,373.0,false,1355064.0,false,27.52637513800086,387.5,7.982936347439625
New Hampshire,2018-11-01,2018,November,383.0,false,1355064.0,false,28.264347661807857,386.75,8.915002676795606
New Hampshire,2018-12-01,2018,December,379.0,false,1355064.0,false,27.969158652285056,387.1666666666667,8.579397450057936
New Hampshire,2019-01-01,2019,January,376.0,false,1360783.0,false,27.631150594914843,386.5,8.898416610938053
New Hampshire,2019-02-01,2019,February,380.0,false,1360783.0,false,27.92509900549904,385.5,9.375984796760857
New Hampshire,2019-03-01,2019,March,372.0,false,1360783.0,false,27.33720218433064,384.6666666666667,9.384061277538947
New Hampshire,2019-04-01,2019,April,364.0,false,1360783.0,false,26.749305363162236,382.0,7.804427647758083
New Hampshire,2019-05-01,2019,May,356.0,false,1360783.0,false,26.16140854199384,379.6666666666667,8.679477710861043
New Hampshire,2019-06-01,2019,June,364.0,false,1360783.0,false,26.749305363162236,376.4166666666667,9.662094007308166
New Hampshire,2019-07-01,2019,July,338.0,false,1360783.0,false,24.838640694364937,375.0833333333333,10.21103087426298
New Hampshire,2019-08-01,2019,August,334.0,false,1360783.0,false,24.544692283780734,370.6666666666667,13.600356501566324
New Hampshire,2019-09-01,2019,September,338.0,false,1360783.0,false,24.838640694364937,366.1666666666667,16.05577400151978
New Hampshire,2019-10-01,2019,October,334.0,false,1360783.0,false,24.544692283780734,363.0833333333333,17.676169542549932
New Hampshire,2019-11-01,2019,November,327.0,false,1360783.0,false,24.030282565258382,359.8333333333333,19.20621742766618
New Hampshire,2019-12-01,2019,December,334.0,false,1360783.0,false,24.544692283780734,355.1666666666667,19.857828011475288
New Hampshire,2020-01-01,2020,January,336.0,false,1378752.0,false,24.36986492132015,351.4166666666667,19.18549799544785
New Hampshire,2020-02-01,2020,February,333.0,false,1378752.0,false,24.152276841665504,348.0833333333333,17.96187038921024
New Hampshire,2020-03-01,2020,March,332.0,false,1378752.0,false,24.079747481780625,344.1666666666667,15.296068023178284
New Hampshire,2020-04-01,2020,April,341.0,false,1378752.0,false,24.732511720744558,340.8333333333333,12.840513536412308
New Hampshire,2020-05-01,2020,May,348.0,false,1378752.0,false,25.24021723993873,338.9166666666667,10.58694164210483
New Hampshire,2020-06-01,2020,June,342.0,false,1378752.0,false,24.80504108062944,338.25,9.621235981836318
New Hampshire,2020-07-01,2020,July,356.0,false,1378752.0,false,25.820452119017776,336.4166666666667,5.468227788919869
New Hampshire,2020-08-01,2020,August,348.0,false,1378752.0,false,25.24021723993873,337.9166666666667,7.879297769048552
New Hampshire,2020-09-01,2020,September,342.0,false,1378752.0,false,24.80504108062944,339.0833333333333,8.273268380571835
New Hampshire,2020-10-01,2020,October,334.0,false,1378752.0,false,24.224806201550386,339.4166666666667,8.30616784338147
New Hampshire,2020-11-01,2020,November,333.0,false,1378752.0,false,24.152276841665504,339.4166666666667,8.306167843381468
New Hampshire,2020-12-01,2020,December,324.0,false,1378752.0,false,23.49951260270157,339.9166666666667,7.6450617850328575
New Hampshire,2021-01-01,2021,January,321.0,false,1387907.0,false,23.128350818894926,339.0833333333333,8.805559538602793
New Hampshire,2021-02-01,2021,February,312.0,false,1387907.0,false,22.4798923847203,337.8333333333333,10.232153717422815
New Hampshire,2021-03-01,2021,March,310.0,false,1387907.0,false,22.335790510459272,336.0833333333333,12.645217085978201
New Hampshire,2021-04-01,2021,April,305.0,false,1387907.0,false,21.975535824806705,334.25,14.716255699673827
New Hampshire,2021-05-01,2021,May,302.0,false,1387907.0,false,21.759383013415164,331.25,16.744741372632888
New Hampshire,2021-06-01,2021,June,316.0,false,1387907.0,false,22.768096133242356,327.4166666666667,17.79406608616446
New Hampshire,2021-07-01,2021,July,304.0,false,1387907.0,false,21.903484887676193,325.25,17.436247511225776
New Hampshire,2021-08-01,2021,August,315.0,false,1387907.0,false,22.696045196111843,320.9166666666667,15.447614310267715
New Hampshire,2021-09-01,2021,September,325.0,false,1387907.0,false,23.41655456741698,318.1666666666667,12.918157294242391
New Hampshire,2021-10-01,2021,October,338.0,false,1387907.0,false,24.35321675011366,316.75,10.830302606365844
New Hampshire,2021-11-01,2021,November,335.0,false,1387907.0,false,24.13706393872212,317.0833333333333,11.453132428477478
New Hampshire,2021-12-01,2021,December,345.0,false,1387907.0,false,24.857573310027256,317.25,11.717314305994126
New Hampshire,2022-01-01,2022,January,361.0,false,1396647.0,false,25.84761933401926,319.0,14.135705918636742
New Hampshire,2022-02-01,2022,February,376.0,false,1396647.0,false,26.92162013737186,322.3333333333333,18.646634272623302
New Hampshire,2022-03-01,2022,March,383.0,false,1396647.0,false,27.42282051226974,327.6666666666667,23.849274177380764
New Hampshire,2022-04-01,2022,April,390.0,false,1396647.0,false,27.924020887167625,333.75,27.899576406038253
New Hampshire,2022-05-01,2022,May,388.0,false,1396647.0,false,27.78082078005394,340.8333333333333,30.596593195182944
New Hampshire,2022-06-01,2022,June,391.0,false,1396647.0,false,27.99562094072446,348.0,30.74528788729627
New Hampshire,2022-07-01,2022,July,404.0,false,1396647.0,false,28.926421636963386,354.25,31.267540531821354
New Hampshire,2022-08-01,2022,August,406.0,false,1396647.0,false,29.069621744077065,362.5833333333333,29.955901932775458
New Hampshire,2022-09-01,2022,September,406.0,false,1396647.0,false,29.069621744077065,370.1666666666667,28.286949555431303
New Hampshire,2022-10-01,2022,October,405.0,false,1396647.0,false,28.998021690520225,376.9166666666667,26.10976248397708
New Hampshire,2022-11-01,2022,November,420.0,false,1396647.0,false,30.072022493872826,382.5,24.119023046700566
New Hampshire,2022-12-01,2022,December,413.0,false,1396647.0,false,29.570822118974945,389.5833333333333,21.206595600654456
New Hampshire,2023-01-01,2023,January,407.0,false,1401530.0,false,29.039692336232545,395.25,16.847578730812007
New Hampshire,2023-02-01,2023,February,412.0,false,1401530.0,false,29.39644531333614,399.0833333333333,13.180276816884275
New Hampshire,2023-03-01,2023,March,418.0,false,1401530.0,false,29.82454888586045,402.0833333333333,11.429295161066959
New Hampshire,2023-04-01,2023,April,410.0,false,1401530.0,false,29.253744122494705,405.0,10.548588875898393
New Hampshire,2023-05-01,2023,May,415.0,false,1401530.0,false,29.610497099598295,406.6666666666667,9.490026662797431
New Hampshire,2023-06-01,2023,June,409.0,false,1401530.0,false,29.182393527073984,408.9166666666667,7.692479601808679
New Hampshire,2023-07-01,2023,July,408.0,false,1401530.0,false,29.111042931653266,410.4166666666667,5.247654598759226
New Hampshire,2023-08-01,2023,August,406.0,false,1401530.0,false,28.968341740811827,410.75,4.91981152632349
New Hampshire,2023-09-01,2023,September,402.0,false,1401530.0,false,28.682939359128948,410.75,4.9198115263234925
New Hampshire,2023-10-01,2023,October,391.0,false,1401530.0,false,27.898082809501044,410.4166666666667,5.384461369758748
New Hampshire,2023-11-01,2023,November,378.0,false,1401530.0,false,26.970525069031698,409.25,7.6885392867329765
New Hampshire,2023-12-01,2023,December,369.0,false,1401530.0,false,26.328369710245234,405.75,11.136549163575188
New Hampshire,2024-01-01,2024,January,364.0,false,1408518.0,false,25.842765232677184,402.0833333333333,15.078330829573312
New Hampshire,2024-02-01,2024,February,352.0,false,1408518.0,false,24.99080593929222,398.5,18.520259177452157
New Hampshire,2024-03-01,2024,March,334.0,false,1408518.0,false,23.71286699921478,393.5,22.264933701389552
New Hampshire,2024-04-01,2024,April,328.0,false,1408518.0,false,23.286887352522296,386.5,26.637294429905147
New Hampshire,2024-05-01,2024,May,310.0,false,1408518.0,false,22.008948412444855,379.6666666666667,30.32350823231294
New Hampshire,2024-06-01,2024,June,301.0,false,1408518.0,false,21.36997894240613,370.9166666666667,34.11333605746727
New Hampshire,2024-07-01,2024,July,284.0,false,1408518.0,false,20.16303661011077,361.9166666666667,37.25455026102871
New Hampshire,2024-08-01,2024,August,269.0,false,1408518.0,false,19.098087493379566,351.5833333333333,40.376542094577026
New Hampshire,2024-09-01,2024,September,255.0,false,1408518.0,false,18.104134984430445,340.1666666666667,42.88214999132843
New Hampshire,2024-10-01,2024,October,239.0,false,1408518.0,false,16.96818925991716,327.9166666666667,44.57569319979696
New Hampshire,2024-11-01,2024,November,232.0,false,1408518.0,false,16.4712130054426,315.25,46.57179208686109
New Hampshire,2024-12-01,2024,December,222.0,false,1408518.0,false,15.7612469276218,303.0833333333333,47.744506268133925
New Hampshire,2025-01-01,2025,January,209.0,false,1415342.0,false,14.766748955376158,290.8333333333333,48.150962103733214
New Hampshire,2025-02-01,2025,February,201.0,false,1415342.0,false,14.201514545600991,277.9166666666667,47.52503327593563
New Hampshire,2025-03-01,2025,March,198.0,false,1415342.0,false,13.989551641935307,265.3333333333333,46.095421451461725
New Hampshire,2025-04-01,2025,April,187.0,false,1415342.0,false,13.212354328494456,254.0,44.36419522747838
New Hampshire,2025-05-01,2025,May,190.0,false,1415342.0,false,13.424317232160142,242.25,41.56730577137411
New Hampshire,2025-06-01,2025,June,187.0,false,1415342.0,false,13.212354328494456,232.25,38.074388910514266
New Hampshire,2025-07-01,2025,July,183.0,false,1415342.0,false,12.929737123606875,222.75,33.28151274970974
New Hampshire,2025-08-01,2025,August,183.0,false,1415342.0,false,12.929737123606875,214.33333333333334,28.861214405663823
New Hampshire,2025-09-01,2025,September,179.0,false,1415342.0,false,12.64711991871929,207.16666666666666,24.382681384850855
New Hampshire,2025-10-01,2025,October,181.0,false,1415342.0,false,12.788428521163082,200.83333333333334,20.368573535689432
New Hampshire,2025-11-01,2025,November,182.0,false,1415342.0,false,12.859082822384979,196.0,17.1092744652505
New Hampshire,2025-12-01,2025,December,178.0,false,1415342.0,false,12.576465617497398,191.83333333333334,13.182863072484635
New Hampshire,2026-01-01,2026,January,177.0,false,1422199.0,true,12.445515711936235,188.16666666666666,9.684414220172467
New Hampshire,2026-02-01,2026,February,169.0,false,1422199.0,true,11.88300652721595,185.5,7.609802291064526
New Hampshire,2026-03-01,2026,March,166.0,false,1422199.0,true,11.672065582945846,182.83333333333334,7.284271141343241
New Hampshire,2026-04-01,2026,April,164.0,false,1422199.0,true,11.531438286765775,180.16666666666666,7.081773446779802
Wyoming,2015-01-01,2015,January,5.0,true,586389.0,false,0.8526762950873908,,
Wyoming,2015-02-01,2015,February,5.0,true,586389.0,false,0.8526762950873908,5.0,
Wyoming,2015-03-01,2015,March,5.0,true,586389.0,false,0.8526762950873908,5.0,0.0
Wyoming,2015-04-01,2015,April,5.0,true,586389.0,false,0.8526762950873908,5.0,0.0
Wyoming,2015-05-01,2015,May,5.0,true,586389.0,false,0.8526762950873908,5.0,0.0
Wyoming,2015-06-01,2015,June,5.0,true,586389.0,false,0.8526762950873908,5.0,0.0
Wyoming,2015-07-01,2015,July,5.0,true,586389.0,false,0.8526762950873908,5.0,0.0
Wyoming,2015-08-01,2015,August,5.0,true,586389.0,false,0.8526762950873908,5.0,0.0
Wyoming,2015-09-01,2015,September,5.0,true,586389.0,false,0.8526762950873908,5.0,0.0
Wyoming,2015-10-01,2015,October,5.0,true,586389.0,false,0.8526762950873908,5.0,0.0
Wyoming,2015-11-01,2015,November,5.0,true,586389.0,false,0.8526762950873908,5.0,0.0
Wyoming,2015-12-01,2015,December,5.0,true,586389.0,false,0.8526762950873908,5.0,0.0
Wyoming,2016-01-01,2016,January,5.0,true,585243.0,false,0.854345972527651,5.0,0.0
Wyoming,2016-02-01,2016,February,5.0,true,585243.0,false,0.854345972527651,5.0,0.0
Wyoming,2016-03-01,2016,March,5.0,true,585243.0,false,0.854345972527651,5.0,0.0
Wyoming,2016-04-01,2016,April,5.0,true,585243.0,false,0.854345972527651,5.0,0.0
Wyoming,2016-05-01,2016,May,5.0,true,585243.0,false,0.854345972527651,5.0,0.0
Wyoming,2016-06-01,2016,June,5.0,true,585243.0,false,0.854345972527651,5.0,0.0
Wyoming,2016-07-01,2016,July,5.0,true,585243.0,false,0.854345972527651,5.0,0.0
Wyoming,2016-08-01,2016,August,5.0,true,585243.0,false,0.854345972527651,5.0,0.0
Wyoming,2016-09-01,2016,September,5.0,true,585243.0,false,0.854345972527651,5.0,0.0
Wyoming,2016-10-01,2016,October,5.0,true,585243.0,false,0.854345972527651,5.0,0.0
Wyoming,2016-11-01,2016,November,5.0,true,585243.0,false,0.854345972527651,5.0,0.0
Wyoming,2016-12-01,2016,December,5.0,true,585243.0,false,0.854345972527651,5.0,0.0
Wyoming,2017-01-01,2017,January,5.0,true,579994.0,false,0.8620778835643128,5.0,0.0
Wyoming,2017-02-01,2017,February,5.0,true,579994.0,false,0.8620778835643128,5.0,0.0
Wyoming,2017-03-01,2017,March,5.0,true,579994.0,false,0.8620778835643128,5.0,0.0
Wyoming,2017-04-01,2017,April,5.0,true,579994.0,false,0.8620778835643128,5.0,0.0
Wyoming,2017-05-01,2017,May,5.0,true,579994.0,false,0.8620778835643128,5.0,0.0
Wyoming,2017-06-01,2017,June,5.0,true,579994.0,false,0.8620778835643128,5.0,0.0
Wyoming,2017-07-01,2017,July,5.0,true,579994.0,false,0.8620778835643128,5.0,0.0
Wyoming,2017-08-01,2017,August,10.0,false,579994.0,false,1.7241557671286256,5.0,0.0
Wyoming,2017-09-01,2017,September,10.0,false,579994.0,false,1.7241557671286256,5.416666666666667,1.4433756729740643
Wyoming,2017-10-01,2017,October,11.0,false,579994.0,false,1.8965713438414882,5.833333333333333,1.9462473604038075
Wyoming,2017-11-01,2017,November,15.0,false,579994.0,false,2.586233650692938,6.333333333333333,2.424621182533032
Wyoming,2017-12-01,2017,December,14.0,false,579994.0,false,2.4138180739800754,7.166666666666667,3.4333480435107053
Wyoming,2018-01-01,2018,January,14.0,false,579054.0,false,2.417736515074587,7.916666666666667,3.8720051965905524
Wyoming,2018-02-01,2018,February,14.0,false,579054.0,false,2.417736515074587,8.666666666666666,4.119429204355498
Wyoming,2018-03-01,2018,March,13.0,false,579054.0,false,2.2450410497121167,9.416666666666666,4.20947704230549
Wyoming,2018-04-01,2018,April,14.0,false,579054.0,false,2.417736515074587,10.083333333333334,4.077841080619484
Wyoming,2018-05-01,2018,May,13.0,false,579054.0,false,2.2450410497121167,10.833333333333334,3.88079966767238
Wyoming,2018-06-01,2018,June,11.0,false,579054.0,false,1.8996501189871755,11.5,3.450955072018602
Wyoming,2018-07-01,2018,July,12.0,false,579054.0,false,2.0723455843496463,12.0,2.7961011816781274
Wyoming,2018-08-01,2018,August,13.0,false,579054.0,false,2.2450410497121167,12.583333333333334,1.729862492345632
Wyoming,2018-09-01,2018,September,13.0,false,579054.0,false,2.2450410497121167,12.833333333333334,1.5275252316519468
Wyoming,2018-10-01,2018,October,12.0,false,579054.0,false,2.0723455843496463,13.083333333333334,1.2401124093721454
Wyoming,2018-11-01,2018,November,5.0,true,579054.0,false,0.8634773268123526,13.166666666666666,1.1146408580454257
Wyoming,2018-12-01,2018,December,5.0,true,579054.0,false,0.8634773268123526,12.333333333333334,2.4984843890695503
Wyoming,2019-01-01,2019,January,10.0,false,580116.0,false,1.7237931724000026,11.583333333333334,3.2039275140289165
Wyoming,2019-02-01,2019,February,11.0,false,580116.0,false,1.896172489640003,11.25,3.1370223287233854
Wyoming,2019-03-01,2019,March,13.0,false,580116.0,false,2.240931124120004,11.0,3.0151134457776365
Wyoming,2019-04-01,2019,April,11.0,false,580116.0,false,1.896172489640003,11.0,3.015113445777636
Wyoming,2019-05-01,2019,May,10.0,false,580116.0,false,1.7237931724000026,10.75,2.8643577734887544
Wyoming,2019-06-01,2019,June,10.0,false,580116.0,false,1.7237931724000026,10.5,2.7797972457128464
Wyoming,2019-07-01,2019,July,10.0,false,580116.0,false,1.7237931724000026,10.416666666666666,2.7784342658585555
Wyoming,2019-08-01,2019,August,5.0,true,580116.0,false,0.8618965862000013,10.25,2.7344602259445514
Wyoming,2019-09-01,2019,September,10.0,false,580116.0,false,1.7237931724000026,9.583333333333334,2.968266507678524
Wyoming,2019-10-01,2019,October,12.0,false,580116.0,false,2.0685518068800035,9.333333333333334,2.774341308665842
Wyoming,2019-11-01,2019,November,13.0,false,580116.0,false,2.240931124120004,9.333333333333334,2.774341308665842
Wyoming,2019-12-01,2019,December,16.0,false,580116.0,false,2.7580690758400044,10.0,2.593698657761292
Wyoming,2020-01-01,2020,January,19.0,false,577669.0,false,3.2890807711682646,10.916666666666666,2.609713789020946
Wyoming,2020-02-01,2020,February,19.0,false,577669.0,false,3.2890807711682646,11.666666666666666,3.4728383291777436
Wyoming,2020-03-01,2020,March,18.0,false,577669.0,false,3.1159712568962505,12.333333333333334,4.052683360964982
Wyoming,2020-04-01,2020,April,19.0,false,577669.0,false,3.2890807711682646,12.75,4.371914496377572
Wyoming,2020-05-01,2020,May,23.0,false,577669.0,false,3.98151882825632,13.416666666666666,4.67990546395065
Wyoming,2020-06-01,2020,June,25.0,false,577669.0,false,4.327737856800348,14.5,5.282905536642777
Wyoming,2020-07-01,2020,July,26.0,false,577669.0,false,4.5008473710723615,15.75,5.863988713867348
Wyoming,2020-08-01,2020,August,27.0,false,577669.0,false,4.673956885344375,17.083333333333332,6.244391422902974
Wyoming,2020-09-01,2020,September,29.0,false,577669.0,false,5.020175913888403,18.916666666666668,5.567083998146987
Wyoming,2020-10-01,2020,October,28.0,false,577669.0,false,4.84706639961639,20.5,5.502065727772368
Wyoming,2020-11-01,2020,November,29.0,false,577669.0,false,5.020175913888403,21.833333333333332,5.184475660931188
Wyoming,2020-12-01,2020,December,27.0,false,577669.0,false,4.673956885344375,23.166666666666668,4.745013331398715
Wyoming,2021-01-01,2021,January,24.0,false,579662.0,false,4.140343855557204,24.083333333333332,4.273774855458756
Wyoming,2021-02-01,2021,February,26.0,false,579662.0,false,4.485372510186971,24.5,3.9657625656704063
Wyoming,2021-03-01,2021,March,27.0,false,579662.0,false,4.657886837501855,25.083333333333332,3.579190699111471
Wyoming,2021-04-01,2021,April,28.0,false,579662.0,false,4.830401164816738,25.833333333333332,2.8230651727682394
Wyoming,2021-05-01,2021,May,27.0,false,579662.0,false,4.657886837501855,26.583333333333332,1.8809249819912512
Wyoming,2021-06-01,2021,June,27.0,false,579662.0,false,4.657886837501855,26.916666666666668,1.5050420310248864
Wyoming,2021-07-01,2021,July,27.0,false,579662.0,false,4.657886837501855,27.083333333333332,1.378954368902449
Wyoming,2021-08-01,2021,August,30.0,false,579662.0,false,5.175429819446505,27.166666666666668,1.3371158468430429
Wyoming,2021-09-01,2021,September,33.0,false,579662.0,false,5.692972801391155,27.416666666666668,1.5642792899510294
Wyoming,2021-10-01,2021,October,33.0,false,579662.0,false,5.692972801391155,27.75,2.2207697273283817
Wyoming,2021-11-01,2021,November,34.0,false,579662.0,false,5.865487128706039,28.166666666666668,2.6911752530120077
Wyoming,2021-12-01,2021,December,36.0,false,579662.0,false,6.210515783335807,28.583333333333332,3.175426480542941
Wyoming,2022-01-01,2022,January,39.0,false,581742.0,false,6.7040028053673275,29.333333333333332,3.7739136506316933
Wyoming,2022-02-01,2022,February,43.0,false,581742.0,false,7.391592836687053,30.583333333333332,4.294993561924126
Wyoming,2022-03-01,2022,March,46.0,false,581742.0,false,7.907285360176848,32.0,5.325752187591566
Wyoming,2022-04-01,2022,April,45.0,false,581742.0,false,7.735387852346917,33.583333333333336,6.41671585970911
Wyoming,2022-05-01,2022,May,46.0,false,581742.0,false,7.907285360176848,35.0,6.9282032302755105
Wyoming,2022-06-01,2022,June,46.0,false,581742.0,false,7.907285360176848,36.583333333333336,7.102603022622739
Wyoming,2022-07-01,2022,July,46.0,false,581742.0,false,7.907285360176848,38.166666666666664,6.886526150697641
Wyoming,2022-08-01,2022,August,47.0,false,581742.0,false,8.079182868006779,39.75,6.239536696087152
Wyoming,2022-09-01,2022,September,49.0,false,581742.0,false,8.422977883666642,41.166666666666664,5.7340027798029425
Wyoming,2022-10-01,2022,October,51.0,false,581742.0,false,8.766772899326506,42.5,5.518563713009524
Wyoming,2022-11-01,2022,November,53.0,false,581742.0,false,9.110567914986369,44.0,5.134553180524704
Wyoming,2022-12-01,2022,December,58.0,false,581742.0,false,9.970055454136025,45.583333333333336,4.679905463950651
Wyoming,2023-01-01,2023,January,61.0,false,584666.0,false,10.433307221558975,47.416666666666664,4.8889175848561
Wyoming,2023-02-01,2023,February,62.0,false,584666.0,false,10.604345044863221,49.25,5.52884995439212
Wyoming,2023-03-01,2023,March,59.0,false,584666.0,false,10.091231574950484,50.833333333333336,6.249848483011895
Wyoming,2023-04-01,2023,April,64.0,false,584666.0,false,10.946420691471712,51.916666666666664,6.459078647121195
Wyoming,2023-05-01,2023,May,65.0,false,584666.0,false,11.117458514775958,53.5,6.921639322378111
Wyoming,2023-06-01,2023,June,66.0,false,584666.0,false,11.288496338080202,55.083333333333336,7.216878364870321
Wyoming,2023-07-01,2023,July,68.0,false,584666.0,false,11.630571984688693,56.75,7.237842471093415
Wyoming,2023-08-01,2023,August,65.0,false,584666.0,false,11.117458514775958,58.583333333333336,7.05121953776061
Wyoming,2023-09-01,2023,September,62.0,false,584666.0,false,10.604345044863221,60.083333333333336,6.229815892994438
Wyoming,2023-10-01,2023,October,62.0,false,584666.0,false,10.604345044863221,61.166666666666664,5.166911040164105
Wyoming,2023-11-01,2023,November,61.0,false,584666.0,false,10.433307221558975,62.083333333333336,4.055486369964728
Wyoming,2023-12-01,2023,December,54.0,false,584666.0,false,9.236042458429257,62.75,2.9271456776494427
Wyoming,2024-01-01,2024,January,49.0,false,586722.0,false,8.35148503038918,62.416666666666664,3.6545944516540563
Wyoming,2024-02-01,2024,February,41.0,false,586722.0,false,6.98797727032564,61.416666666666664,5.333570070503406
Wyoming,2024-03-01,2024,March,42.0,false,586722.0,false,7.158415740333582,59.666666666666664,7.935344792111871
Wyoming,2024-04-01,2024,April,43.0,false,586722.0,false,7.328854210341525,58.25,9.440001926039866
Wyoming,2024-05-01,2024,May,41.0,false,586722.0,false,6.98797727032564,56.5,10.193580867834966
Wyoming,2024-06-01,2024,June,43.0,false,586722.0,false,7.328854210341525,54.5,10.715324624955684
Wyoming,2024-07-01,2024,July,43.0,false,586722.0,false,7.328854210341525,52.583333333333336,10.52666167693282
Wyoming,2024-08-01,2024,August,40.0,false,586722.0,false,6.817538800317696,50.5,9.634219315449581
Wyoming,2024-09-01,2024,September,37.0,false,586722.0,false,6.30622339029387,48.416666666666664,8.887768237438703
Wyoming,2024-10-01,2024,October,35.0,false,586722.0,false,5.965346450277986,46.333333333333336,8.32666399786453
Wyoming,2024-11-01,2024,November,32.0,false,586722.0,false,5.454031040254158,44.083333333333336,7.292067088572515
Wyoming,2024-12-01,2024,December,32.0,false,586722.0,false,5.454031040254158,41.666666666666664,5.83614650780856
Wyoming,2025-01-01,2025,January,31.0,false,588753.0,false,5.26536595142615,39.833333333333336,5.006056937411529
Wyoming,2025-02-01,2025,February,34.0,false,588753.0,false,5.774917495112551,38.333333333333336,4.696871944241834
Wyoming,2025-03-01,2025,March,32.0,false,588753.0,false,5.435216465988284,37.75,4.769696007084729
Wyoming,2025-04-01,2025,April,26.0,false,588753.0,false,4.4161133786154805,36.916666666666664,4.832810839052216
Wyoming,2025-05-01,2025,May,25.0,false,588753.0,false,4.246262864053347,35.5,5.351295510095065
Wyoming,2025-06-01,2025,June,22.0,false,588753.0,false,3.736711320366945,34.166666666666664,5.828352852195636
Wyoming,2025-07-01,2025,July,20.0,false,588753.0,false,3.397010291242677,32.416666666666664,6.082139774982506
Wyoming,2025-08-01,2025,August,23.0,false,588753.0,false,3.906561834929079,30.5,6.067798762169179
Wyoming,2025-09-01,2025,September,22.0,false,588753.0,false,3.736711320366945,29.083333333333332,5.615859576937336
Wyoming,2025-10-01,2025,October,20.0,false,588753.0,false,3.397010291242677,27.833333333333332,5.356955263670743
Wyoming,2025-11-01,2025,November,22.0,false,588753.0,false,3.736711320366945,26.583333333333332,5.282188481256152
Wyoming,2025-12-01,2025,December,23.0,false,588753.0,false,3.906561834929079,25.75,5.136765873228371
Wyoming,2026-01-01,2026,January,23.0,false,590791.0,true,3.893085710513532,25.0,4.786344211304796
Wyoming,2026-02-01,2026,February,23.0,false,590791.0,true,3.893085710513532,24.333333333333332,4.417595671307133
Wyoming,2026-03-01,2026,March,24.0,false,590791.0,true,4.062350306622816,23.416666666666668,3.2039275140289174
Wyoming,2026-04-01,2026,April,24.0,false,590791.0,true,4.062350306622816,22.75,1.764549903980152
Connecticut,2015-01-01,2015,January,96.0,false,3588561.0,false,2.6751670098404343,,
Connecticut,2015-02-01,2015,February,97.0,false,3588561.0,false,2.7030333328596057,96.0,
Connecticut,2015-03-01,2015,March,103.0,false,3588561.0,false,2.870231270974633,96.5,0.7071067811865476
Connecticut,2015-04-01,2015,April,121.0,false,3588561.0,false,3.3718250853197147,98.66666666666667,3.78593889720018
Connecticut,2015-05-01,2015,May,123.0,false,3588561.0,false,3.4275577313580565,104.25,11.586630226256466
Connecticut,2015-06-01,2015,June,123.0,false,3588561.0,false,3.4275577313580565,108.0,13.07669683062202
Connecticut,2015-07-01,2015,July,146.0,false,3588561.0,false,4.068483160798994,110.5,13.202272531651511
Connecticut,2015-08-01,2015,August,152.0,false,3588561.0,false,4.2356810989140214,115.57142857142857,18.035678925000695
Connecticut,2015-09-01,2015,September,161.0,false,3588561.0,false,4.486478006086562,120.125,21.08782654925416
Connecticut,2015-10-01,2015,October,192.0,false,3588561.0,false,5.350334019680869,124.66666666666667,23.973944189473706
Connecticut,2015-11-01,2015,November,217.0,false,3588561.0,false,6.0469920951601495,131.4,31.052643473087226
Connecticut,2015-12-01,2015,December,214.0,false,3588561.0,false,5.963393126102636,139.1818181818182,39.1658478315437
Connecticut,2016-01-01,2016,January,240.0,false,3579830.0,false,6.704228971766816,145.41666666666666,43.139221414420824
Connecticut,2016-02-01,2016,February,258.0,false,3579830.0,false,7.207046144649327,157.41666666666666,47.90797681414069
Connecticut,2016-03-01,2016,March,273.0,false,3579830.0,false,7.626060455384753,170.83333333333334,51.83335769267673
Connecticut,2016-04-01,2016,April,295.0,false,3579830.0,false,8.240614777796711,185.0,54.7573158250442
Connecticut,2016-05-01,2016,May,331.0,false,3579830.0,false,9.246249123561734,199.5,59.13236308178765
Connecticut,2016-06-01,2016,June,369.0,false,3579830.0,false,10.307752044091478,216.83333333333334,64.87587215505303
Connecticut,2016-07-01,2016,July,387.0,false,3579830.0,false,10.810569216973992,237.33333333333334,71.09831008518908
Connecticut,2016-08-01,2016,August,421.0,false,3579830.0,false,11.76033498797429,257.4166666666667,76.7658284931676
Connecticut,2016-09-01,2016,September,443.0,false,3579830.0,false,12.374889310386248,279.8333333333333,82.26325075173253
Connecticut,2016-10-01,2016,October,438.0,false,3579830.0,false,12.23521787347444,303.3333333333333,85.4478398400646
Connecticut,2016-11-01,2016,November,461.0,false,3579830.0,false,12.877706483268758,323.8333333333333,85.81781265970935
Connecticut,2016-12-01,2016,December,508.0,false,3579830.0,false,14.19061799023976,344.1666666666667,87.10060362313887
Connecticut,2017-01-01,2017,January,527.0,false,3575324.0,false,14.739922871325788,368.6666666666667,88.495848216259
Connecticut,2017-02-01,2017,February,545.0,false,3575324.0,false,15.243373747386253,392.5833333333333,89.33945309205717
Connecticut,2017-03-01,2017,March,576.0,false,3575324.0,false,16.110428033934827,416.5,88.44669683949866
Connecticut,2017-04-01,2017,April,581.0,false,3575324.0,false,16.25027549950718,441.75,86.99438330876727
Connecticut,2017-05-01,2017,May,601.0,false,3575324.0,false,16.80966536179658,465.5833333333333,82.17880542211637
Connecticut,2017-06-01,2017,June,610.0,false,3575324.0,false,17.061390799826814,488.0833333333333,78.87672583714335
Connecticut,2017-07-01,2017,July,641.0,false,3575324.0,false,17.92844508637539,508.1666666666667,76.44348278699802
Connecticut,2017-08-01,2017,August,648.0,false,3575324.0,false,18.12423153817668,529.3333333333334,74.99494932488736
Connecticut,2017-09-01,2017,September,654.0,false,3575324.0,false,18.2920484968635,548.25,73.80456379089058
Connecticut,2017-10-01,2017,October,675.0,false,3575324.0,false,18.879407852267374,565.8333333333334,71.55015193851266
Connecticut,2017-11-01,2017,November,677.0,false,3575324.0,false,18.935346838496315,585.5833333333334,65.51121810018266
Connecticut,2017-12-01,2017,December,696.0,false,3575324.0,false,19.46676720767125,603.5833333333334,57.33229826408873
Connecticut,2018-01-01,2018,January,684.0,false,3574561.0,false,19.135216883975403,619.25,54.45285700827493
Connecticut,2018-02-01,2018,February,691.0,false,3574561.0,false,19.33104512694006,632.3333333333334,48.84545821137097
Connecticut,2018-03-01,2018,March,704.0,false,3574561.0,false,19.69472614958872,644.5,42.94076257950122
Connecticut,2018-04-01,2018,April,715.0,false,3574561.0,false,20.002456245676044,655.1666666666666,40.18781663714272
Connecticut,2018-05-01,2018,May,714.0,false,3574561.0,false,19.97448078239538,666.3333333333334,36.11681384652087
Connecticut,2018-06-01,2018,June,739.0,false,3574561.0,false,20.673867364412022,675.75,32.03442750314956
Connecticut,2018-07-01,2018,July,735.0,false,3574561.0,false,20.56196551128936,686.5,29.509628628943904
Connecticut,2018-08-01,2018,August,739.0,false,3574561.0,false,20.673867364412022,694.3333333333334,28.80130468425262
Connecticut,2018-09-01,2018,September,762.0,false,3574561.0,false,21.317303019867335,701.9166666666666,27.440707429700584
Connecticut,2018-10-01,2018,October,772.0,false,3574561.0,false,21.597057652673993,710.9166666666666,28.001488055696846
Connecticut,2018-11-01,2018,November,787.0,false,3574561.0,false,22.01668960188398,719.0,30.573309809820614
Connecticut,2018-12-01,2018,December,779.0,false,3574561.0,false,21.792885895638655,728.1666666666666,33.212356225667094
Connecticut,2019-01-01,2019,January,795.0,false,3566022.0,false,22.293749169242364,735.0833333333334,34.52129338494859
Connecticut,2019-02-01,2019,February,802.0,false,3566022.0,false,22.490046331738842,744.3333333333334,34.460341720812245
Connecticut,2019-03-01,2019,March,799.0,false,3566022.0,false,22.405918976383205,753.5833333333334,33.73279583953151
Connecticut,2019-04-01,2019,April,805.0,false,3566022.0,false,22.574173687094472,761.5,32.148801759092926
Connecticut,2019-05-01,2019,May,822.0,false,3566022.0,false,23.05089536744305,769.0,30.783702890269137
Connecticut,2019-06-01,2019,June,838.0,false,3566022.0,false,23.49957459600642,778.0,28.976479490034013
Connecticut,2019-07-01,2019,July,868.0,false,3566022.0,false,24.34084814956273,786.25,30.893144282127768
Connecticut,2019-08-01,2019,August,923.0,false,3566022.0,false,25.883182997749316,797.3333333333334,34.48407625486752
Connecticut,2019-09-01,2019,September,927.0,false,3566022.0,false,25.995352804890153,812.6666666666666,45.375871308104834
Connecticut,2019-10-01,2019,October,935.0,false,3566022.0,false,26.21969241917184,826.4166666666666,52.987920292928024
Connecticut,2019-11-01,2019,November,947.0,false,3566022.0,false,26.556201840594365,840.0,58.38742081211423
Connecticut,2019-12-01,2019,December,974.0,false,3566022.0,false,27.313348038795052,853.3333333333334,63.25034435167973
Connecticut,2020-01-01,2020,January,1009.0,false,3579643.0,false,28.187168385227245,869.5833333333334,67.33425216894827
Connecticut,2020-02-01,2020,February,1030.0,false,3579643.0,false,28.773819065197284,887.4166666666666,73.81236448939403
Connecticut,2020-03-01,2020,March,1047.0,false,3579643.0,false,29.248726758506365,906.4166666666666,78.98959463502808
Connecticut,2020-04-01,2020,April,1092.0,false,3579643.0,false,30.50583535844217,927.0833333333334,80.7537877899498
Connecticut,2020-05-01,2020,May,1111.0,false,3579643.0,false,31.036614545081733,951.0,83.75396869836837
Connecticut,2020-06-01,2020,June,1111.0,false,3579643.0,false,31.036614545081733,975.0833333333334,84.83187472699736
Connecticut,2020-07-01,2020,July,1128.0,false,3579643.0,false,31.51152223839081,997.8333333333334,81.25809982936343
Connecticut,2020-08-01,2020,August,1094.0,false,3579643.0,false,30.561706851772648,1019.5,78.09376648386454
Connecticut,2020-09-01,2020,September,1125.0,false,3579643.0,false,31.42771499839509,1033.75,74.39834431197806
Connecticut,2020-10-01,2020,October,1137.0,false,3579643.0,false,31.762943958377974,1050.25,70.42097440651928
Connecticut,2020-11-01,2020,November,1135.0,false,3579643.0,false,31.707072465047492,1067.0833333333333,64.23884173830338
Connecticut,2020-12-01,2020,December,1150.0,false,3579643.0,false,32.126108665026095,1082.75,54.4728873343928
Connecticut,2021-01-01,2021,January,1164.0,false,3607765.0,false,32.26374223376523,1097.4166666666667,45.482180992986564
Connecticut,2021-02-01,2021,February,1171.0,false,3607765.0,false,32.45776817503358,1110.3333333333333,39.73625167236709
Connecticut,2021-03-01,2021,March,1180.0,false,3607765.0,false,32.70723009952145,1122.0833333333333,34.29672216867307
Connecticut,2021-04-01,2021,April,1171.0,false,3607765.0,false,32.45776817503358,1133.1666666666667,28.891122679760525
Connecticut,2021-05-01,2021,May,1183.0,false,3607765.0,false,32.79038407435074,1139.75,27.63109249970541
Connecticut,2021-06-01,2021,June,1196.0,false,3607765.0,false,33.15071796527767,1145.75,28.620161361593272
Connecticut,2021-07-01,2021,July,1209.0,false,3607765.0,false,33.5110518562046,1152.8333333333333,29.734685388473753
Connecticut,2021-08-01,2021,August,1261.0,false,3607765.0,false,34.95238741991233,1159.5833333333333,32.637007252875414
Connecticut,2021-09-01,2021,September,1275.0,false,3607765.0,false,35.34043930244902,1173.5,37.38862247942678
Connecticut,2021-10-01,2021,October,1287.0,false,3607765.0,false,35.67305520176619,1186.0,44.16086296917002
Connecticut,2021-11-01,2021,November,1312.0,false,3607765.0,false,36.36600499201029,1198.5,49.88805650472046
Connecticut,2021-12-01,2021,December,1303.0,false,3607765.0,false,36.116543067522414,1213.25,55.28130540492624
Connecticut,2022-01-01,2022,January,1291.0,false,3618707.0,false,35.675726164069104,1226.0,56.98484647055502
Connecticut,2022-02-01,2022,February,1287.0,false,3618707.0,false,35.56518944473814,1236.5833333333333,56.21138405136181
Connecticut,2022-03-01,2022,March,1301.0,false,3618707.0,false,35.95206796239651,1246.25,53.83159768287502
Connecticut,2022-04-01,2022,April,1303.0,false,3618707.0,false,36.007336322061995,1256.3333333333333,51.57930052282839
Connecticut,2022-05-01,2022,May,1300.0,false,3618707.0,false,35.924433782563774,1267.3333333333333,45.43593558433949
Connecticut,2022-06-01,2022,June,1292.0,false,3618707.0,false,35.70336034390184,1277.0833333333333,37.565599188942066
Connecticut,2022-07-01,2022,July,1263.0,false,3618707.0,false,34.90196912875234,1285.0833333333333,27.63876833636975
Connecticut,2022-08-01,2022,August,1237.0,false,3618707.0,false,34.18348045310107,1289.5833333333333,16.12146132183791
Connecticut,2022-09-01,2022,September,1223.0,false,3618707.0,false,33.79660193544269,1287.5833333333333,20.799730476109207
Connecticut,2022-10-01,2022,October,1250.0,false,3618707.0,false,34.542724790926705,1283.25,27.873496698150504
Connecticut,2022-11-01,2022,November,1257.0,false,3618707.0,false,34.73616404975589,1280.1666666666667,29.42427363229008
Connecticut,2022-12-01,2022,December,1253.0,false,3618707.0,false,34.625627330424926,1275.5833333333333,28.276100841309045
Connecticut,2023-01-01,2023,January,1252.0,false,3641369.0,false,34.38267311003087,1271.4166666666667,27.54321673078121
Connecticut,2023-02-01,2023,February,1265.0,false,3641369.0,false,34.73968169663662,1268.1666666666667,27.32242945850808
Connecticut,2023-03-01,2023,March,1244.0,false,3641369.0,false,34.162975518273484,1266.3333333333333,26.67424134844607
Connecticut,2023-04-01,2023,April,1244.0,false,3641369.0,false,34.162975518273484,1261.5833333333333,24.9598161900769
Connecticut,2023-05-01,2023,May,1240.0,false,3641369.0,false,34.05312672239479,1256.6666666666667,21.65150985007462
Connecticut,2023-06-01,2023,June,1228.0,false,3641369.0,false,33.723580334758715,1251.6666666666667,17.206411771796187
Connecticut,2023-07-01,2023,July,1229.0,false,3641369.0,false,33.75104253372839,1246.3333333333333,12.963819115546377
Connecticut,2023-08-01,2023,August,1213.0,false,3641369.0,false,33.31164735021362,1243.5,12.7028987386201
Connecticut,2023-09-01,2023,September,1209.0,false,3641369.0,false,33.20179855433492,1241.5,15.418406945183241
Connecticut,2023-10-01,2023,October,1158.0,false,3641369.0,false,31.801226406881586,1240.3333333333333,17.353717617603323
Connecticut,2023-11-01,2023,November,1134.0,false,3641369.0,false,31.142133631609433,1232.6666666666667,29.065234882723384
Connecticut,2023-12-01,2023,December,1121.0,false,3641369.0,false,30.785125045003678,1222.4166666666667,39.513998286759865
Connecticut,2024-01-01,2024,January,1115.0,false,3674449.0,false,30.344685693011385,1211.4166666666667,47.74260215579021
Connecticut,2024-02-01,2024,February,1090.0,false,3674449.0,false,29.664311574334,1200.0,53.22166339513881
Connecticut,2024-03-01,2024,March,1087.0,false,3674449.0,false,29.582666680092714,1185.4166666666667,57.58860103958914
Connecticut,2024-04-01,2024,April,1048.0,false,3674449.0,false,28.521283054955997,1172.3333333333333,60.81317640316461
Connecticut,2024-05-01,2024,May,997.0,false,3674449.0,false,27.13331985285413,1156.0,65.92144084921354
Connecticut,2024-06-01,2024,June,979.0,false,3674449.0,false,26.64345048740641,1135.75,74.53263470697674
Connecticut,2024-07-01,2024,July,930.0,false,3674449.0,false,25.309917214798734,1115.0,80.90398349558906
Connecticut,2024-08-01,2024,August,904.0,false,3674449.0,false,24.602328131374254,1090.0833333333333,88.30675700835887
Connecticut,2024-09-01,2024,September,851.0,false,3674449.0,false,23.159934999778198,1064.3333333333333,94.06992885694943
Connecticut,2024-10-01,2024,October,834.0,false,3674449.0,false,22.697280599077576,1034.5,100.56341282991546
Connecticut,2024-11-01,2024,November,788.0,false,3674449.0,false,21.445392220711188,1007.5,107.6370162756627
Connecticut,2024-12-01,2024,December,766.0,false,3674449.0,false,20.84666299627509,978.6666666666666,116.63644630243414
Connecticut,2025-01-01,2025,January,726.0,false,3688496.0,false,19.6828192303855,949.0833333333334,122.14407166303342
Connecticut,2025-02-01,2025,February,713.0,false,3688496.0,false,19.33037205408383,916.6666666666666,125.67586976991346
Connecticut,2025-03-01,2025,March,690.0,false,3688496.0,false,18.70681166524242,885.25,125.52806640168352
Connecticut,2025-04-01,2025,April,672.0,false,3688496.0,false,18.218807882670877,852.1666666666666,119.70253535200064
Connecticut,2025-05-01,2025,May,669.0,false,3688496.0,false,18.137473918908952,820.8333333333334,112.79251533302872
Connecticut,2025-06-01,2025,June,657.0,false,3688496.0,false,17.81213806386126,793.5,105.74282696497885
Connecticut,2025-07-01,2025,July,631.0,false,3688496.0,false,17.107243711257922,766.6666666666666,94.66623986246083
Connecticut,2025-08-01,2025,August,622.0,false,3688496.0,false,16.863241819972153,741.75,86.78932171434664
Connecticut,2025-09-01,2025,September,622.0,false,3688496.0,false,16.863241819972153,718.25,76.42242055598837
Connecticut,2025-10-01,2025,October,608.0,false,3688496.0,false,16.483683322416507,699.1666666666666,68.43421968753954
Connecticut,2025-11-01,2025,November,607.0,false,3688496.0,false,16.456572001162534,680.3333333333334,58.30224279692437
Connecticut,2025-12-01,2025,December,584.0,false,3688496.0,false,15.833011612321119,665.25,50.85295200155768
Connecticut,2026-01-01,2026,January,579.0,false,3702597.0,true,15.63767269297739,650.0833333333334,44.860305055772535
Connecticut,2026-02-01,2026,February,553.0,false,3702597.0,true,14.935462865658886,637.8333333333334,42.23921773839469
Connecticut,2026-03-01,2026,March,533.0,false,3702597.0,true,14.39530146002927,624.5,41.60310303112228
Connecticut,2026-04-01,2026,April,528.0,false,3702597.0,true,14.260261108621869,611.4166666666666,43.76270378329292
Montana,2015-01-01,2015,January,5.0,true,1031495.0,false,0.4847333239618224,,
Montana,2015-02-01,2015,February,5.0,true,1031495.0,false,0.4847333239618224,5.0,
Montana,2015-03-01,2015,March,5.0,true,1031495.0,false,0.4847333239618224,5.0,0.0
Montana,2015-04-01,2015,April,5.0,true,1031495.0,false,0.4847333239618224,5.0,0.0
Montana,2015-05-01,2015,May,5.0,true,1031495.0,false,0.4847333239618224,5.0,0.0
Montana,2015-06-01,2015,June,5.0,true,1031495.0,false,0.4847333239618224,5.0,0.0
Montana,2015-07-01,2015,July,5.0,true,1031495.0,false,0.4847333239618224,5.0,0.0
Montana,2015-08-01,2015,August,5.0,true,1031495.0,false,0.4847333239618224,5.0,0.0
Montana,2015-09-01,2015,September,5.0,true,1031495.0,false,0.4847333239618224,5.0,0.0
Montana,2015-10-01,2015,October,5.0,true,1031495.0,false,0.4847333239618224,5.0,0.0
Montana,2015-11-01,2015,November,5.0,true,1031495.0,false,0.4847333239618224,5.0,0.0
Montana,2015-12-01,2015,December,5.0,true,1031495.0,false,0.4847333239618224,5.0,0.0
Montana,2016-01-01,2016,January,5.0,true,1042137.0,false,0.4797833682135842,5.0,0.0
Montana,2016-02-01,2016,February,5.0,true,1042137.0,false,0.4797833682135842,5.0,0.0
Montana,2016-03-01,2016,March,5.0,true,1042137.0,false,0.4797833682135842,5.0,0.0
Montana,2016-04-01,2016,April,5.0,true,1042137.0,false,0.4797833682135842,5.0,0.0
Montana,2016-05-01,2016,May,5.0,true,1042137.0,false,0.4797833682135842,5.0,0.0
Montana,2016-06-01,2016,June,5.0,true,1042137.0,false,0.4797833682135842,5.0,0.0
Montana,2016-07-01,2016,July,5.0,true,1042137.0,false,0.4797833682135842,5.0,0.0
Montana,2016-08-01,2016,August,5.0,true,1042137.0,false,0.4797833682135842,5.0,0.0
Montana,2016-09-01,2016,September,5.0,true,1042137.0,false,0.4797833682135842,5.0,0.0
Montana,2016-10-01,2016,October,5.0,true,1042137.0,false,0.4797833682135842,5.0,0.0
Montana,2016-11-01,2016,November,5.0,true,1042137.0,false,0.4797833682135842,5.0,0.0
Montana,2016-12-01,2016,December,5.0,true,1042137.0,false,0.4797833682135842,5.0,0.0
Montana,2017-01-01,2017,January,5.0,true,1053862.0,false,0.47444542074768803,5.0,0.0
Montana,2017-02-01,2017,February,5.0,true,1053862.0,false,0.47444542074768803,5.0,0.0
Montana,2017-03-01,2017,March,5.0,true,1053862.0,false,0.47444542074768803,5.0,0.0
Montana,2017-04-01,2017,April,5.0,true,1053862.0,false,0.47444542074768803,5.0,0.0
Montana,2017-05-01,2017,May,5.0,true,1053862.0,false,0.47444542074768803,5.0,0.0
Montana,2017-06-01,2017,June,5.0,true,1053862.0,false,0.47444542074768803,5.0,0.0
Montana,2017-07-01,2017,July,5.0,true,1053862.0,false,0.47444542074768803,5.0,0.0
Montana,2017-08-01,2017,August,5.0,true,1053862.0,false,0.47444542074768803,5.0,0.0
Montana,2017-09-01,2017,September,5.0,true,1053862.0,false,0.47444542074768803,5.0,0.0
Montana,2017-10-01,2017,October,5.0,true,1053862.0,false,0.47444542074768803,5.0,0.0
Montana,2017-11-01,2017,November,5.0,true,1053862.0,false,0.47444542074768803,5.0,0.0
Montana,2017-12-01,2017,December,5.0,true,1053862.0,false,0.47444542074768803,5.0,0.0
Montana,2018-01-01,2018,January,5.0,true,1061818.0,false,0.4708904915908376,5.0,0.0
Montana,2018-02-01,2018,February,5.0,true,1061818.0,false,0.4708904915908376,5.0,0.0
Montana,2018-03-01,2018,March,5.0,true,1061818.0,false,0.4708904915908376,5.0,0.0
Montana,2018-04-01,2018,April,5.0,true,1061818.0,false,0.4708904915908376,5.0,0.0
Montana,2018-05-01,2018,May,5.0,true,1061818.0,false,0.4708904915908376,5.0,0.0
Montana,2018-06-01,2018,June,5.0,true,1061818.0,false,0.4708904915908376,5.0,0.0
Montana,2018-07-01,2018,July,5.0,true,1061818.0,false,0.4708904915908376,5.0,0.0
Montana,2018-08-01,2018,August,5.0,true,1061818.0,false,0.4708904915908376,5.0,0.0
Montana,2018-09-01,2018,September,5.0,true,1061818.0,false,0.4708904915908376,5.0,0.0
Montana,2018-10-01,2018,October,5.0,true,1061818.0,false,0.4708904915908376,5.0,0.0
Montana,2018-11-01,2018,November,5.0,true,1061818.0,false,0.4708904915908376,5.0,0.0
Montana,2018-12-01,2018,December,5.0,true,1061818.0,false,0.4708904915908376,5.0,0.0
Montana,2019-01-01,2019,January,5.0,true,1070123.0,false,0.46723600931855497,5.0,0.0
Montana,2019-02-01,2019,February,5.0,true,1070123.0,false,0.46723600931855497,5.0,0.0
Montana,2019-03-01,2019,March,5.0,true,1070123.0,false,0.46723600931855497,5.0,0.0
Montana,2019-04-01,2019,April,5.0,true,1070123.0,false,0.46723600931855497,5.0,0.0
Montana,2019-05-01,2019,May,5.0,true,1070123.0,false,0.46723600931855497,5.0,0.0
Montana,2019-06-01,2019,June,5.0,true,1070123.0,false,0.46723600931855497,5.0,0.0
Montana,2019-07-01,2019,July,5.0,true,1070123.0,false,0.46723600931855497,5.0,0.0
Montana,2019-08-01,2019,August,5.0,true,1070123.0,false,0.46723600931855497,5.0,0.0
Montana,2019-09-01,2019,September,5.0,true,1070123.0,false,0.46723600931855497,5.0,0.0
Montana,2019-10-01,2019,October,5.0,true,1070123.0,false,0.46723600931855497,5.0,0.0
Montana,2019-11-01,2019,November,5.0,true,1070123.0,false,0.46723600931855497,5.0,0.0
Montana,2019-12-01,2019,December,5.0,true,1070123.0,false,0.46723600931855497,5.0,0.0
Montana,2020-01-01,2020,January,5.0,true,1087156.0,false,0.4599155962897689,5.0,0.0
Montana,2020-02-01,2020,February,5.0,true,1087156.0,false,0.4599155962897689,5.0,0.0
Montana,2020-03-01,2020,March,5.0,true,1087156.0,false,0.4599155962897689,5.0,0.0
Montana,2020-04-01,2020,April,15.0,false,1087156.0,false,1.3797467888693067,5.0,0.0
Montana,2020-05-01,2020,May,16.0,false,1087156.0,false,1.4717299081272603,5.833333333333333,2.886751345948129
Montana,2020-06-01,2020,June,5.0,true,1087156.0,false,0.4599155962897689,6.75,4.092676385936225
Montana,2020-07-01,2020,July,17.0,false,1087156.0,false,1.5637130273852144,6.75,4.092676385936225
Montana,2020-08-01,2020,August,22.0,false,1087156.0,false,2.023628623674983,7.75,4.993177163071443
Montana,2020-09-01,2020,September,24.0,false,1087156.0,false,2.207594862190891,9.166666666666666,6.365151334819268
Montana,2020-10-01,2020,October,28.0,false,1087156.0,false,2.575527339222706,10.75,7.496969084539795
Montana,2020-11-01,2020,November,29.0,false,1087156.0,false,2.6675104584806597,12.666666666666666,8.731690800894421
Montana,2020-12-01,2020,December,30.0,false,1087156.0,false,2.7594935777386134,14.666666666666666,9.528267354974817
Montana,2021-01-01,2021,January,31.0,false,1106416.0,false,2.8018394527917168,16.75,9.946447515661971
Montana,2021-02-01,2021,February,32.0,false,1106416.0,false,2.8922213706237074,18.916666666666668,9.985975013472494
Montana,2021-03-01,2021,March,30.0,false,1106416.0,false,2.7114575349597256,21.166666666666668,9.599558070636125
Montana,2021-04-01,2021,April,38.0,false,1106416.0,false,3.4345128776156524,23.25,8.41130192063036
Montana,2021-05-01,2021,May,45.0,false,1106416.0,false,4.0671863024395885,25.166666666666668,8.962886439832502
Montana,2021-06-01,2021,June,48.0,false,1106416.0,false,4.338332055935561,27.583333333333332,10.103629710818451
Montana,2021-07-01,2021,July,49.0,false,1106416.0,false,4.428713973767552,31.166666666666668,8.922222851176752
Montana,2021-08-01,2021,August,51.0,false,1106416.0,false,4.609477809431534,33.833333333333336,9.083785087459495
Montana,2021-09-01,2021,September,53.0,false,1106416.0,false,4.790241645095516,36.25,9.497607354199555
Montana,2021-10-01,2021,October,51.0,false,1106416.0,false,4.609477809431534,38.666666666666664,9.782482798194417
Montana,2021-11-01,2021,November,54.0,false,1106416.0,false,4.880623562927506,40.583333333333336,9.755728697757151
Montana,2021-12-01,2021,December,64.0,false,1106416.0,false,5.784442741247415,42.666666666666664,9.726564686777165
Montana,2022-01-01,2022,January,72.0,false,1121533.0,false,6.419784348744084,45.5,10.613028014490665
Montana,2022-02-01,2022,February,78.0,false,1121533.0,false,6.954766377806092,48.916666666666664,12.026170956658975
Montana,2022-03-01,2022,March,88.0,false,1121533.0,false,7.846403092909437,52.75,13.396912805839735
Montana,2022-04-01,2022,April,81.0,false,1121533.0,false,7.222257392337096,57.583333333333336,14.829076678995058
Montana,2022-05-01,2022,May,84.0,false,1121533.0,false,7.4897484068681,61.166666666666664,14.861991383350611
Montana,2022-06-01,2022,June,82.0,false,1121533.0,false,7.311421063847431,64.41666666666667,15.264089368266431
Montana,2022-07-01,2022,July,81.0,false,1121533.0,false,7.222257392337096,67.25,15.094399924836658
Montana,2022-08-01,2022,August,82.0,false,1121533.0,false,7.311421063847431,69.91666666666667,14.38723129175396
Montana,2022-09-01,2022,September,86.0,false,1121533.0,false,7.668075749888769,72.5,13.433337093013987
Montana,2022-10-01,2022,October,92.0,false,1121533.0,false,8.203057778950775,75.25,12.417912282446897
Montana,2022-11-01,2022,November,93.0,false,1121533.0,false,8.29222145046111,78.66666666666667,10.654348948441266
Montana,2022-12-01,2022,December,89.0,false,1121533.0,false,7.935566764419772,81.91666666666667,8.084309531806698
Montana,2023-01-01,2023,January,92.0,false,1130612.0,false,8.137185878090804,84.0,6.0000000000000036
Montana,2023-02-01,2023,February,89.0,false,1130612.0,false,7.871842860326974,85.66666666666667,5.069217858503394
Montana,2023-03-01,2023,March,85.0,false,1130612.0,false,7.5180521699752,86.58333333333333,4.521832559590161
Montana,2023-04-01,2023,April,88.0,false,1130612.0,false,7.78339518773903,86.33333333333333,4.519318800908209
Montana,2023-05-01,2023,May,85.0,false,1130612.0,false,7.5180521699752,86.91666666666667,4.209477042305491
Montana,2023-06-01,2023,June,96.0,false,1130612.0,false,8.490976568442578,87.0,4.1560470729681676
Montana,2023-07-01,2023,July,99.0,false,1130612.0,false,8.75631958620641,88.16666666666667,4.569331228832935
Montana,2023-08-01,2023,August,99.0,false,1130612.0,false,8.75631958620641,89.66666666666667,4.942088872556061
Montana,2023-09-01,2023,September,94.0,false,1130612.0,false,8.314081223266692,91.08333333333333,4.981024599478111
Montana,2023-10-01,2023,October,93.0,false,1130612.0,false,8.225633550678747,91.75,4.769696007084729
Montana,2023-11-01,2023,November,92.0,false,1130612.0,false,8.137185878090804,91.83333333333333,4.783177592227562
Montana,2023-12-01,2023,December,95.0,false,1130612.0,false,8.402528895854635,91.75,4.76969600708473
Montana,2024-01-01,2024,January,88.0,false,1137557.0,false,7.735876092362844,92.25,4.769696007084731
Montana,2024-02-01,2024,February,89.0,false,1137557.0,false,7.823783775230603,91.91666666666667,4.925967063953182
Montana,2024-03-01,2024,March,93.0,false,1137557.0,false,8.175414506701642,91.91666666666667,4.92596706395318
Montana,2024-04-01,2024,April,94.0,false,1137557.0,false,8.263322189569402,92.58333333333333,4.420167280531222
Montana,2024-05-01,2024,May,91.0,false,1137557.0,false,7.999599140966123,93.08333333333333,4.187825066532602
Montana,2024-06-01,2024,June,86.0,false,1137557.0,false,7.5600607266273245,93.58333333333333,3.423404295390331
Montana,2024-07-01,2024,July,87.0,false,1137557.0,false,7.647968409495085,92.75,3.9571569224748866
Montana,2024-08-01,2024,August,83.0,false,1137557.0,false,7.296337678024046,91.75,3.7446932147677
Montana,2024-09-01,2024,September,81.0,false,1137557.0,false,7.120522312288528,90.41666666666667,3.776923551668947
Montana,2024-10-01,2024,October,79.0,false,1137557.0,false,6.944706946553008,89.33333333333333,4.458563432181707
Montana,2024-11-01,2024,November,78.0,false,1137557.0,false,6.856799263685248,88.16666666666667,5.184475660931189
Montana,2024-12-01,2024,December,73.0,false,1137557.0,false,6.41726084934645,87.0,5.783990443849763
Montana,2025-01-01,2025,January,74.0,false,1144694.0,false,6.464609755969718,85.16666666666667,6.464354475729094
Montana,2025-02-01,2025,February,76.0,false,1144694.0,false,6.6393289385634935,84.0,7.135060680126756
Montana,2025-03-01,2025,March,74.0,false,1144694.0,false,6.464609755969718,82.91666666666667,7.292067088572515
Montana,2025-04-01,2025,April,78.0,false,1144694.0,false,6.81404812115727,81.33333333333333,6.958752935996681
Montana,2025-05-01,2025,May,83.0,false,1144694.0,false,7.250846077641711,80.0,5.736644568830361
Montana,2025-06-01,2025,June,85.0,false,1144694.0,false,7.425565260235486,79.33333333333333,4.716187468965193
Montana,2025-07-01,2025,July,82.0,false,1144694.0,false,7.163486486344822,79.25,4.594957710756036
Montana,2025-08-01,2025,August,85.0,false,1144694.0,false,7.425565260235486,78.83333333333333,4.018894767409963
Montana,2025-09-01,2025,September,87.0,false,1144694.0,false,7.600284442829262,79.0,4.242640687119286
Montana,2025-10-01,2025,October,89.0,false,1144694.0,false,7.7750036254230395,79.5,4.814750064314679
Montana,2025-11-01,2025,November,90.0,false,1144694.0,false,7.862363216719927,80.33333333333333,5.532274451440439
Montana,2025-12-01,2025,December,91.0,false,1144694.0,false,7.949722808016815,81.33333333333333,6.124961348053678
Montana,2026-01-01,2026,January,87.0,false,1151876.0,true,7.552896318700971,82.83333333333333,6.102657146065503
Montana,2026-02-01,2026,February,83.0,false,1151876.0,true,7.2056367178411564,83.91666666666667,5.51787728179684
Montana,2026-03-01,2026,March,78.0,false,1151876.0,true,6.771562216766387,84.5,4.945153734166961
Montana,2026-04-01,2026,April,70.0,false,1151876.0,true,6.077043015046758,84.83333333333333,4.260459500043999
Washington,2015-01-01,2015,January,67.0,false,7167287.0,false,0.9348028061385012,,
Washington,2015-02-01,2015,February,68.0,false,7167287.0,false,0.9487550868271355,67.0,
Washington,2015-03-01,2015,March,67.0,false,7167287.0,false,0.9348028061385012,67.5,0.7071067811865476
Washington,2015-04-01,2015,April,68.0,false,7167287.0,false,0.9487550868271355,67.33333333333333,0.5773502691896247
Washington,2015-05-01,2015,May,68.0,false,7167287.0,false,0.9487550868271355,67.5,0.5773502691896257
Washington,2015-06-01,2015,June,68.0,false,7167287.0,false,0.9487550868271355,67.6,0.5477225575051667
Washington,2015-07-01,2015,July,74.0,false,7167287.0,false,1.0324687709589415,67.66666666666667,0.5163977794943239
Washington,2015-08-01,2015,August,74.0,false,7167287.0,false,1.0324687709589415,68.57142857142857,2.4397501823713355
Washington,2015-09-01,2015,September,73.0,false,7167287.0,false,1.0185164902703072,69.25,2.964070560178063
Washington,2015-10-01,2015,October,70.0,false,7167287.0,false,0.9766596482044043,69.66666666666667,3.0413812651491114
Washington,2015-11-01,2015,November,67.0,false,7167287.0,false,0.9348028061385012,69.7,2.8693785622209806
Washington,2015-12-01,2015,December,65.0,false,7167287.0,false,0.9068982447612325,69.45454545454545,2.841254524453464
Washington,2016-01-01,2016,January,61.0,false,7299961.0,false,0.8356209026322196,69.08333333333333,2.998737107921307
Washington,2016-02-01,2016,February,59.0,false,7299961.0,false,0.8082234959885402,68.58333333333333,3.7769235516689426
Washington,2016-03-01,2016,March,64.0,false,7299961.0,false,0.8767170125977385,67.83333333333333,4.687184332805458
Washington,2016-04-01,2016,April,68.0,false,7299961.0,false,0.9315118258850973,67.58333333333333,4.8139632761626325
Washington,2016-05-01,2016,May,76.0,false,7299961.0,false,1.0411014524598146,67.58333333333333,4.813963276162626
Washington,2016-06-01,2016,June,77.0,false,7299961.0,false,1.0548001557816542,68.25,5.395705362937857
Washington,2016-07-01,2016,July,78.0,false,7299961.0,false,1.0684988591034938,69.0,5.954371961386478
Washington,2016-08-01,2016,August,88.0,false,7299961.0,false,1.2054858923218905,69.33333333333333,6.3580061673643
Washington,2016-09-01,2016,September,88.0,false,7299961.0,false,1.2054858923218905,70.5,8.284706611363104
Washington,2016-10-01,2016,October,89.0,false,7299961.0,false,1.2191845956437302,71.75,9.70590260895634
Washington,2016-11-01,2016,November,93.0,false,7299961.0,false,1.2739794089310887,73.33333333333333,10.873933246182094
Washington,2016-12-01,2016,December,94.0,false,7299961.0,false,1.2876781122529286,75.5,12.026485922178745
Washington,2017-01-01,2017,January,101.0,false,7427951.0,false,1.3597289481311872,77.91666666666667,12.623631038891327
Washington,2017-02-01,2017,February,104.0,false,7427951.0,false,1.4001169366895394,81.25,13.025324982859015
Washington,2017-03-01,2017,March,105.0,false,7427951.0,false,1.4135795995423235,85.0,12.504544628399572
Washington,2017-04-01,2017,April,105.0,false,7427951.0,false,1.4135795995423235,88.41666666666667,11.827997089597002
Washington,2017-05-01,2017,May,98.0,false,7427951.0,false,1.3193409595728351,91.5,10.799831648519504
Washington,2017-06-01,2017,June,103.0,false,7427951.0,false,1.3866542738367553,93.33333333333333,9.745239708170187
Washington,2017-07-01,2017,July,100.0,false,7427951.0,false,1.346266285278403,95.5,8.607607628772872
Washington,2017-08-01,2017,August,95.0,false,7427951.0,false,1.278952971014483,97.33333333333333,6.665151342936063
Washington,2017-09-01,2017,September,105.0,false,7427951.0,false,1.4135795995423235,97.91666666666667,6.052172162024797
Washington,2017-10-01,2017,October,116.0,false,7427951.0,false,1.5616688909229475,99.33333333333333,5.482755334738732
Washington,2017-11-01,2017,November,123.0,false,7427951.0,false,1.6559075308924358,101.58333333333333,6.33113997107419
Washington,2017-12-01,2017,December,136.0,false,7427951.0,false,1.8309221479786284,104.08333333333333,8.262272781453756
Washington,2018-01-01,2018,January,144.0,false,7526793.0,false,1.9131654078968294,107.58333333333333,11.758620306615555
Washington,2018-02-01,2018,February,152.0,false,7526793.0,false,2.0194523750022086,111.16666666666667,15.520270225701221
Washington,2018-03-01,2018,March,154.0,false,7526793.0,false,2.0460241167785536,115.16666666666667,19.244046698481416
Washington,2018-04-01,2018,April,167.0,false,7526793.0,false,2.218740438324795,119.25,21.90527126266436
Washington,2018-05-01,2018,May,172.0,false,7526793.0,false,2.2851697927656573,124.41666666666667,25.289086159604086
Washington,2018-06-01,2018,June,184.0,false,7526793.0,false,2.4446002434237264,130.58333333333334,27.211155243704187
Washington,2018-07-01,2018,July,188.0,false,7526793.0,false,2.4977437269764162,137.33333333333334,29.6811336874065
Washington,2018-08-01,2018,August,200.0,false,7526793.0,false,2.6571741776344853,144.66666666666666,30.479004199115444
Washington,2018-09-01,2018,September,198.0,false,7526793.0,false,2.6306024358581404,153.41666666666666,29.992296990858808
Washington,2018-10-01,2018,October,210.0,false,7526793.0,false,2.7900328865162094,161.16666666666666,28.312648420910058
Washington,2018-11-01,2018,November,215.0,false,7526793.0,false,2.8564622409570717,169.0,27.676705006196094
Washington,2018-12-01,2018,December,219.0,false,7526793.0,false,2.909605724509761,176.66666666666666,26.49299507188245
Washington,2019-01-01,2019,January,232.0,false,7614024.0,false,3.047009045414094,183.58333333333334,25.734512847830462
Washington,2019-02-01,2019,February,236.0,false,7614024.0,false,3.09954368412813,190.91666666666666,25.966616096733734
Washington,2019-03-01,2019,March,252.0,false,7614024.0,false,3.3096822389842746,197.91666666666666,25.843790649815972
Washington,2019-04-01,2019,April,250.0,false,7614024.0,false,3.283414919627256,206.08333333333334,26.186250150979944
Washington,2019-05-01,2019,May,258.0,false,7614024.0,false,3.3884841970553286,213.0,25.884358211089562
Washington,2019-06-01,2019,June,265.0,false,7614024.0,false,3.4804198148048915,220.16666666666666,25.40162247263793
Washington,2019-07-01,2019,July,276.0,false,7614024.0,false,3.624890071268491,226.91666666666666,25.677929445460755
Washington,2019-08-01,2019,August,276.0,false,7614024.0,false,3.624890071268491,234.25,26.115564846901687
Washington,2019-09-01,2019,September,295.0,false,7614024.0,false,3.8744296051601625,240.58333333333334,26.269437248127968
Washington,2019-10-01,2019,October,297.0,false,7614024.0,false,3.9006969245171805,248.66666666666666,26.891476626461305
Washington,2019-11-01,2019,November,309.0,false,7614024.0,false,4.058300840659289,255.91666666666666,27.24454351820106
Washington,2019-12-01,2019,December,328.0,false,7614024.0,false,4.307840374550961,263.75,27.91586385096214
Washington,2020-01-01,2020,January,339.0,false,7726812.0,false,4.3873204110569795,272.8333333333333,29.70715657068431
Washington,2020-02-01,2020,February,339.0,false,7726812.0,false,4.3873204110569795,281.75,32.28319292533729
Washington,2020-03-01,2020,March,364.0,false,7726812.0,false,4.710869113937288,290.3333333333333,32.703442502512715
Washington,2020-04-01,2020,April,418.0,false,7726812.0,false,5.409734312158753,299.6666666666667,36.52728328581834
Washington,2020-05-01,2020,May,460.0,false,7726812.0,false,5.953296132997671,313.6666666666667,46.574150718521025
Washington,2020-06-01,2020,June,488.0,false,7726812.0,false,6.315670680223617,330.5,59.37171043518954
Washington,2020-07-01,2020,July,529.0,false,7726812.0,false,6.846290552947322,349.0833333333333,70.80505674460022
Washington,2020-08-01,2020,August,567.0,false,7726812.0,false,7.33808458132539,370.1666666666667,83.57993814669918
Washington,2020-09-01,2020,September,588.0,false,7726812.0,false,7.609865491744849,394.4166666666667,95.18447002181254
Washington,2020-10-01,2020,October,609.0,false,7726812.0,false,7.881646402164308,418.8333333333333,104.48908888955678
Washington,2020-11-01,2020,November,642.0,false,7726812.0,false,8.308730689966316,444.8333333333333,110.08495342096926
Washington,2020-12-01,2020,December,661.0,false,7726812.0,false,8.55462770415535,472.5833333333333,114.6095810157513
Washington,2021-01-01,2021,January,697.0,false,7744316.0,false,9.000149270768393,500.3333333333333,116.7143625448146
Washington,2021-02-01,2021,February,736.0,false,7744316.0,false,9.503744423652133,530.1666666666666,117.47868923444126
Washington,2021-03-01,2021,March,792.0,false,7744316.0,false,10.226855412408275,563.25,114.61486893862497
Washington,2021-04-01,2021,April,806.0,false,7744316.0,false,10.40763315959731,598.9166666666666,113.56332501242987
Washington,2021-05-01,2021,May,829.0,false,7744316.0,false,10.70462517283644,631.25,112.60157031038082
Washington,2021-06-01,2021,June,865.0,false,7744316.0,false,11.169482237036815,662.0,111.96671583352551
Washington,2021-07-01,2021,July,918.0,false,7744316.0,false,11.85385513710959,693.4166666666666,111.59623513797268
Washington,2021-08-01,2021,August,989.0,false,7744316.0,false,12.770656569282556,725.8333333333334,115.90970885159112
Washington,2021-09-01,2021,September,1053.0,false,7744316.0,false,13.597069127861003,761.0,126.84063014091917
Washington,2021-10-01,2021,October,1124.0,false,7744316.0,false,14.513870560033967,799.75,139.5741086956382
Washington,2021-11-01,2021,November,1168.0,false,7744316.0,false,15.082029194056647,842.6666666666666,154.01908579094598
Washington,2021-12-01,2021,December,1215.0,false,7744316.0,false,15.688925916762694,886.5,166.0938945843038
Washington,2022-01-01,2022,January,1266.0,false,7786828.0,false,16.25822478678096,932.6666666666666,174.49789440424533
Washington,2022-02-01,2022,February,1331.0,false,7786828.0,false,17.09296776556513,980.0833333333334,181.79331837573295
Washington,2022-03-01,2022,March,1356.0,false,7786828.0,false,17.4140227574052,1029.6666666666667,190.11973898444933
Washington,2022-04-01,2022,April,1394.0,false,7786828.0,false,17.902026345002096,1076.6666666666667,195.65755489599368
Washington,2022-05-01,2022,May,1452.0,false,7786828.0,false,18.646873926071052,1125.6666666666667,195.33855614074636
Washington,2022-06-01,2022,June,1506.0,false,7786828.0,false,19.340352708445593,1177.5833333333333,192.08589855645943
Washington,2022-07-01,2022,July,1548.0,false,7786828.0,false,19.87972509473691,1231.0,186.29790415060785
Washington,2022-08-01,2022,August,1594.0,false,7786828.0,false,20.47046627972263,1283.5,178.6873857276496
Washington,2022-09-01,2022,September,1625.0,false,7786828.0,false,20.86857446960431,1333.9166666666667,173.30973761308132
Washington,2022-10-01,2022,October,1670.0,false,7786828.0,false,21.446473454916433,1381.5833333333333,167.58957351671717
Washington,2022-11-01,2022,November,1760.0,false,7786828.0,false,22.60227142554067,1427.0833333333333,165.4033408112277
Washington,2022-12-01,2022,December,1899.0,false,7786828.0,false,24.38733718017144,1476.4166666666667,169.34228829817022
Washington,2023-01-01,2023,January,2002.0,false,7838655.0,false,25.540095845524522,1533.4166666666667,187.494222133199
Washington,2023-02-01,2023,February,2049.0,false,7838655.0,false,26.139688505234634,1594.75,210.97441680320995
Washington,2023-03-01,2023,March,2155.0,false,7838655.0,false,27.491961312240427,1654.5833333333333,230.3023539663115
Washington,2023-04-01,2023,April,2277.0,false,7838655.0,false,29.048350769360304,1721.1666666666667,250.7254323443125
Washington,2023-05-01,2023,May,2365.0,false,7838655.0,false,30.170992344987756,1794.75,274.43069169729273
Washington,2023-06-01,2023,June,2433.0,false,7838655.0,false,31.038488107972604,1870.8333333333333,296.44525275130974
Washington,2023-07-01,2023,July,2521.0,false,7838655.0,false,32.16112968360006,1948.0833333333333,313.04877875306886
Washington,2023-08-01,2023,August,2553.0,false,7838655.0,false,32.56936298382822,2029.1666666666667,325.75334599086233
Washington,2023-09-01,2023,September,2628.0,false,7838655.0,false,33.52615978123798,2109.0833333333335,326.9221364994016
Washington,2023-10-01,2023,October,2675.0,false,7838655.0,false,34.1257524409481,2192.6666666666665,320.0515110056031
Washington,2023-11-01,2023,November,2701.0,false,7838655.0,false,34.45744199738348,2276.4166666666665,301.82157833977857
Washington,2023-12-01,2023,December,2687.0,false,7838655.0,false,34.27883992853366,2354.8333333333335,276.6444496373487
Washington,2024-01-01,2024,January,2683.0,false,7927958.0,false,33.842257993798654,2420.5,250.93624688354615
Washington,2024-02-01,2024,February,2744.0,false,7927958.0,false,34.611686893396765,2477.25,223.15429843292486
Washington,2024-03-01,2024,March,2724.0,false,7927958.0,false,34.359415123036726,2535.1666666666665,189.56449290333094
Washington,2024-04-01,2024,April,2695.0,false,7927958.0,false,33.99362105601468,2582.5833333333335,153.573469733742
Washington,2024-05-01,2024,May,2692.0,false,7927958.0,false,33.95578029046067,2617.4166666666665,122.15076997735468
Washington,2024-06-01,2024,June,2664.0,false,7927958.0,false,33.60259981195662,2644.6666666666665,93.93743888483665
Washington,2024-07-01,2024,July,2582.0,false,7927958.0,false,32.568285553480486,2663.9166666666665,66.18906574535114
Washington,2024-08-01,2024,August,2491.0,false,7927958.0,false,31.42044899834232,2669.0,55.731499172371045
Washington,2024-09-01,2024,September,2403.0,false,7927958.0,false,30.31045320875817,2663.8333333333335,68.80384943424095
Washington,2024-10-01,2024,October,2342.0,false,7927958.0,false,29.541024309160065,2645.0833333333335,102.07168455491863
Washington,2024-11-01,2024,November,2344.0,false,7927958.0,false,29.566251486196066,2617.3333333333335,133.59663396231443
Washington,2024-12-01,2024,December,2342.0,false,7927958.0,false,29.541024309160065,2587.5833333333335,151.78301398158246
Washington,2025-01-01,2025,January,2362.0,false,8001020.0,false,29.521236042404595,2558.8333333333335,163.46466581404354
Washington,2025-02-01,2025,February,2332.0,false,8001020.0,false,29.146283848809276,2532.0833333333335,167.51307049862942
Washington,2025-03-01,2025,March,2380.0,false,8001020.0,false,29.746207358561783,2497.75,162.2697669707062
Washington,2025-04-01,2025,April,2396.0,false,8001020.0,false,29.94618186181262,2469.0833333333335,148.46515252796377
Washington,2025-05-01,2025,May,2342.0,false,8001020.0,false,29.271267913341045,2444.1666666666665,131.18816003486495
Washington,2025-06-01,2025,June,2300.0,false,8001020.0,false,28.746334842307604,2415.0,107.92337348996534
Washington,2025-07-01,2025,July,2316.0,false,8001020.0,false,28.946309345558443,2384.6666666666665,78.8004768482727
Washington,2025-08-01,2025,August,2351.0,false,8001020.0,false,29.383753571419646,2362.5,50.61710095502217
Washington,2025-09-01,2025,September,2336.0,false,8001020.0,false,29.196277474621986,2350.8333333333335,30.40584074672423
Washington,2025-10-01,2025,October,2320.0,false,8001020.0,false,28.996302971371147,2345.25,25.75099291995617
Washington,2025-11-01,2025,November,2235.0,false,8001020.0,false,27.933938422851085,2343.4166666666665,26.76652703839201
Washington,2025-12-01,2025,December,2145.0,false,8001020.0,false,26.809081842065137,2334.3333333333335,41.17000967900893
Washington,2026-01-01,2026,January,2016.0,false,8074755.0,true,24.96670177609104,2317.9166666666665,68.22350745671879
Washington,2026-02-01,2026,February,1956.0,false,8074755.0,true,24.223645175612138,2289.0833333333335,108.89232240515328
Washington,2026-03-01,2026,March,1836.0,false,8074755.0,true,22.73753197465434,2257.75,143.89208393161104
Washington,2026-04-01,2026,April,1736.0,false,8074755.0,true,21.499104307189505,2212.4166666666665,182.4133459697476
Maryland,2015-01-01,2015,January,237.0,false,5988528.0,false,3.9575668678513316,,
Maryland,2015-02-01,2015,February,259.0,false,5988528.0,false,4.324935944191961,237.0,
Maryland,2015-03-01,2015,March,263.0,false,5988528.0,false,4.391730321708439,248.0,15.556349186104045
Maryland,2015-04-01,2015,April,244.0,false,5988528.0,false,4.074457028505169,253.0,14.0
Maryland,2015-05-01,2015,May,233.0,false,5988528.0,false,3.8907724903348533,250.75,12.284814474246922
Maryland,2015-06-01,2015,June,227.0,false,5988528.0,false,3.7905809240601367,247.2,13.274034804836091
Maryland,2015-07-01,2015,July,231.0,false,5988528.0,false,3.8573753015766146,243.83333333333334,14.45567939139031
Maryland,2015-08-01,2015,August,243.0,false,5988528.0,false,4.0577584341260495,242.0,14.059397805975419
Maryland,2015-09-01,2015,September,268.0,false,5988528.0,false,4.475223293604038,242.125,13.021273802073715
Maryland,2015-10-01,2015,October,299.0,false,5988528.0,false,4.992879719356743,245.0,14.9248115565993
Maryland,2015-11-01,2015,November,330.0,false,5988528.0,false,5.510536145109449,250.4,22.12690669750294
Maryland,2015-12-01,2015,December,373.0,false,5988528.0,false,6.22857570341159,257.6363636363636,31.8850207065096
Maryland,2016-01-01,2016,January,386.0,false,6007014.0,false,6.425821547943787,267.25,45.09207751418707
Maryland,2016-02-01,2016,February,421.0,false,6007014.0,false,7.0084737608402445,279.6666666666667,55.352315108573265
Maryland,2016-03-01,2016,March,449.0,false,6007014.0,false,7.47459553115741,293.1666666666667,68.13333629840471
Maryland,2016-04-01,2016,April,521.0,false,6007014.0,false,8.673194369115837,308.6666666666667,80.65339234632167
Maryland,2016-05-01,2016,May,617.0,false,6007014.0,false,10.271326153060405,331.75,98.19472768664589
Maryland,2016-06-01,2016,June,706.0,false,6007014.0,false,11.752927494425684,363.75,122.61997835144601
Maryland,2016-07-01,2016,July,778.0,false,6007014.0,false,12.95152633238411,403.6666666666667,149.1511334387393
Maryland,2016-08-01,2016,August,845.0,false,6007014.0,false,14.066889139928756,449.25,173.22718923687785
Maryland,2016-09-01,2016,September,913.0,false,6007014.0,false,15.198899153556159,499.4166666666667,193.99224836122298
Maryland,2016-10-01,2016,October,974.0,false,6007014.0,false,16.21437872460427,553.1666666666666,212.51559657558965
Maryland,2016-11-01,2016,November,1040.0,false,6007014.0,false,17.313094326066164,609.4166666666666,227.90008110945675
Maryland,2016-12-01,2016,December,1122.0,false,6007014.0,false,18.678165224852147,668.5833333333334,240.57561968719688
Maryland,2017-01-01,2017,January,1224.0,false,6028186.0,false,20.304615683723096,731.0,253.71960185140674
Maryland,2017-02-01,2017,February,1270.0,false,6028186.0,false,21.067697645693084,800.8333333333334,265.1952396848691
Maryland,2017-03-01,2017,March,1339.0,false,6028186.0,false,22.212320588648062,871.5833333333334,267.8858163585012
Maryland,2017-04-01,2017,April,1394.0,false,6028186.0,false,23.124701195351303,945.75,263.41882482603114
Maryland,2017-05-01,2017,May,1427.0,false,6028186.0,false,23.67212955937325,1018.5,255.89220031454298
Maryland,2017-06-01,2017,June,1457.0,false,6028186.0,false,24.169791708484112,1086.0,247.0340425565233
Maryland,2017-07-01,2017,July,1478.0,false,6028186.0,false,24.518155212861714,1148.5833333333333,236.93591704905938
Maryland,2017-08-01,2017,August,1506.0,false,6028186.0,false,24.982639885365185,1206.9166666666667,223.1743950502848
Maryland,2017-09-01,2017,September,1536.0,false,6028186.0,false,25.480302034476043,1262.0,206.69080992896352
Maryland,2017-10-01,2017,October,1563.0,false,6028186.0,false,25.928197968675818,1313.9166666666667,188.50196928478604
Maryland,2017-11-01,2017,November,1584.0,false,6028186.0,false,26.27656147305342,1363.0,167.45474286830728
Maryland,2017-12-01,2017,December,1598.0,false,6028186.0,false,26.508803809305153,1408.3333333333333,144.06522092020646
Maryland,2018-01-01,2018,January,1612.0,false,6042153.0,false,26.679231724188384,1448.0,121.88220841153452
Maryland,2018-02-01,2018,February,1682.0,false,6042153.0,false,27.837759156380187,1480.3333333333333,107.69598062334654
Maryland,2018-03-01,2018,March,1738.0,false,6042153.0,false,28.764581102133626,1514.6666666666667,99.93937556278198
Maryland,2018-04-01,2018,April,1778.0,false,6042153.0,false,29.4265967776718,1547.9166666666667,102.52224444509875
Maryland,2018-05-01,2018,May,1804.0,false,6042153.0,false,29.856906966771614,1579.9166666666667,109.78446514821118
Maryland,2018-06-01,2018,June,1838.0,false,6042153.0,false,30.41962029097906,1611.3333333333333,115.82301022236345
Maryland,2018-07-01,2018,July,1858.0,false,6042153.0,false,30.750628128748147,1643.0833333333333,121.74000487875293
Maryland,2018-08-01,2018,August,1875.0,false,6042153.0,false,31.031984790851872,1674.75,124.29080635933839
Maryland,2018-09-01,2018,September,1884.0,false,6042153.0,false,31.180938317847957,1705.5,124.39197577160532
Maryland,2018-10-01,2018,October,1880.0,false,6042153.0,false,31.114736750294146,1734.5,121.82215054593462
Maryland,2018-11-01,2018,November,1891.0,false,6042153.0,false,31.29679106106714,1760.9166666666667,115.45598006744105
Maryland,2018-12-01,2018,December,1890.0,false,6042153.0,false,31.280240669178685,1786.5,106.34378214075329
Maryland,2019-01-01,2019,January,1902.0,false,6054954.0,false,31.41229479200007,1810.8333333333333,91.68804158502338
Maryland,2019-02-01,2019,February,1876.0,false,6054954.0,false,30.982894337430142,1835.0,70.22172675953585
Maryland,2019-03-01,2019,March,1873.0,false,6054954.0,false,30.933348131133613,1851.1666666666667,51.67878645727831
Maryland,2019-04-01,2019,April,1872.0,false,6054954.0,false,30.916832729034773,1862.4166666666667,37.57285851475368
Maryland,2019-05-01,2019,May,1854.0,false,6054954.0,false,30.61955549125559,1870.25,26.55739924287497
Maryland,2019-06-01,2019,June,1831.0,false,6054954.0,false,30.239701242982193,1874.4166666666667,17.645284373057308
Maryland,2019-07-01,2019,July,1848.0,false,6054954.0,false,30.52046307866253,1873.8333333333333,19.020722351895017
Maryland,2019-08-01,2019,August,1886.0,false,6054954.0,false,31.148048358418578,1873.0,19.972708652285778
Maryland,2019-09-01,2019,September,1891.0,false,6054954.0,false,31.230625368912797,1873.9166666666667,20.32221504271677
Maryland,2019-10-01,2019,October,1912.0,false,6054954.0,false,31.577448812988504,1874.5,20.734249224630503
Maryland,2019-11-01,2019,November,1934.0,false,6054954.0,false,31.940787659163057,1877.1666666666667,23.393213209014807
Maryland,2019-12-01,2019,December,1926.0,false,6054954.0,false,31.80866444237231,1880.75,28.451314077336995
Maryland,2020-01-01,2020,January,1910.0,false,6178387.0,false,30.914217578147824,1883.75,31.273354909135154
Maryland,2020-02-01,2020,February,1926.0,false,6178387.0,false,31.173184845818174,1884.4166666666667,31.77894767218573
Maryland,2020-03-01,2020,March,1956.0,false,6178387.0,false,31.658748472700072,1888.5833333333333,33.78934294965952
Maryland,2020-04-01,2020,April,1938.0,false,6178387.0,false,31.36741029657093,1895.5,38.479037977012375
Maryland,2020-05-01,2020,May,2008.0,false,6178387.0,false,32.50039209262871,1901.0,39.51754501024029
Maryland,2020-06-01,2020,June,2052.0,false,6178387.0,false,33.21255207872216,1913.8333333333333,47.13777356822987
Maryland,2020-07-01,2020,July,2086.0,false,6178387.0,false,33.76285752252166,1932.25,54.43949936313786
Maryland,2020-08-01,2020,August,2128.0,false,6178387.0,false,34.442646600156316,1952.0833333333333,63.54734574720763
Maryland,2020-09-01,2020,September,2195.0,false,6178387.0,false,35.527072033525904,1972.25,77.53019939469925
Maryland,2020-10-01,2020,October,2279.0,false,6178387.0,false,36.88665018879523,1997.5833333333333,96.02789209706766
Maryland,2020-11-01,2020,November,2301.0,false,6178387.0,false,37.24273018184196,2028.1666666666667,121.38656008676148
Maryland,2020-12-01,2020,December,2335.0,false,6178387.0,false,37.79303562564145,2058.75,140.26865456881467
Maryland,2021-01-01,2021,January,2393.0,false,6176035.0,false,38.74654207756271,2092.8333333333335,154.0896039991214
Maryland,2021-02-01,2021,February,2401.0,false,6176035.0,false,38.876075022243235,2133.0833333333335,164.7066032419925
Maryland,2021-03-01,2021,March,2392.0,false,6176035.0,false,38.73035045947764,2172.6666666666665,167.46903829627365
Maryland,2021-04-01,2021,April,2441.0,false,6176035.0,false,39.52373974564587,2209.0,163.43639296513658
Maryland,2021-05-01,2021,May,2428.0,false,6176035.0,false,39.313248710540016,2250.9166666666665,151.69494408386214
Maryland,2021-06-01,2021,June,2429.0,false,6176035.0,false,39.329440328625076,2285.9166666666665,138.42455006466892
Maryland,2021-07-01,2021,July,2456.0,false,6176035.0,false,39.76661401692186,2317.3333333333335,122.35814297183123
Maryland,2021-08-01,2021,August,2412.0,false,6176035.0,false,39.05418282117896,2348.1666666666665,104.00684709394974
Maryland,2021-09-01,2021,September,2379.0,false,6176035.0,false,38.51985942437179,2371.8333333333335,78.55031199907198
Maryland,2021-10-01,2021,October,2316.0,false,6176035.0,false,37.49978748501263,2387.1666666666665,55.45814692726447
Maryland,2021-11-01,2021,November,2292.0,false,6176035.0,false,37.11118865097105,2390.25,49.6187739396362
Maryland,2021-12-01,2021,December,2297.0,false,6176035.0,false,37.19214674139638,2389.5,51.135292918083294
Maryland,2022-01-01,2022,January,2274.0,false,6183257.0,false,36.77673433273112,2386.3333333333335,55.782586617124316
Maryland,2022-02-01,2022,February,2269.0,false,6183257.0,false,36.695870800777,2376.4166666666665,64.40138103168185
Maryland,2022-03-01,2022,March,2255.0,false,6183257.0,false,36.46945291130548,2365.4166666666665,70.7780889738333
Maryland,2022-04-01,2022,April,2193.0,false,6183257.0,false,35.46674511507447,2354.0,76.88598406377164
Maryland,2022-05-01,2022,May,2138.0,false,6183257.0,false,34.577246263579205,2333.3333333333335,84.34381297925052
Maryland,2022-06-01,2022,June,2090.0,false,6183257.0,false,33.80095635681972,2309.1666666666665,95.5546805221858
Maryland,2022-07-01,2022,July,2038.0,false,6183257.0,false,32.95997562449693,2280.9166666666665,106.40186117078062
Maryland,2022-08-01,2022,August,2031.0,false,6183257.0,false,32.84676667976117,2246.0833333333335,112.13989504456501
Maryland,2022-09-01,2022,September,2000.0,false,6183257.0,false,32.34541278164566,2214.3333333333335,114.79811000450347
Maryland,2022-10-01,2022,October,1998.0,false,6183257.0,false,32.31306736886402,2182.75,117.48046259233516
Maryland,2022-11-01,2022,November,2037.0,false,6183257.0,false,32.9438029181061,2156.25,120.51716211244107
Maryland,2022-12-01,2022,December,2047.0,false,6183257.0,false,33.10552998201433,2135.0,116.83010197407484
Maryland,2023-01-01,2023,January,2039.0,false,6204927.0,false,32.86098289311059,2114.1666666666665,107.20993282793226
Maryland,2023-02-01,2023,February,2020.0,false,6204927.0,false,32.55477461701,2094.5833333333335,96.26427481709199
Maryland,2023-03-01,2023,March,2011.0,false,6204927.0,false,32.409728591488665,2073.8333333333335,80.85321529934622
Maryland,2023-04-01,2023,April,2041.0,false,6204927.0,false,32.89321534322644,2053.5,58.83335479439904
Maryland,2023-05-01,2023,May,2049.0,false,6204927.0,false,33.02214514368985,2040.8333333333333,39.133415930943805
Maryland,2023-06-01,2023,June,2085.0,false,6204927.0,false,33.602329245775174,2033.4166666666667,24.88321206002637
Maryland,2023-07-01,2023,July,2094.0,false,6204927.0,false,33.7473752712965,2033.0,23.87086470612622
Maryland,2023-08-01,2023,August,2081.0,false,6204927.0,false,33.53786434554347,2037.6666666666667,29.699505148412957
Maryland,2023-09-01,2023,September,2074.0,false,6204927.0,false,33.425050770137986,2041.8333333333333,32.090308175333526
Maryland,2023-10-01,2023,October,2091.0,false,6204927.0,false,33.69902659612273,2048.0,30.385403194177456
Maryland,2023-11-01,2023,November,2063.0,false,6204927.0,false,33.247772294500805,2055.75,28.258948703343183
Maryland,2023-12-01,2023,December,2034.0,false,6204927.0,false,32.78040176782096,2057.9166666666665,27.68149474857079
Maryland,2024-01-01,2024,January,1996.0,false,6245314.0,false,31.95996230133505,2056.8333333333335,28.39280745455645
Maryland,2024-02-01,2024,February,1968.0,false,6245314.0,false,31.511626156827344,2053.25,33.16110810737609
Maryland,2024-03-01,2024,March,1914.0,false,6245314.0,false,30.646977878133907,2048.9166666666665,40.48896220707632
Maryland,2024-04-01,2024,April,1851.0,false,6245314.0,false,29.638221552991574,2040.8333333333333,55.60711748644702
Maryland,2024-05-01,2024,May,1803.0,false,6245314.0,false,28.86964530526408,2025.0,78.06873428413753
Maryland,2024-06-01,2024,June,1744.0,false,6245314.0,false,27.92493700076569,2004.5,100.32084891622868
Maryland,2024-07-01,2024,July,1677.0,false,6245314.0,false,26.852132654979396,1976.0833333333333,121.50455160448122
Maryland,2024-08-01,2024,August,1633.0,false,6245314.0,false,26.14760442789586,1941.3333333333333,142.52676516317482
Maryland,2024-09-01,2024,September,1589.0,false,6245314.0,false,25.44307620081232,1904.0,160.1959027963175
Maryland,2024-10-01,2024,October,1482.0,false,6245314.0,false,23.729791648586446,1863.5833333333333,173.99396976663158
Maryland,2024-11-01,2024,November,1381.0,false,6245314.0,false,22.1125791273265,1812.8333333333333,189.7351423496033
Maryland,2024-12-01,2024,December,1309.0,false,6245314.0,false,20.95971475573526,1756.0,209.13892729257967
Maryland,2025-01-01,2025,January,1262.0,false,6265347.0,false,20.14253959118306,1695.5833333333333,225.6007971993222
Maryland,2025-02-01,2025,February,1205.0,false,6265347.0,false,19.232773539917265,1634.4166666666667,236.00865097138566
Maryland,2025-03-01,2025,March,1182.0,false,6265347.0,false,18.865674957827554,1570.8333333333333,240.70118530256678
Maryland,2025-04-01,2025,April,1133.0,false,6265347.0,false,18.08359536989731,1509.8333333333333,238.57220493950445
Maryland,2025-05-01,2025,May,1097.0,false,6265347.0,false,17.509006284887334,1450.0,235.24300781802788
Maryland,2025-06-01,2025,June,1038.0,false,6265347.0,false,16.56731861778765,1391.1666666666667,227.0754113158059
Maryland,2025-07-01,2025,July,1018.0,false,6265347.0,false,16.248102459448774,1332.3333333333333,218.65179180744465
Maryland,2025-08-01,2025,August,994.0,false,6265347.0,false,15.865043069442125,1277.4166666666667,206.64306439028144
Maryland,2025-09-01,2025,September,964.0,false,6265347.0,false,15.38621883193381,1224.1666666666667,188.19082835990667
Maryland,2025-10-01,2025,October,962.0,false,6265347.0,false,15.354297216099923,1172.0833333333333,162.81749868729673
Maryland,2025-11-01,2025,November,954.0,false,6265347.0,false,15.22661075276437,1128.75,140.50501446891172
Maryland,2025-12-01,2025,December,936.0,false,6265347.0,false,14.939316210259385,1093.1666666666667,123.90306572869655
Maryland,2026-01-01,2026,January,910.0,false,6285444.0,true,14.477895276769628,1062.0833333333333,110.9442598239259
Maryland,2026-02-01,2026,February,906.0,false,6285444.0,true,14.41425617665196,1032.75,99.19322282568241
Maryland,2026-03-01,2026,March,877.0,false,6285444.0,true,13.952872700798862,1007.8333333333334,89.02383065360881
Maryland,2026-04-01,2026,April,877.0,false,6285444.0,true,13.952872700798862,982.4166666666666,77.58216563258871
Iowa,2015-01-01,2015,January,30.0,false,3122541.0,false,0.9607559996810291,,
Iowa,2015-02-01,2015,February,32.0,false,3122541.0,false,1.0248063996597643,30.0,
Iowa,2015-03-01,2015,March,34.0,false,3122541.0,false,1.0888567996384995,31.0,1.4142135623730951
Iowa,2015-04-01,2015,April,39.0,false,3122541.0,false,1.2489827995853378,32.0,2.0
Iowa,2015-05-01,2015,May,37.0,false,3122541.0,false,1.1849323996066023,33.75,3.8622100754188224
Iowa,2015-06-01,2015,June,39.0,false,3122541.0,false,1.2489827995853378,34.4,3.646916505762094
Iowa,2015-07-01,2015,July,39.0,false,3122541.0,false,1.2489827995853378,35.166666666666664,3.7638632635454057
Iowa,2015-08-01,2015,August,41.0,false,3122541.0,false,1.313033199564073,35.714285714285715,3.7289089429432183
Iowa,2015-09-01,2015,September,46.0,false,3122541.0,false,1.473159199510911,36.375,3.925648263117098
Iowa,2015-10-01,2015,October,49.0,false,3122541.0,false,1.5692347994790141,37.44444444444444,4.876246279442599
Iowa,2015-11-01,2015,November,47.0,false,3122541.0,false,1.5051843995002787,38.6,5.872724145478732
Iowa,2015-12-01,2015,December,44.0,false,3122541.0,false,1.4091087995321758,39.36363636363637,6.120011883529759
Iowa,2016-01-01,2016,January,47.0,false,3133210.0,false,1.5000590448772984,39.75,5.986727744846019
Iowa,2016-02-01,2016,February,45.0,false,3133210.0,false,1.4362267450952857,41.166666666666664,5.457827295534251
Iowa,2016-03-01,2016,March,5.0,true,3133210.0,false,0.15958074945503173,42.25,4.712169930567595
Iowa,2016-04-01,2016,April,5.0,true,3133210.0,false,0.15958074945503173,39.833333333333336,11.652805618728857
Iowa,2016-05-01,2016,May,52.0,false,3133210.0,false,1.6596397943323302,37.0,15.403659541574115
Iowa,2016-06-01,2016,June,53.0,false,3133210.0,false,1.6915559442233363,38.25,16.000710211510214
Iowa,2016-07-01,2016,July,57.0,false,3133210.0,false,1.819220543787362,39.416666666666664,16.56095261496607
Iowa,2016-08-01,2016,August,56.0,false,3133210.0,false,1.7873043938963555,40.916666666666664,17.317664829633213
Iowa,2016-09-01,2016,September,53.0,false,3133210.0,false,1.6915559442233363,42.166666666666664,17.857177489143908
Iowa,2016-10-01,2016,October,50.0,false,3133210.0,false,1.5958074945503176,42.75,18.106377580590465
Iowa,2016-11-01,2016,November,52.0,false,3133210.0,false,1.6596397943323302,42.833333333333336,18.140027730425498
Iowa,2016-12-01,2016,December,55.0,false,3133210.0,false,1.7553882440053492,43.25,18.30114253760727
Iowa,2017-01-01,2017,January,61.0,false,3143734.0,false,1.9403677283128917,44.166666666666664,18.614917445832294
Iowa,2017-02-01,2017,February,69.0,false,3143734.0,false,2.1948421844850743,45.333333333333336,19.236959376694802
Iowa,2017-03-01,2017,March,73.0,false,3143734.0,false,2.3220794125711652,47.333333333333336,20.410929929967928
Iowa,2017-04-01,2017,April,69.0,false,3143734.0,false,2.1948421844850743,53.0,16.68968107980061
Iowa,2017-05-01,2017,May,71.0,false,3143734.0,false,2.25846079852812,58.333333333333336,7.831560082980485
Iowa,2017-06-01,2017,June,69.0,false,3143734.0,false,2.1948421844850743,59.916666666666664,8.338937509531943
Iowa,2017-07-01,2017,July,69.0,false,3143734.0,false,2.1948421844850743,61.25,8.411301920630361
Iowa,2017-08-01,2017,August,73.0,false,3143734.0,false,2.3220794125711652,62.25,8.57188851579818
Iowa,2017-09-01,2017,September,75.0,false,3143734.0,false,2.385698026614211,63.666666666666664,8.845474788976802
Iowa,2017-10-01,2017,October,84.0,false,3143734.0,false,2.671981789807916,65.5,8.712582332987786
Iowa,2017-11-01,2017,November,91.0,false,3143734.0,false,2.894646938958576,68.33333333333333,8.742095997198982
Iowa,2017-12-01,2017,December,97.0,false,3143734.0,false,3.085502781087713,71.58333333333333,9.346446415941223
Iowa,2018-01-01,2018,January,96.0,false,3149900.0,false,3.0477158005016034,75.08333333333333,10.37880999776453
Iowa,2018-02-01,2018,February,96.0,false,3149900.0,false,3.0477158005016034,78.0,10.962746835616437
Iowa,2018-03-01,2018,March,93.0,false,3149900.0,false,2.952474681735928,80.25,11.6940155635265
Iowa,2018-04-01,2018,April,93.0,false,3149900.0,false,2.952474681735928,81.91666666666667,11.988315017953811
Iowa,2018-05-01,2018,May,89.0,false,3149900.0,false,2.8254865233816946,83.91666666666667,11.634262357625456
Iowa,2018-06-01,2018,June,94.0,false,3149900.0,false,2.9842217213244866,85.41666666666667,10.958254118851842
Iowa,2018-07-01,2018,July,93.0,false,3149900.0,false,2.952474681735928,87.5,9.87651024124688
Iowa,2018-08-01,2018,August,91.0,false,3149900.0,false,2.8889806025588114,89.5,8.050973967054036
Iowa,2018-09-01,2018,September,93.0,false,3149900.0,false,2.952474681735928,91.0,6.149648918286462
Iowa,2018-10-01,2018,October,87.0,false,3149900.0,false,2.761992444204578,92.5,3.5290998079603026
Iowa,2018-11-01,2018,November,83.0,false,3149900.0,false,2.6350042858503446,92.75,2.9271456776494413
Iowa,2018-12-01,2018,December,78.0,false,3149900.0,false,2.4762690879075526,92.08333333333333,4.055486369964728
Iowa,2019-01-01,2019,January,77.0,false,3159596.0,false,2.437020429194112,90.5,5.435573065046091
Iowa,2019-02-01,2019,February,71.0,false,3159596.0,false,2.247122733412753,88.91666666666667,6.374071530724134
Iowa,2019-03-01,2019,March,72.0,false,3159596.0,false,2.278772349376313,86.83333333333333,7.779148508362055
Iowa,2019-04-01,2019,April,75.0,false,3159596.0,false,2.3737211972669923,85.08333333333333,8.586017526752256
Iowa,2019-05-01,2019,May,75.0,false,3159596.0,false,2.3737211972669923,83.58333333333333,8.649312461728165
Iowa,2019-06-01,2019,June,76.0,false,3159596.0,false,2.4053708132305522,82.41666666666667,8.795229423162334
Iowa,2019-07-01,2019,July,77.0,false,3159596.0,false,2.437020429194112,80.91666666666667,8.151501070169205
Iowa,2019-08-01,2019,August,80.0,false,3159596.0,false,2.531969277084792,79.58333333333333,7.254570137422885
Iowa,2019-09-01,2019,September,88.0,false,3159596.0,false,2.785166204793271,78.66666666666667,6.314965390149647
Iowa,2019-10-01,2019,October,94.0,false,3159596.0,false,2.9750639005746304,78.25,5.378830558942916
Iowa,2019-11-01,2019,November,97.0,false,3159596.0,false,3.0700127484653104,78.83333333333333,6.644660649838722
Iowa,2019-12-01,2019,December,101.0,false,3159596.0,false,3.19661121231955,80.0,8.431542509583235
Iowa,2020-01-01,2020,January,103.0,false,3191081.0,false,3.2277463342359534,81.91666666666667,10.334921676558853
Iowa,2020-02-01,2020,February,115.0,false,3191081.0,false,3.603794450845967,84.08333333333333,11.827997089597002
Iowa,2020-03-01,2020,March,119.0,false,3191081.0,false,3.7291438230493053,87.75,14.020277522866008
Iowa,2020-04-01,2020,April,124.0,false,3191081.0,false,3.8858305383034777,91.66666666666667,15.686319073020483
Iowa,2020-05-01,2020,May,136.0,false,3191081.0,false,4.261878654913492,95.75,17.252799509328653
Iowa,2020-06-01,2020,June,144.0,false,3191081.0,false,4.512577399320167,100.83333333333333,19.43208842626187
Iowa,2020-07-01,2020,July,148.0,false,3191081.0,false,4.637926771523506,106.5,21.3520277938441
Iowa,2020-08-01,2020,August,147.0,false,3191081.0,false,4.606589428472671,112.41666666666667,22.252510924033782
Iowa,2020-09-01,2020,September,148.0,false,3191081.0,false,4.637926771523506,118.0,21.77989064168222
Iowa,2020-10-01,2020,October,155.0,false,3191081.0,false,4.857288172879347,123.0,21.144524328792766
Iowa,2020-11-01,2020,November,161.0,false,3191081.0,false,5.045312231184354,128.08333333333334,20.86954428797809
Iowa,2020-12-01,2020,December,162.0,false,3191081.0,false,5.076649574235189,133.41666666666666,20.37582495076561
Iowa,2021-01-01,2021,January,165.0,false,3199037.0,false,5.157802176092368,138.5,19.123997299918052
Iowa,2021-02-01,2021,February,162.0,false,3199037.0,false,5.064023954708871,143.66666666666666,16.907950434005528
Iowa,2021-03-01,2021,March,173.0,false,3199037.0,false,5.407877433115027,147.58333333333334,14.99974747262182
Iowa,2021-04-01,2021,April,178.0,false,3199037.0,false,5.5641744687541905,152.08333333333334,13.687807004997552
Iowa,2021-05-01,2021,May,184.0,false,3199037.0,false,5.751730911521186,156.58333333333334,12.434982423742628
Iowa,2021-06-01,2021,June,186.0,false,3199037.0,false,5.814249725776851,160.58333333333334,12.922554865134998
Iowa,2021-07-01,2021,July,197.0,false,3199037.0,false,6.158103204183009,164.08333333333334,13.68780700499757
Iowa,2021-08-01,2021,August,211.0,false,3199037.0,false,6.595734903972664,168.16666666666666,15.625348480962442
Iowa,2021-09-01,2021,September,210.0,false,3199037.0,false,6.564475496844833,173.5,18.4168894817181
Iowa,2021-10-01,2021,October,203.0,false,3199037.0,false,6.345659646950003,178.66666666666666,19.288872596930236
Iowa,2021-11-01,2021,November,196.0,false,3199037.0,false,6.126843797055177,182.66666666666666,18.908071068069095
Iowa,2021-12-01,2021,December,213.0,false,3199037.0,false,6.6582537182283295,185.58333333333334,17.936546405863567
Iowa,2022-01-01,2022,January,218.0,false,3201890.0,false,6.808478742242864,189.83333333333334,17.882613869003567
Iowa,2022-02-01,2022,February,226.0,false,3201890.0,false,7.058331173150858,194.25,17.736070078181974
Iowa,2022-03-01,2022,March,231.0,false,3201890.0,false,7.214488942468354,199.58333333333334,16.75197862578591
Iowa,2022-04-01,2022,April,229.0,false,3201890.0,false,7.152025834741356,204.41666666666666,16.751978625785913
Iowa,2022-05-01,2022,May,217.0,false,3201890.0,false,6.777247188379364,208.66666666666666,15.887864627577946
Iowa,2022-06-01,2022,June,213.0,false,3201890.0,false,6.652320972925366,211.41666666666666,13.97047753028659
Iowa,2022-07-01,2022,July,207.0,false,3201890.0,false,6.46493164974437,213.66666666666666,11.452140199609644
Iowa,2022-08-01,2022,August,206.0,false,3201890.0,false,6.43370009588087,214.5,10.449010392463881
Iowa,2022-09-01,2022,September,201.0,false,3201890.0,false,6.277542326563373,214.08333333333334,10.697989049207784
Iowa,2022-10-01,2022,October,212.0,false,3201890.0,false,6.6210894190618665,213.33333333333334,11.308350360631207
Iowa,2022-11-01,2022,November,223.0,false,3201890.0,false,6.964636511560359,214.08333333333334,10.849870827327711
Iowa,2022-12-01,2022,December,203.0,false,3201890.0,false,6.340005434290372,216.33333333333334,9.470848414844877
Iowa,2023-01-01,2023,January,206.0,false,3214739.0,false,6.407985220573116,215.5,10.202495238465394
Iowa,2023-02-01,2023,February,196.0,false,3214739.0,false,6.096917976855975,214.5,10.518382177709821
Iowa,2023-03-01,2023,March,190.0,false,3214739.0,false,5.91027763062569,212.0,11.086437250491748
Iowa,2023-04-01,2023,April,190.0,false,3214739.0,false,5.91027763062569,208.58333333333334,11.016172684106804
Iowa,2023-05-01,2023,May,198.0,false,3214739.0,false,6.159131425599403,205.33333333333334,10.165300454651282
Iowa,2023-06-01,2023,June,196.0,false,3214739.0,false,6.096917976855975,203.75,9.649540733301066
Iowa,2023-07-01,2023,July,203.0,false,3214739.0,false,6.314665047457974,202.33333333333334,9.413079230839443
Iowa,2023-08-01,2023,August,203.0,false,3214739.0,false,6.314665047457974,202.0,9.302980949429841
Iowa,2023-09-01,2023,September,208.0,false,3214739.0,false,6.470198669316545,201.75,9.225705196007318
Iowa,2023-10-01,2023,October,192.0,false,3214739.0,false,5.972491079369118,202.33333333333334,9.393743888483666
Iowa,2023-11-01,2023,November,184.0,false,3214739.0,false,5.723637284395405,200.66666666666666,9.296463974234632
Iowa,2023-12-01,2023,December,194.0,false,3214739.0,false,6.034704528112546,197.41666666666666,7.403418538797202
Iowa,2024-01-01,2024,January,185.0,false,3230454.0,false,5.726749243295215,196.66666666666666,7.240458716424147
Iowa,2024-02-01,2024,February,185.0,false,3230454.0,false,5.726749243295215,194.91666666666666,7.316958301635917
Iowa,2024-03-01,2024,March,179.0,false,3230454.0,false,5.54101683540456,194.0,7.839294959021863
Iowa,2024-04-01,2024,April,171.0,false,3230454.0,false,5.293373624883685,193.08333333333334,8.918401134053056
Iowa,2024-05-01,2024,May,164.0,false,3230454.0,false,5.07668581567792,191.5,10.966892325208967
Iowa,2024-06-01,2024,June,164.0,false,3230454.0,false,5.07668581567792,188.66666666666666,13.282478775599175
Iowa,2024-07-01,2024,July,151.0,false,3230454.0,false,4.6742655985815,186.0,14.80171980179698
Iowa,2024-08-01,2024,August,137.0,false,3230454.0,false,4.24088998016997,181.66666666666666,16.843306376628348
Iowa,2024-09-01,2024,September,129.0,false,3230454.0,false,3.9932467696490956,176.16666666666666,19.76605599751679
Iowa,2024-10-01,2024,October,134.0,false,3230454.0,false,4.148023776224642,169.58333333333334,21.296428780147124
Iowa,2024-11-01,2024,November,129.0,false,3230454.0,false,3.9932467696490956,164.75,22.30419854483171
Iowa,2024-12-01,2024,December,125.0,false,3230454.0,false,3.869425164388659,160.16666666666666,23.602131388088793
Iowa,2025-01-01,2025,January,127.0,false,3238387.0,false,3.9217054663324675,154.41666666666666,23.007739145906132
Iowa,2025-02-01,2025,February,122.0,false,3238387.0,false,3.7673076133272523,149.58333333333334,22.072023976614435
Iowa,2025-03-01,2025,March,123.0,false,3238387.0,false,3.7981871839282952,144.33333333333334,20.30375394458927
Iowa,2025-04-01,2025,April,117.0,false,3238387.0,false,3.6129097603220366,139.66666666666666,17.905475715715045
Iowa,2025-05-01,2025,May,106.0,false,3238387.0,false,3.273234483710563,135.16666666666666,15.999053002277883
Iowa,2025-06-01,2025,June,99.0,false,3238387.0,false,3.057077489503262,130.33333333333334,15.239502099557726
Iowa,2025-07-01,2025,July,99.0,false,3238387.0,false,3.057077489503262,124.91666666666667,13.654558568367186
Iowa,2025-08-01,2025,August,103.0,false,3238387.0,false,3.180595771907434,120.58333333333333,12.852013166202513
Iowa,2025-09-01,2025,September,100.0,false,3238387.0,false,3.0879570601043054,117.75,12.650008983108558
Iowa,2025-10-01,2025,October,92.0,false,3238387.0,false,2.8409204952959604,115.33333333333333,13.068583656535964
Iowa,2025-11-01,2025,November,89.0,false,3238387.0,false,2.7482817834928315,111.83333333333333,13.237916159366787
Iowa,2025-12-01,2025,December,79.0,false,3238387.0,false,2.439486077482401,108.5,13.55460337771905
Iowa,2026-01-01,2026,January,70.0,false,3246339.0,true,2.156275114829351,104.66666666666667,14.901698093190799
Iowa,2026-02-01,2026,February,71.0,false,3246339.0,true,2.1870790450411985,99.91666666666667,16.16651046472493
Iowa,2026-03-01,2026,March,60.0,false,3246339.0,true,1.8482358127108722,95.66666666666667,16.53279569018299
Iowa,2026-04-01,2026,April,65.0,false,3246339.0,true,2.0022554637701115,90.41666666666667,17.05850005839975
Kentucky,2015-01-01,2015,January,5.0,true,4429126.0,false,0.11288908917921955,,
Kentucky,2015-02-01,2015,February,5.0,true,4429126.0,false,0.11288908917921955,5.0,
Kentucky,2015-03-01,2015,March,5.0,true,4429126.0,false,0.11288908917921955,5.0,0.0
Kentucky,2015-04-01,2015,April,5.0,true,4429126.0,false,0.11288908917921955,5.0,0.0
Kentucky,2015-05-01,2015,May,5.0,true,4429126.0,false,0.11288908917921955,5.0,0.0
Kentucky,2015-06-01,2015,June,5.0,true,4429126.0,false,0.11288908917921955,5.0,0.0
Kentucky,2015-07-01,2015,July,5.0,true,4429126.0,false,0.11288908917921955,5.0,0.0
Kentucky,2015-08-01,2015,August,5.0,true,4429126.0,false,0.11288908917921955,5.0,0.0
Kentucky,2015-09-01,2015,September,5.0,true,4429126.0,false,0.11288908917921955,5.0,0.0
Kentucky,2015-10-01,2015,October,5.0,true,4429126.0,false,0.11288908917921955,5.0,0.0
Kentucky,2015-11-01,2015,November,5.0,true,4429126.0,false,0.11288908917921955,5.0,0.0
Kentucky,2015-12-01,2015,December,5.0,true,4429126.0,false,0.11288908917921955,5.0,0.0
Kentucky,2016-01-01,2016,January,5.0,true,4440306.0,false,0.11260485200794719,5.0,0.0
Kentucky,2016-02-01,2016,February,5.0,true,4440306.0,false,0.11260485200794719,5.0,0.0
Kentucky,2016-03-01,2016,March,5.0,true,4440306.0,false,0.11260485200794719,5.0,0.0
Kentucky,2016-04-01,2016,April,5.0,true,4440306.0,false,0.11260485200794719,5.0,0.0
Kentucky,2016-05-01,2016,May,5.0,true,4440306.0,false,0.11260485200794719,5.0,0.0
Kentucky,2016-06-01,2016,June,5.0,true,4440306.0,false,0.11260485200794719,5.0,0.0
Kentucky,2016-07-01,2016,July,5.0,true,4440306.0,false,0.11260485200794719,5.0,0.0
Kentucky,2016-08-01,2016,August,5.0,true,4440306.0,false,0.11260485200794719,5.0,0.0
Kentucky,2016-09-01,2016,September,5.0,true,4440306.0,false,0.11260485200794719,5.0,0.0
Kentucky,2016-10-01,2016,October,5.0,true,4440306.0,false,0.11260485200794719,5.0,0.0
Kentucky,2016-11-01,2016,November,5.0,true,4440306.0,false,0.11260485200794719,5.0,0.0
Kentucky,2016-12-01,2016,December,5.0,true,4440306.0,false,0.11260485200794719,5.0,0.0
Kentucky,2017-01-01,2017,January,5.0,true,4455590.0,false,0.11221858384635928,5.0,0.0
Kentucky,2017-02-01,2017,February,5.0,true,4455590.0,false,0.11221858384635928,5.0,0.0
Kentucky,2017-03-01,2017,March,5.0,true,4455590.0,false,0.11221858384635928,5.0,0.0
Kentucky,2017-04-01,2017,April,5.0,true,4455590.0,false,0.11221858384635928,5.0,0.0
Kentucky,2017-05-01,2017,May,5.0,true,4455590.0,false,0.11221858384635928,5.0,0.0
Kentucky,2017-06-01,2017,June,5.0,true,4455590.0,false,0.11221858384635928,5.0,0.0
Kentucky,2017-07-01,2017,July,5.0,true,4455590.0,false,0.11221858384635928,5.0,0.0
Kentucky,2017-08-01,2017,August,5.0,true,4455590.0,false,0.11221858384635928,5.0,0.0
Kentucky,2017-09-01,2017,September,5.0,true,4455590.0,false,0.11221858384635928,5.0,0.0
Kentucky,2017-10-01,2017,October,5.0,true,4455590.0,false,0.11221858384635928,5.0,0.0
Kentucky,2017-11-01,2017,November,5.0,true,4455590.0,false,0.11221858384635928,5.0,0.0
Kentucky,2017-12-01,2017,December,5.0,true,4455590.0,false,0.11221858384635928,5.0,0.0
Kentucky,2018-01-01,2018,January,5.0,true,4464273.0,false,0.11200031897690844,5.0,0.0
Kentucky,2018-02-01,2018,February,767.0,false,4464273.0,false,17.180848931057756,5.0,0.0
Kentucky,2018-03-01,2018,March,749.0,false,4464273.0,false,16.777647782740885,68.5,219.9704525612474
Kentucky,2018-04-01,2018,April,746.0,false,4464273.0,false,16.71044759135474,130.5,293.1299742745218
Kentucky,2018-05-01,2018,May,745.0,false,4464273.0,false,16.68804752755936,192.25,338.78261332439877
Kentucky,2018-06-01,2018,June,764.0,false,4464273.0,false,17.11364873967161,253.91666666666666,367.71368761661034
Kentucky,2018-07-01,2018,July,780.0,false,4464273.0,false,17.472049760397717,317.1666666666667,385.8362425441732
Kentucky,2018-08-01,2018,August,786.0,false,4464273.0,false,17.606450143170008,381.75,393.61728643673433
Kentucky,2018-09-01,2018,September,776.0,false,4464273.0,false,17.38244950521619,446.8333333333333,390.2129566213192
Kentucky,2018-10-01,2018,October,784.0,false,4464273.0,false,17.561650015579247,511.0833333333333,373.9864991081249
Kentucky,2018-11-01,2018,November,775.0,false,4464273.0,false,17.36004944142081,576.0,344.61018821007286
Kentucky,2018-12-01,2018,December,743.0,false,4464273.0,false,16.643247399968597,640.1666666666666,297.02611863523913
Kentucky,2019-01-01,2019,January,748.0,false,4472345.0,false,16.725006679940837,701.6666666666666,219.96294453770386
Kentucky,2019-02-01,2019,February,726.0,false,4472345.0,false,16.233094718766107,763.5833333333334,16.566441069130374
Kentucky,2019-03-01,2019,March,742.0,false,4472345.0,false,16.590848872347728,760.1666666666666,19.724619288103032
Kentucky,2019-04-01,2019,April,740.0,false,4472345.0,false,16.546129603150025,759.5833333333334,20.18306370712982
Kentucky,2019-05-01,2019,May,743.0,false,4472345.0,false,16.613208506946577,759.0833333333334,20.619753694558117
Kentucky,2019-06-01,2019,June,746.0,false,4472345.0,false,16.680287410743134,758.9166666666666,20.751597236810174
Kentucky,2019-07-01,2019,July,746.0,false,4472345.0,false,16.680287410743134,757.4166666666666,20.99981962404498
Kentucky,2019-08-01,2019,August,729.0,false,4472345.0,false,16.30017362256266,754.5833333333334,19.94291094523808
Kentucky,2019-09-01,2019,September,738.0,false,4472345.0,false,16.50141033395232,749.8333333333334,18.516986468612767
Kentucky,2019-10-01,2019,October,754.0,false,4472345.0,false,16.859164487533942,746.6666666666666,16.80548251090228
Kentucky,2019-11-01,2019,November,767.0,false,4472345.0,false,17.149839737319013,744.1666666666666,12.401124093721457
Kentucky,2019-12-01,2019,December,815.0,false,4472345.0,false,18.223102198063877,743.5,10.689842247326542
Kentucky,2020-01-01,2020,January,827.0,false,4508271.0,false,18.344061392937558,749.5,23.232031179543284
Kentucky,2020-02-01,2020,February,873.0,false,4508271.0,false,19.364408217695875,756.0833333333334,32.22212208274234
Kentucky,2020-03-01,2020,March,907.0,false,4508271.0,false,20.118577609908545,768.3333333333334,45.11063840126513
Kentucky,2020-04-01,2020,April,960.0,false,4508271.0,false,21.29419460365182,782.0833333333334,59.27663702479837
Kentucky,2020-05-01,2020,May,1105.0,false,4508271.0,false,24.510505246911734,800.4166666666666,76.57492864488802
Kentucky,2020-06-01,2020,June,1149.0,false,4508271.0,false,25.48648916624577,830.5833333333334,114.03943363697675
Kentucky,2020-07-01,2020,July,1231.0,false,4508271.0,false,27.305368288641034,864.1666666666666,142.62336499474497
Kentucky,2020-08-01,2020,August,1298.0,false,4508271.0,false,28.791525620354236,904.5833333333334,171.82361904175465
Kentucky,2020-09-01,2020,September,1371.0,false,4508271.0,false,30.41077166834026,952.0,195.80231217875192
Kentucky,2020-10-01,2020,October,1415.0,false,4508271.0,false,31.386755587674298,1004.75,217.02497761569035
Kentucky,2020-11-01,2020,November,1461.0,false,4508271.0,false,32.407102412432614,1059.8333333333333,231.02885822626865
Kentucky,2020-12-01,2020,December,1522.0,false,4508271.0,false,33.76017102787299,1117.6666666666667,237.82435586462591
Kentucky,2021-01-01,2021,January,1592.0,false,4508348.0,false,35.31226959409522,1176.5833333333333,243.5325098078968
Kentucky,2021-02-01,2021,February,1620.0,false,4508348.0,false,35.933339662333076,1240.3333333333333,243.82979657328534
Kentucky,2021-03-01,2021,March,1663.0,false,4508348.0,false,36.8871258385555,1302.5833333333333,236.77663364957326
Kentucky,2021-04-01,2021,April,1703.0,false,4508348.0,false,37.774368793181004,1365.5833333333333,222.07306673637163
Kentucky,2021-05-01,2021,May,1643.0,false,4508348.0,false,36.443504361242745,1427.5,201.32041399448073
Kentucky,2021-06-01,2021,June,1665.0,false,4508348.0,false,36.93148798628677,1472.3333333333333,181.94471354749166
Kentucky,2021-07-01,2021,July,1652.0,false,4508348.0,false,36.643134026033486,1515.3333333333333,157.97890154490037
Kentucky,2021-08-01,2021,August,1685.0,false,4508348.0,false,37.37510946359953,1550.4166666666667,134.02608859562537
Kentucky,2021-09-01,2021,September,1703.0,false,4508348.0,false,37.774368793181004,1582.6666666666667,112.61788436473078
Kentucky,2021-10-01,2021,October,1720.0,false,4508348.0,false,38.15144704889685,1610.3333333333333,95.34753019953648
Kentucky,2021-11-01,2021,November,1739.0,false,4508348.0,false,38.57288745234396,1635.75,77.53137194944793
Kentucky,2021-12-01,2021,December,1731.0,false,4508348.0,false,38.39543886141886,1658.9166666666667,60.15503958837368
Kentucky,2022-01-01,2022,January,1705.0,false,4521238.0,false,37.7109101533695,1676.3333333333333,45.34179956594997
Kentucky,2022-02-01,2022,February,1718.0,false,4521238.0,false,37.99844201964152,1685.75,37.24641532477254
Kentucky,2022-03-01,2022,March,1694.0,false,4521238.0,false,37.46761395883163,1693.9166666666667,31.876062073809138
Kentucky,2022-04-01,2022,April,1663.0,false,4521238.0,false,36.78196104695218,1696.5,30.362955898744346
Kentucky,2022-05-01,2022,May,1659.0,false,4521238.0,false,36.69348970348387,1693.1666666666667,31.7485385013184
Kentucky,2022-06-01,2022,June,1677.0,false,4521238.0,false,37.09161074909129,1694.5,29.721433955373644
Kentucky,2022-07-01,2022,July,1679.0,false,4521238.0,false,37.13584642082545,1695.5,28.827070610799158
Kentucky,2022-08-01,2022,August,1667.0,false,4521238.0,false,36.870432390420504,1697.75,26.042360596814987
Kentucky,2022-09-01,2022,September,1638.0,false,4521238.0,false,36.22901515027521,1696.25,27.33005338783318
Kentucky,2022-10-01,2022,October,1643.0,false,4521238.0,false,36.33960432961061,1690.8333333333333,31.925576333755124
Kentucky,2022-11-01,2022,November,1669.0,false,4521238.0,false,36.91466806215466,1684.4166666666667,33.24142632683554
Kentucky,2022-12-01,2022,December,1650.0,false,4521238.0,false,36.49442918068016,1678.5833333333333,28.611689706810157
Kentucky,2023-01-01,2023,January,1673.0,false,4549953.0,false,36.769610587186285,1671.8333333333333,24.360300540515556
Kentucky,2023-02-01,2023,February,1680.0,false,4549953.0,false,36.923458330228904,1669.1666666666667,22.040596153186964
Kentucky,2023-03-01,2023,March,1697.0,false,4549953.0,false,37.297088563332416,1666.0,16.392903120779838
Kentucky,2023-04-01,2023,April,1699.0,false,4549953.0,false,37.34104506134459,1666.25,16.87453703068613
Kentucky,2023-05-01,2023,May,1702.0,false,4549953.0,false,37.406979808362856,1669.25,19.273745684927793
Kentucky,2023-06-01,2023,June,1670.0,false,4549953.0,false,36.703675840168025,1672.8333333333333,21.105076224080346
Kentucky,2023-07-01,2023,July,1640.0,false,4549953.0,false,36.04432836998536,1672.25,21.076160595671716
Kentucky,2023-08-01,2023,August,1628.0,false,4549953.0,false,35.7805893819123,1669.0,22.87118075419171
Kentucky,2023-09-01,2023,September,1610.0,false,4549953.0,false,35.384980899802706,1665.75,25.76863844429361
Kentucky,2023-10-01,2023,October,1564.0,false,4549953.0,false,34.373981445522624,1663.4166666666667,29.50641943507866
Kentucky,2023-11-01,2023,November,1509.0,false,4549953.0,false,33.165177750187745,1656.8333333333333,41.03619983587301
Kentucky,2023-12-01,2023,December,1509.0,false,4549953.0,false,33.165177750187745,1643.5,58.85034950077729
Kentucky,2024-01-01,2024,January,1466.0,false,4584046.0,false,31.980481871255222,1631.75,70.38094396018916
Kentucky,2024-02-01,2024,February,1421.0,false,4584046.0,false,30.99881632950455,1614.5,83.49686983790023
Kentucky,2024-03-01,2024,March,1370.0,false,4584046.0,false,29.886262048853784,1592.9166666666667,97.35171318783273
Kentucky,2024-04-01,2024,April,1328.0,false,4584046.0,false,28.970040876553156,1565.6666666666667,110.45306146901842
Kentucky,2024-05-01,2024,May,1280.0,false,4584046.0,false,27.922930965352442,1534.75,121.14463556952387
Kentucky,2024-06-01,2024,June,1254.0,false,4584046.0,false,27.355746430118717,1499.5833333333333,129.16547409029113
Kentucky,2024-07-01,2024,July,1211.0,false,4584046.0,false,26.41771046800141,1464.9166666666667,134.96427697952544
Kentucky,2024-08-01,2024,August,1139.0,false,4584046.0,false,24.847045601200335,1429.1666666666667,141.05178503161903
Kentucky,2024-09-01,2024,September,1083.0,false,4584046.0,false,23.625417371466167,1388.4166666666667,148.8094928138495
Kentucky,2024-10-01,2024,October,1045.0,false,4584046.0,false,22.796455358432265,1344.5,155.10201921198947
Kentucky,2024-11-01,2024,November,1007.0,false,4584046.0,false,21.967493345398367,1301.25,160.59442139071388
Kentucky,2024-12-01,2024,December,934.0,false,4584046.0,false,20.37501368878061,1259.4166666666667,166.8202398518909
Kentucky,2025-01-01,2025,January,887.0,false,4606864.0,false,19.25387856033953,1211.5,171.1381685284517
Kentucky,2025-02-01,2025,February,838.0,false,4606864.0,false,18.19024829037714,1163.25,174.45089176144566
Kentucky,2025-03-01,2025,March,813.0,false,4606864.0,false,17.64757978529429,1114.6666666666667,177.30114768296605
Kentucky,2025-04-01,2025,April,776.0,false,4606864.0,false,16.844430397771674,1068.25,177.2892474819815
Kentucky,2025-05-01,2025,May,741.0,false,4606864.0,false,16.084694490655682,1022.25,175.3682489143138
Kentucky,2025-06-01,2025,June,699.0,false,4606864.0,false,15.173011402116494,977.3333333333334,172.35024241528077
Kentucky,2025-07-01,2025,July,684.0,false,4606864.0,false,14.847410299066784,931.0833333333334,165.69602965196307
Kentucky,2025-08-01,2025,August,666.0,false,4606864.0,false,14.45668897540713,887.1666666666666,154.20165860052057
Kentucky,2025-09-01,2025,September,641.0,false,4606864.0,false,13.91402047032428,847.75,144.09916093377566
Kentucky,2025-10-01,2025,October,604.0,false,4606864.0,false,13.110871082801662,810.9166666666666,134.6824266955644
Kentucky,2025-11-01,2025,November,568.0,false,4606864.0,false,12.32942843548236,774.1666666666666,124.80736672119473
Kentucky,2025-12-01,2025,December,552.0,false,4606864.0,false,11.982120592229334,737.5833333333334,114.24810190055145
Kentucky,2026-01-01,2026,January,535.0,false,4629796.0,true,11.555584738506836,705.75,107.56826585095541
Kentucky,2026-02-01,2026,February,529.0,false,4629796.0,true,11.425989395645079,676.4166666666666,101.47051370479579
Kentucky,2026-03-01,2026,March,506.0,false,4629796.0,true,10.929207248008336,650.6666666666666,95.78606212267894
Kentucky,2026-04-01,2026,April,482.0,false,4629796.0,true,10.410825876561299,625.0833333333334,89.26310276453265
Wisconsin,2015-01-01,2015,January,5.0,true,5762927.0,false,0.08676146687264995,,
Wisconsin,2015-02-01,2015,February,101.0,false,5762927.0,false,1.752581630827529,5.0,
Wisconsin,2015-03-01,2015,March,103.0,false,5762927.0,false,1.7872862175765891,53.0,67.88225099390856
Wisconsin,2015-04-01,2015,April,5.0,true,5762927.0,false,0.08676146687264995,69.66666666666667,56.01190349678658
Wisconsin,2015-05-01,2015,May,5.0,true,5762927.0,false,0.08676146687264995,53.5,56.00892785976178
Wisconsin,2015-06-01,2015,June,5.0,true,5762927.0,false,0.08676146687264995,43.8,53.13379338989453
Wisconsin,2015-07-01,2015,July,5.0,true,5762927.0,false,0.08676146687264995,37.333333333333336,50.0945772181647
Wisconsin,2015-08-01,2015,August,5.0,true,5762927.0,false,0.08676146687264995,32.714285714285715,47.334674695950206
Wisconsin,2015-09-01,2015,September,5.0,true,5762927.0,false,0.08676146687264995,29.25,44.90545623863541
Wisconsin,2015-10-01,2015,October,5.0,true,5762927.0,false,0.08676146687264995,26.555555555555557,42.77590183476881
Wisconsin,2015-11-01,2015,November,5.0,true,5762927.0,false,0.08676146687264995,24.4,40.90150771467151
Wisconsin,2015-12-01,2015,December,5.0,true,5762927.0,false,0.08676146687264995,22.636363636363637,39.24098043442015
Wisconsin,2016-01-01,2016,January,5.0,true,5775170.0,false,0.08657753797723704,21.166666666666668,37.75960644376313
Wisconsin,2016-02-01,2016,February,145.0,false,5775170.0,false,2.5107486013398743,21.166666666666668,37.75960644376313
Wisconsin,2016-03-01,2016,March,162.0,false,5775170.0,false,2.8051122304624796,24.833333333333332,47.17825641954012
Wisconsin,2016-04-01,2016,April,173.0,false,5775170.0,false,2.9955828140124017,29.75,57.91706452882745
Wisconsin,2016-05-01,2016,May,190.0,false,5775170.0,false,3.2899464431350074,43.75,70.35898211057608
Wisconsin,2016-06-01,2016,June,198.0,false,5775170.0,false,3.4284705038985863,59.166666666666664,80.61675139858097
Wisconsin,2016-07-01,2016,July,211.0,false,5775170.0,false,3.653572102639403,75.25,87.76324038933592
Wisconsin,2016-08-01,2016,August,233.0,false,5775170.0,false,4.034513269739246,92.41666666666667,92.77681757199845
Wisconsin,2016-09-01,2016,September,250.0,false,5775170.0,false,4.328876898861852,111.41666666666667,96.5179760302178
Wisconsin,2016-10-01,2016,October,265.0,false,5775170.0,false,4.588609512793563,131.83333333333334,97.86431547006417
Wisconsin,2016-11-01,2016,November,275.0,false,5775170.0,false,4.761764588748037,153.5,95.99479152537393
Wisconsin,2016-12-01,2016,December,287.0,false,5775170.0,false,4.9695506798934055,176.0,89.44271909999159
Wisconsin,2017-01-01,2017,January,290.0,false,5793147.0,false,5.005914747200442,199.5,76.54648023497643
Wisconsin,2017-02-01,2017,February,292.0,false,5793147.0,false,5.040438297181135,223.25,50.49234865528909
Wisconsin,2017-03-01,2017,March,286.0,false,5793147.0,false,4.9368676472390565,235.5,47.527025804463946
Wisconsin,2017-04-01,2017,April,302.0,false,5793147.0,false,5.213056047084598,245.83333333333334,43.39424623219772
Wisconsin,2017-05-01,2017,May,310.0,false,5793147.0,false,5.351150247007369,256.5833333333333,39.516298900426875
Wisconsin,2017-06-01,2017,June,347.0,false,5793147.0,false,5.989835921650184,266.5833333333333,36.17748755870985
Wisconsin,2017-07-01,2017,July,386.0,false,5793147.0,false,6.663045146273692,279.0,36.068117374061686
Wisconsin,2017-08-01,2017,August,403.0,false,5793147.0,false,6.95649532110958,293.5833333333333,41.10177685460886
Wisconsin,2017-09-01,2017,September,424.0,false,5793147.0,false,7.3189925959068525,307.75,47.171110187949125
Wisconsin,2017-10-01,2017,October,449.0,false,5793147.0,false,7.750536970665513,322.25,54.04732774489074
Wisconsin,2017-11-01,2017,November,455.0,false,5793147.0,false,7.854107620607591,337.5833333333333,61.864159595231264
Wisconsin,2017-12-01,2017,December,464.0,false,5793147.0,false,8.009463595520707,352.5833333333333,66.92527492840372
Wisconsin,2018-01-01,2018,January,468.0,false,5809319.0,false,8.056021712699888,367.3333333333333,70.5631030720129
Wisconsin,2018-02-01,2018,February,472.0,false,5809319.0,false,8.12487659913322,382.1666666666667,71.53109093042667
Wisconsin,2018-03-01,2018,March,501.0,false,5809319.0,false,8.62407452577488,397.1666666666667,69.75519965413245
Wisconsin,2018-04-01,2018,April,505.0,false,5809319.0,false,8.692929412208212,415.0833333333333,66.12310603348237
Wisconsin,2018-05-01,2018,May,528.0,false,5809319.0,false,9.088845009199874,432.0,60.27060190959979
Wisconsin,2018-06-01,2018,June,526.0,false,5809319.0,false,9.054417565983208,450.1666666666667,52.50945080880607
Wisconsin,2018-07-01,2018,July,508.0,false,5809319.0,false,8.744570577033212,465.0833333333333,45.4941721209398
Wisconsin,2018-08-01,2018,August,502.0,false,5809319.0,false,8.641288247383212,475.25,39.44414923776288
Wisconsin,2018-09-01,2018,September,487.0,false,5809319.0,false,8.383082423258218,483.5,32.742799347198606
Wisconsin,2018-10-01,2018,October,472.0,false,5809319.0,false,8.12487659913322,488.75,26.856944251821623
Wisconsin,2018-11-01,2018,November,487.0,false,5809319.0,false,8.383082423258218,490.6666666666667,24.477571675955012
Wisconsin,2018-12-01,2018,December,501.0,false,5809319.0,false,8.62407452577488,493.3333333333333,21.839635916601186
Wisconsin,2019-01-01,2019,January,501.0,false,5824581.0,false,8.601477084789446,496.4166666666667,19.842371253700932
Wisconsin,2019-02-01,2019,February,497.0,false,5824581.0,false,8.532802617046617,499.1666666666667,17.71919007657225
Wisconsin,2019-03-01,2019,March,517.0,false,5824581.0,false,8.876174955760765,501.25,15.574600534786827
Wisconsin,2019-04-01,2019,April,535.0,false,5824581.0,false,9.1852100606035,502.5833333333333,16.222645974816878
Wisconsin,2019-05-01,2019,May,544.0,false,5824581.0,false,9.339727613024868,505.0833333333333,18.744494141108756
Wisconsin,2019-06-01,2019,June,539.0,false,5824581.0,false,9.253884528346331,506.4166666666667,20.960822040322284
Wisconsin,2019-07-01,2019,July,564.0,false,5824581.0,false,9.683099951739019,507.5,22.35458057596411
Wisconsin,2019-08-01,2019,August,590.0,false,5824581.0,false,10.129483992067412,512.1666666666666,27.679442103328512
Wisconsin,2019-09-01,2019,September,614.0,false,5824581.0,false,10.541530798524393,519.5,35.3386216740011
Wisconsin,2019-10-01,2019,October,633.0,false,5824581.0,false,10.867734520302834,530.0833333333334,42.92373434007078
Wisconsin,2019-11-01,2019,November,654.0,false,5824581.0,false,11.22827547595269,543.5,47.98200420233326
Wisconsin,2019-12-01,2019,December,657.0,false,5824581.0,false,11.279781326759814,557.4166666666666,53.95192865932229
Wisconsin,2020-01-01,2020,January,690.0,false,5897371.0,false,11.7001287522864,570.4166666666666,57.780868701316614
Wisconsin,2020-02-01,2020,February,735.0,false,5897371.0,false,12.463180627435513,586.1666666666666,62.6894703835477
Wisconsin,2020-03-01,2020,March,746.0,false,5897371.0,false,12.64970441913863,606.0,69.22295993251217
Wisconsin,2020-04-01,2020,April,772.0,false,5897371.0,false,13.090578835891451,625.0833333333334,73.86653607361829
Wisconsin,2020-05-01,2020,May,841.0,false,5897371.0,false,14.26059171112009,644.8333333333334,79.09009055654452
Wisconsin,2020-06-01,2020,June,908.0,false,5897371.0,false,15.396691169675437,669.5833333333334,90.33821131859115
Wisconsin,2020-07-01,2020,July,950.0,false,5897371.0,false,16.10887291981461,700.3333333333334,103.66671538535351
Wisconsin,2020-08-01,2020,August,972.0,false,5897371.0,false,16.48192050322084,732.5,116.5975986030587
Wisconsin,2020-09-01,2020,September,1003.0,false,5897371.0,false,17.007578461656898,764.3333333333334,125.92879180735676
Wisconsin,2020-10-01,2020,October,1025.0,false,5897371.0,false,17.38062604506313,796.75,133.54953115876998
Wisconsin,2020-11-01,2020,November,1044.0,false,5897371.0,false,17.702803503459425,829.4166666666666,137.73126556868456
Wisconsin,2020-12-01,2020,December,1076.0,false,5897371.0,false,18.245418170232128,861.9166666666666,138.58667017976566
Wisconsin,2021-01-01,2021,January,1106.0,false,5882128.0,false,18.80271901597517,896.8333333333334,135.001571259094
Wisconsin,2021-02-01,2021,February,1116.0,false,5882128.0,false,18.972725517023772,931.5,130.39415770515322
Wisconsin,2021-03-01,2021,March,1130.0,false,5882128.0,false,19.210734618491813,963.25,124.4479628380692
Wisconsin,2021-04-01,2021,April,1171.0,false,5882128.0,false,19.90776127279107,995.25,112.28221343803946
Wisconsin,2021-05-01,2021,May,1163.0,false,5882128.0,false,19.771756071952193,1028.5,98.37821266557314
Wisconsin,2021-06-01,2021,June,1176.0,false,5882128.0,false,19.992764523315373,1055.3333333333333,85.68158106228744
Wisconsin,2021-07-01,2021,July,1184.0,false,5882128.0,false,20.128769724154253,1077.6666666666667,78.40609129088857
Wisconsin,2021-08-01,2021,August,1205.0,false,5882128.0,false,20.485783376356313,1097.1666666666667,72.65589300172967
Wisconsin,2021-09-01,2021,September,1217.0,false,5882128.0,false,20.689791177614634,1116.5833333333333,67.08537075769182
Wisconsin,2021-10-01,2021,October,1242.0,false,5882128.0,false,21.114807430236134,1134.4166666666667,62.42880793837138
Wisconsin,2021-11-01,2021,November,1274.0,false,5882128.0,false,21.658828233591652,1152.5,59.198433640211626
Wisconsin,2021-12-01,2021,December,1293.0,false,5882128.0,false,21.981840585583992,1171.6666666666667,58.09918374224511
Wisconsin,2022-01-01,2022,January,1336.0,false,5903472.0,false,22.630750175489947,1189.75,59.37266741829642
Wisconsin,2022-02-01,2022,February,1357.0,false,5903472.0,false,22.98647304501487,1208.9166666666667,66.5670657489441
Wisconsin,2022-03-01,2022,March,1375.0,false,5903472.0,false,23.29137836175051,1229.0,72.1097648159955
Wisconsin,2022-04-01,2022,April,1370.0,false,5903472.0,false,23.206682440435053,1249.4166666666667,76.10454332792173
Wisconsin,2022-05-01,2022,May,1360.0,false,5903472.0,false,23.03729059780414,1266.0,79.08683375080392
Wisconsin,2022-06-01,2022,June,1349.0,false,5903472.0,false,22.850959570910135,1282.4166666666667,76.15469702380724
Wisconsin,2022-07-01,2022,July,1351.0,false,5903472.0,false,22.884837939436316,1296.8333333333333,70.33017370470027
Wisconsin,2022-08-01,2022,August,1344.0,false,5903472.0,false,22.76626364959468,1310.75,62.003115757487194
Wisconsin,2022-09-01,2022,September,1344.0,false,5903472.0,false,22.76626364959468,1322.3333333333333,52.74351891824045
Wisconsin,2022-10-01,2022,October,1335.0,false,5903472.0,false,22.613810991226856,1332.9166666666667,41.15482592563951
Wisconsin,2022-11-01,2022,November,1308.0,false,5903472.0,false,22.156453016123393,1340.6666666666667,29.616743831007394
Wisconsin,2022-12-01,2022,December,1296.0,false,5903472.0,false,21.9531828049663,1343.5,23.693113690767486
Wisconsin,2023-01-01,2023,January,1282.0,false,5930350.0,false,21.617611102211505,1343.75,23.12073056411022
Wisconsin,2023-02-01,2023,February,1267.0,false,5930350.0,false,21.364674934868937,1339.25,29.21744497571784
Wisconsin,2023-03-01,2023,March,1285.0,false,5930350.0,false,21.668198335680017,1331.75,35.188130746809236
Wisconsin,2023-04-01,2023,April,1284.0,false,5930350.0,false,21.65133592452385,1324.25,34.71998376623003
Wisconsin,2023-05-01,2023,May,1298.0,false,5930350.0,false,21.887409680710245,1317.0833333333333,33.26329763714005
Wisconsin,2023-06-01,2023,June,1304.0,false,5930350.0,false,21.98858414764727,1311.9166666666667,30.70818171501571
Wisconsin,2023-07-01,2023,July,1306.0,false,5930350.0,false,22.022308969959614,1308.1666666666667,28.43120351538664
Wisconsin,2023-08-01,2023,August,1305.0,false,5930350.0,false,22.005446558803442,1304.4166666666667,25.032554561586185
Wisconsin,2023-09-01,2023,September,1312.0,false,5930350.0,false,22.12348343689664,1301.1666666666667,21.741595380674553
Wisconsin,2023-10-01,2023,October,1306.0,false,5930350.0,false,22.022308969959614,1298.5,17.573223432773556
Wisconsin,2023-11-01,2023,November,1315.0,false,5930350.0,false,22.174070670365154,1296.0833333333333,13.654558568367158
Wisconsin,2023-12-01,2023,December,1297.0,false,5930350.0,false,21.870547269554073,1296.6666666666667,14.342139648496302
Wisconsin,2024-01-01,2024,January,1253.0,false,5957168.0,false,21.03348436706838,1296.75,14.340819045964203
Wisconsin,2024-02-01,2024,February,1234.0,false,5957168.0,false,20.7145408690841,1294.3333333333333,18.801998604274853
Wisconsin,2024-03-01,2024,March,1171.0,false,5957168.0,false,19.656991375767813,1291.5833333333333,24.663032082758
Wisconsin,2024-04-01,2024,April,1126.0,false,5957168.0,false,18.901598880541894,1282.0833333333333,42.75183852151507
Wisconsin,2024-05-01,2024,May,1068.0,false,5957168.0,false,17.927981886695157,1268.9166666666667,62.0724771879005
Wisconsin,2024-06-01,2024,June,1003.0,false,5957168.0,false,16.836859393591048,1249.75,83.93517520303173
Wisconsin,2024-07-01,2024,July,943.0,false,5957168.0,false,15.829669399956488,1224.6666666666667,107.82505471476664
Wisconsin,2024-08-01,2024,August,893.0,false,5957168.0,false,14.990344405261023,1194.4166666666667,131.29734355363945
Wisconsin,2024-09-01,2024,September,844.0,false,5957168.0,false,14.167805910459466,1160.0833333333333,151.98891008188312
Wisconsin,2024-10-01,2024,October,798.0,false,5957168.0,false,13.395626915339639,1121.0833333333333,168.5998265572996
Wisconsin,2024-11-01,2024,November,738.0,false,5957168.0,false,12.388436921705079,1078.75,181.25026645748446
Wisconsin,2024-12-01,2024,December,708.0,false,5957168.0,false,11.884841924887798,1030.6666666666667,189.23786538895882
Wisconsin,2025-01-01,2025,January,678.0,false,5972787.0,false,11.351484658669396,981.5833333333334,190.2608058492979
Wisconsin,2025-02-01,2025,February,650.0,false,5972787.0,false,10.882691781910186,933.6666666666666,188.0847649010382
Wisconsin,2025-03-01,2025,March,611.0,false,5972787.0,false,10.229730274995577,885.0,178.62606956229186
Wisconsin,2025-04-01,2025,April,585.0,false,5972787.0,false,9.794422603719168,838.3333333333334,170.06059526123644
Wisconsin,2025-05-01,2025,May,550.0,false,5972787.0,false,9.208431507770158,793.25,158.160519726005
Wisconsin,2025-06-01,2025,June,540.0,false,5972787.0,false,9.041005480356155,750.0833333333334,146.62410711707264
Wisconsin,2025-07-01,2025,July,535.0,false,5972787.0,false,8.957292466649154,711.5,134.4311246427972
Wisconsin,2025-08-01,2025,August,532.0,false,5972787.0,false,8.907064658424954,677.5,121.53450688440861
Wisconsin,2025-09-01,2025,September,506.0,false,5972787.0,false,8.471756987148545,647.4166666666666,107.17314651223658
Wisconsin,2025-10-01,2025,October,517.0,false,5972787.0,false,8.655925617303948,619.25,94.47474409982425
Wisconsin,2025-11-01,2025,November,528.0,false,5972787.0,false,8.840094247459351,595.8333333333334,79.83145123358715
Wisconsin,2025-12-01,2025,December,519.0,false,5972787.0,false,8.68941082278675,578.3333333333334,67.96969021467422
Wisconsin,2026-01-01,2026,January,517.0,false,5988447.0,true,8.633290066690078,562.5833333333334,56.04293538047955
Wisconsin,2026-02-01,2026,February,505.0,false,5988447.0,true,8.432904223749496,549.1666666666666,43.84442191811103
Wisconsin,2026-03-01,2026,March,515.0,false,5988447.0,true,8.599892426199983,537.0833333333334,31.876062073809173
Wisconsin,2026-04-01,2026,April,507.0,false,5988447.0,true,8.466301864239593,529.0833333333334,22.223895139050505
Hawaii,2015-01-01,2015,January,5.0,true,1422999.0,false,0.35137059126534875,,
Hawaii,2015-02-01,2015,February,5.0,true,1422999.0,false,0.35137059126534875,5.0,
Hawaii,2015-03-01,2015,March,5.0,true,1422999.0,false,0.35137059126534875,5.0,0.0
Hawaii,2015-04-01,2015,April,5.0,true,1422999.0,false,0.35137059126534875,5.0,0.0
Hawaii,2015-05-01,2015,May,5.0,true,1422999.0,false,0.35137059126534875,5.0,0.0
Hawaii,2015-06-01,2015,June,5.0,true,1422999.0,false,0.35137059126534875,5.0,0.0
Hawaii,2015-07-01,2015,July,5.0,true,1422999.0,false,0.35137059126534875,5.0,0.0
Hawaii,2015-08-01,2015,August,5.0,true,1422999.0,false,0.35137059126534875,5.0,0.0
Hawaii,2015-09-01,2015,September,5.0,true,1422999.0,false,0.35137059126534875,5.0,0.0
Hawaii,2015-10-01,2015,October,5.0,true,1422999.0,false,0.35137059126534875,5.0,0.0
Hawaii,2015-11-01,2015,November,5.0,true,1422999.0,false,0.35137059126534875,5.0,0.0
Hawaii,2015-12-01,2015,December,5.0,true,1422999.0,false,0.35137059126534875,5.0,0.0
Hawaii,2016-01-01,2016,January,5.0,true,1428885.0,false,0.34992319185938686,5.0,0.0
Hawaii,2016-02-01,2016,February,5.0,true,1428885.0,false,0.34992319185938686,5.0,0.0
Hawaii,2016-03-01,2016,March,13.0,false,1428885.0,false,0.9098002988344059,5.0,0.0
Hawaii,2016-04-01,2016,April,14.0,false,1428885.0,false,0.9797849372062832,5.666666666666667,2.309401076758503
Hawaii,2016-05-01,2016,May,12.0,false,1428885.0,false,0.8398156604625284,6.416666666666667,3.3154825052206567
Hawaii,2016-06-01,2016,June,14.0,false,1428885.0,false,0.9797849372062832,7.0,3.6431754380934325
Hawaii,2016-07-01,2016,July,11.0,false,1428885.0,false,0.769831022090651,7.75,4.092676385936225
Hawaii,2016-08-01,2016,August,11.0,false,1428885.0,false,0.769831022090651,8.25,4.092676385936224
Hawaii,2016-09-01,2016,September,10.0,false,1428885.0,false,0.6998463837187737,8.75,4.025486983527018
Hawaii,2016-10-01,2016,October,11.0,false,1428885.0,false,0.769831022090651,9.166666666666666,3.8573031873042956
Hawaii,2016-11-01,2016,November,12.0,false,1428885.0,false,0.8398156604625284,9.666666666666666,3.651483716701107
Hawaii,2016-12-01,2016,December,11.0,false,1428885.0,false,0.769831022090651,10.25,3.3878123807661966
Hawaii,2017-01-01,2017,January,11.0,false,1425763.0,false,0.771516724729145,10.75,2.958039891549808
Hawaii,2017-02-01,2017,February,5.0,true,1425763.0,false,0.3506894203314295,11.25,2.3403573930647275
Hawaii,2017-03-01,2017,March,11.0,false,1425763.0,false,0.771516724729145,11.25,2.3403573930647275
Hawaii,2017-04-01,2017,April,11.0,false,1425763.0,false,0.771516724729145,11.083333333333334,2.2746961169005466
Hawaii,2017-05-01,2017,May,12.0,false,1425763.0,false,0.841654608795431,10.833333333333334,2.081665999466133
Hawaii,2017-06-01,2017,June,5.0,true,1425763.0,false,0.3506894203314295,10.833333333333334,2.0816659994661326
Hawaii,2017-07-01,2017,July,5.0,true,1425763.0,false,0.3506894203314295,10.083333333333334,2.429303429280737
Hawaii,2017-08-01,2017,August,5.0,true,1425763.0,false,0.3506894203314295,9.583333333333334,2.8109633849474367
Hawaii,2017-09-01,2017,September,5.0,true,1425763.0,false,0.3506894203314295,9.083333333333334,3.0587678248047214
Hawaii,2017-10-01,2017,October,5.0,true,1425763.0,false,0.3506894203314295,8.666666666666666,3.256694736394648
Hawaii,2017-11-01,2017,November,5.0,true,1425763.0,false,0.3506894203314295,8.166666666666666,3.325748947320897
Hawaii,2017-12-01,2017,December,5.0,true,1425763.0,false,0.3506894203314295,7.583333333333333,3.203927514028917
Hawaii,2018-01-01,2018,January,5.0,true,1423102.0,false,0.3513451600798818,7.083333333333333,3.0883456393154556
Hawaii,2018-02-01,2018,February,5.0,true,1423102.0,false,0.3513451600798818,6.583333333333333,2.874917653629668
Hawaii,2018-03-01,2018,March,5.0,true,1423102.0,false,0.3513451600798818,6.583333333333333,2.874917653629668
Hawaii,2018-04-01,2018,April,5.0,true,1423102.0,false,0.3513451600798818,6.083333333333333,2.539088359425425
Hawaii,2018-05-01,2018,May,5.0,true,1423102.0,false,0.3513451600798818,5.583333333333333,2.0207259421636903
Hawaii,2018-06-01,2018,June,5.0,true,1423102.0,false,0.3513451600798818,5.0,0.0
Hawaii,2018-07-01,2018,July,5.0,true,1423102.0,false,0.3513451600798818,5.0,0.0
Hawaii,2018-08-01,2018,August,5.0,true,1423102.0,false,0.3513451600798818,5.0,0.0
Hawaii,2018-09-01,2018,September,5.0,true,1423102.0,false,0.3513451600798818,5.0,0.0
Hawaii,2018-10-01,2018,October,11.0,false,1423102.0,false,0.77295935217574,5.0,0.0
Hawaii,2018-11-01,2018,November,13.0,false,1423102.0,false,0.9134974162076928,5.5,1.7320508075688772
Hawaii,2018-12-01,2018,December,15.0,false,1423102.0,false,1.0540354802396454,6.166666666666667,2.7579087378048985
Hawaii,2019-01-01,2019,January,16.0,false,1415615.0,false,1.1302508097187443,7.0,3.7172815091383407
Hawaii,2019-02-01,2019,February,18.0,false,1415615.0,false,1.2715321609335872,7.916666666666667,4.461111425588376
Hawaii,2019-03-01,2019,March,18.0,false,1415615.0,false,1.2715321609335872,9.0,5.2048928030180495
Hawaii,2019-04-01,2019,April,18.0,false,1415615.0,false,1.2715321609335872,10.083333333333334,5.63202423376329
Hawaii,2019-05-01,2019,May,18.0,false,1415615.0,false,1.2715321609335872,11.166666666666666,5.812734192088847
Hawaii,2019-06-01,2019,June,19.0,false,1415615.0,false,1.3421728365410086,12.25,5.770221360178008
Hawaii,2019-07-01,2019,July,19.0,false,1415615.0,false,1.3421728365410086,13.416666666666666,5.5833898685514
Hawaii,2019-08-01,2019,August,21.0,false,1415615.0,false,1.4834541877558518,14.583333333333334,5.107184482014854
Hawaii,2019-09-01,2019,September,20.0,false,1415615.0,false,1.4128135121484302,15.916666666666666,4.420167280531222
Hawaii,2019-10-01,2019,October,19.0,false,1415615.0,false,1.3421728365410086,17.166666666666668,2.9180732539042804
Hawaii,2019-11-01,2019,November,17.0,false,1415615.0,false,1.2008914853261656,17.833333333333332,2.208797835653567
Hawaii,2019-12-01,2019,December,19.0,false,1415615.0,false,1.3421728365410086,18.166666666666668,1.6422453217986943
Hawaii,2020-01-01,2020,January,18.0,false,1451130.0,false,1.2404126439395506,18.5,1.3142574813455405
Hawaii,2020-02-01,2020,February,14.0,false,1451130.0,false,0.9647653897307616,18.666666666666668,1.0730867399773198
Hawaii,2020-03-01,2020,March,17.0,false,1451130.0,false,1.1715008303873533,18.333333333333332,1.7232808737106584
Hawaii,2020-04-01,2020,April,20.0,false,1451130.0,false,1.378236271043945,18.25,1.764549903980152
Hawaii,2020-05-01,2020,May,21.0,false,1451130.0,false,1.4471480845961422,18.416666666666668,1.831955405041456
Hawaii,2020-06-01,2020,June,23.0,false,1451130.0,false,1.5849717117005369,18.666666666666668,1.9694638556693238
Hawaii,2020-07-01,2020,July,23.0,false,1451130.0,false,1.5849717117005369,19.0,2.3354968324845693
Hawaii,2020-08-01,2020,August,21.0,false,1451130.0,false,1.4471480845961422,19.333333333333332,2.6053557891157193
Hawaii,2020-09-01,2020,September,26.0,false,1451130.0,false,1.7917071523571286,19.333333333333332,2.6053557891157197
Hawaii,2020-10-01,2020,October,28.0,false,1451130.0,false,1.9295307794615233,19.833333333333332,3.242707435947857
Hawaii,2020-11-01,2020,November,33.0,false,1451130.0,false,2.274089847222509,20.583333333333332,3.9876703915337774
Hawaii,2020-12-01,2020,December,34.0,false,1451130.0,false,2.3430016607747066,21.916666666666668,5.177895910561166
Hawaii,2021-01-01,2021,January,33.0,false,1446909.0,false,2.2807239432472945,23.166666666666668,6.132378054724009
Hawaii,2021-02-01,2021,February,36.0,false,1446909.0,false,2.4880624835425036,24.416666666666668,6.501165396692468
Hawaii,2021-03-01,2021,March,35.0,false,1446909.0,false,2.418949636777434,26.25,6.397797916613041
Hawaii,2021-04-01,2021,April,33.0,false,1446909.0,false,2.2807239432472945,27.75,6.136700327463521
Hawaii,2021-05-01,2021,May,33.0,false,1446909.0,false,2.2807239432472945,28.833333333333332,5.781370289493869
Hawaii,2021-06-01,2021,June,34.0,false,1446909.0,false,2.3498367900123642,29.833333333333332,5.322906474223772
Hawaii,2021-07-01,2021,July,39.0,false,1446909.0,false,2.6954010238377117,30.75,4.9749371855331
Hawaii,2021-08-01,2021,August,39.0,false,1446909.0,false,2.6954010238377117,32.083333333333336,4.851585182997285
Hawaii,2021-09-01,2021,September,40.0,false,1446909.0,false,2.7645138706027814,33.583333333333336,3.776923551668938
Hawaii,2021-10-01,2021,October,49.0,false,1446909.0,false,3.386529491488407,34.75,3.3608710992024897
Hawaii,2021-11-01,2021,November,49.0,false,1446909.0,false,3.386529491488407,36.5,4.719399037242695
Hawaii,2021-12-01,2021,December,48.0,false,1446909.0,false,3.317416644723338,37.833333333333336,5.781370289493868
Hawaii,2022-01-01,2022,January,53.0,false,1437812.0,false,3.6861564655184402,39.0,6.324555320336759
Hawaii,2022-02-01,2022,February,58.0,false,1437812.0,false,4.03390707547301,40.666666666666664,7.177405625652733
Hawaii,2022-03-01,2022,March,63.0,false,1437812.0,false,4.38165768542758,42.5,8.55463723262525
Hawaii,2022-04-01,2022,April,64.0,false,1437812.0,false,4.451207807418495,44.833333333333336,10.016652800877814
Hawaii,2022-05-01,2022,May,66.0,false,1437812.0,false,4.5903080514003225,47.416666666666664,10.663943781251708
Hawaii,2022-06-01,2022,June,65.0,false,1437812.0,false,4.520757929409408,50.166666666666664,10.861385591612928
Hawaii,2022-07-01,2022,July,70.0,false,1437812.0,false,4.868508539363979,52.75,10.340784215030222
Hawaii,2022-08-01,2022,August,75.0,false,1437812.0,false,5.216259149318548,55.333333333333336,10.464948710583894
Hawaii,2022-09-01,2022,September,80.0,false,1437812.0,false,5.564009759273118,58.333333333333336,10.51694159944138
Hawaii,2022-10-01,2022,October,74.0,false,1437812.0,false,5.146709027327634,61.666666666666664,10.516941599441381
Hawaii,2022-11-01,2022,November,72.0,false,1437812.0,false,5.007608783345806,63.75,10.252494153309053
Hawaii,2022-12-01,2022,December,75.0,false,1437812.0,false,5.216259149318548,65.66666666666667,9.354953314429284
Hawaii,2023-01-01,2023,January,75.0,false,1434950.0,false,5.226662949928569,67.91666666666667,7.844608262232016
Hawaii,2023-02-01,2023,February,73.0,false,1434950.0,false,5.0872852712638075,69.75,6.496502555571379
Hawaii,2023-03-01,2023,March,68.0,false,1434950.0,false,4.738841074601902,71.0,5.376717484589553
Hawaii,2023-04-01,2023,April,77.0,false,1434950.0,false,5.366040628593331,71.41666666666667,4.870287154747342
Hawaii,2023-05-01,2023,May,87.0,false,1434950.0,false,6.06292902191714,72.5,4.5025245443781055
Hawaii,2023-06-01,2023,June,103.0,false,1434950.0,false,7.177950451235235,74.25,5.67490488506596
Hawaii,2023-07-01,2023,July,106.0,false,1434950.0,false,7.387016969232377,77.41666666666667,9.414286371190748
Hawaii,2023-08-01,2023,August,111.0,false,1434950.0,false,7.735461165894282,80.41666666666667,12.168949557514546
Hawaii,2023-09-01,2023,September,109.0,false,1434950.0,false,7.59608348722952,83.41666666666667,14.853578285342147
Hawaii,2023-10-01,2023,October,106.0,false,1434950.0,false,7.387016969232377,85.83333333333333,16.513538981604444
Hawaii,2023-11-01,2023,November,109.0,false,1434950.0,false,7.59608348722952,88.5,17.005346752766272
Hawaii,2023-12-01,2023,December,110.0,false,1434950.0,false,7.665772326561901,91.58333333333333,17.095764139550813
Hawaii,2024-01-01,2024,January,116.0,false,1434952.0,false,8.083894095412251,94.5,16.994651565071344
Hawaii,2024-02-01,2024,February,115.0,false,1434952.0,false,8.014205353210421,97.91666666666667,16.83858303978927
Hawaii,2024-03-01,2024,March,119.0,false,1434952.0,false,8.29296032201774,101.41666666666667,15.500488750847556
Hawaii,2024-04-01,2024,April,116.0,false,1434952.0,false,8.083894095412251,105.66666666666667,12.130602423272938
Hawaii,2024-05-01,2024,May,117.0,false,1434952.0,false,8.153582837614081,108.91666666666667,8.404093519160046
Hawaii,2024-06-01,2024,June,112.0,false,1434952.0,false,7.805139126604932,111.41666666666667,5.107184482014852
Hawaii,2024-07-01,2024,July,111.0,false,1434952.0,false,7.735450384403102,112.16666666666667,4.365845400447209
Hawaii,2024-08-01,2024,August,109.0,false,1434952.0,false,7.5960728999994425,112.58333333333333,3.941811612428831
Hawaii,2024-09-01,2024,September,107.0,false,1434952.0,false,7.456695415595783,112.41666666666667,4.055486369964731
Hawaii,2024-10-01,2024,October,112.0,false,1434952.0,false,7.805139126604932,112.25,4.245318276964316
Hawaii,2024-11-01,2024,November,108.0,false,1434952.0,false,7.526384157797613,112.75,3.768891807222044
Hawaii,2024-12-01,2024,December,108.0,false,1434952.0,false,7.526384157797613,112.66666666666667,3.869069264008719
Hawaii,2025-01-01,2025,January,103.0,false,1432820.0,false,7.188621041023994,112.5,4.033946860424327
Hawaii,2025-02-01,2025,February,102.0,false,1432820.0,false,7.118828603732499,111.41666666666667,4.699290726623897
Hawaii,2025-03-01,2025,March,109.0,false,1432820.0,false,7.607375664772965,110.33333333333333,5.262791055796312
Hawaii,2025-04-01,2025,April,105.0,false,1432820.0,false,7.3282059156069845,109.5,4.502524544378106
Hawaii,2025-05-01,2025,May,98.0,false,1432820.0,false,6.839658854566519,108.58333333333333,4.166060561977061
Hawaii,2025-06-01,2025,June,94.0,false,1432820.0,false,6.560489105400539,107.0,4.285281363415526
Hawaii,2025-07-01,2025,July,88.0,false,1432820.0,false,6.141734481651569,105.5,5.385164807134506
Hawaii,2025-08-01,2025,August,83.0,false,1432820.0,false,5.792772295194093,103.58333333333333,7.07695791518738
Hawaii,2025-09-01,2025,September,84.0,false,1432820.0,false,5.862564732485588,101.41666666666667,8.989471956717255
Hawaii,2025-10-01,2025,October,82.0,false,1432820.0,false,5.7229798579025974,99.5,10.07697645851445
Hawaii,2025-11-01,2025,November,83.0,false,1432820.0,false,5.792772295194093,97.0,10.409785606036104
Hawaii,2025-12-01,2025,December,77.0,false,1432820.0,false,5.374017671445122,94.91666666666667,10.509375323822518
Hawaii,2026-01-01,2026,January,77.0,false,1430691.0,true,5.382014704782514,92.33333333333333,10.80684407160013
Hawaii,2026-02-01,2026,February,77.0,false,1430691.0,true,5.382014704782514,90.16666666666667,11.076866420471525
Hawaii,2026-03-01,2026,March,69.0,false,1430691.0,true,4.8228443458440715,88.08333333333333,10.999655641992804
Hawaii,2026-04-01,2026,April,66.0,false,1430691.0,true,4.613155461242155,84.75,10.109626375615742
Vermont,2015-01-01,2015,January,20.0,false,625810.0,false,3.1958581678145124,,
Vermont,2015-02-01,2015,February,20.0,false,625810.0,false,3.1958581678145124,20.0,
Vermont,2015-03-01,2015,March,19.0,false,625810.0,false,3.036065259423787,20.0,0.0
Vermont,2015-04-01,2015,April,23.0,false,625810.0,false,3.675236892986689,19.666666666666668,0.5773502691896263
Vermont,2015-05-01,2015,May,25.0,false,625810.0,false,3.9948227097681404,20.5,1.7320508075688772
Vermont,2015-06-01,2015,June,27.0,false,625810.0,false,4.314408526549592,21.4,2.5099800796022267
Vermont,2015-07-01,2015,July,27.0,false,625810.0,false,4.314408526549592,22.333333333333332,3.2041639575194445
Vermont,2015-08-01,2015,August,33.0,false,625810.0,false,5.273165976893945,23.0,3.415650255319867
Vermont,2015-09-01,2015,September,32.0,false,625810.0,false,5.11337306850322,24.25,4.743416490252569
Vermont,2015-10-01,2015,October,32.0,false,625810.0,false,5.11337306850322,25.11111111111111,5.134307266916455
Vermont,2015-11-01,2015,November,36.0,false,625810.0,false,5.752544702066123,25.8,5.308274463305169
Vermont,2015-12-01,2015,December,33.0,false,625810.0,false,5.273165976893945,26.727272727272727,5.900693333683917
Vermont,2016-01-01,2016,January,33.0,false,624366.0,false,5.285361470675854,27.25,5.910314558618532
Vermont,2016-02-01,2016,February,34.0,false,624366.0,false,5.445523939484213,28.333333333333332,5.646130345536479
Vermont,2016-03-01,2016,March,39.0,false,624366.0,false,6.246336283526009,29.5,5.196152422706633
Vermont,2016-04-01,2016,April,36.0,false,624366.0,false,5.7658488771009315,31.166666666666668,4.706539615419714
Vermont,2016-05-01,2016,May,35.0,false,624366.0,false,5.605686408292573,32.25,4.1148290586387875
Vermont,2016-06-01,2016,June,36.0,false,624366.0,false,5.7658488771009315,33.083333333333336,3.4761089357690356
Vermont,2016-07-01,2016,July,39.0,false,624366.0,false,6.246336283526009,33.833333333333336,2.9797294975866317
Vermont,2016-08-01,2016,August,39.0,false,624366.0,false,6.246336283526009,34.833333333333336,2.4432963327637838
Vermont,2016-09-01,2016,September,43.0,false,624366.0,false,6.886986158759445,35.333333333333336,2.6400183654090292
Vermont,2016-10-01,2016,October,47.0,false,624366.0,false,7.5276360339928825,36.25,3.2227881773960325
Vermont,2016-11-01,2016,November,47.0,false,624366.0,false,7.5276360339928825,37.5,4.1887294667302815
Vermont,2016-12-01,2016,December,56.0,false,624366.0,false,8.969098253268115,38.416666666666664,4.962739956796836
Vermont,2017-01-01,2017,January,61.0,false,625132.0,false,9.757939123257168,40.333333333333336,6.786796450506382
Vermont,2017-02-01,2017,February,63.0,false,625132.0,false,10.077871553527896,42.666666666666664,8.605847201792864
Vermont,2017-03-01,2017,March,64.0,false,625132.0,false,10.237837768663258,45.083333333333336,9.922044632885383
Vermont,2017-04-01,2017,April,69.0,false,625132.0,false,11.037668844340075,47.166666666666664,11.085070494985041
Vermont,2017-05-01,2017,May,70.0,false,625132.0,false,11.197635059475438,49.916666666666664,12.109037446419427
Vermont,2017-06-01,2017,June,71.0,false,625132.0,false,11.357601274610802,52.833333333333336,12.401124093721457
Vermont,2017-07-01,2017,July,73.0,false,625132.0,false,11.67753370488153,55.75,12.196310917650472
Vermont,2017-08-01,2017,August,72.0,false,625132.0,false,11.517567489746165,58.583333333333336,11.89696931104215
Vermont,2017-09-01,2017,September,69.0,false,625132.0,false,11.037668844340075,61.333333333333336,10.713910527341493
Vermont,2017-10-01,2017,October,71.0,false,625132.0,false,11.357601274610802,63.5,9.189915421512078
Vermont,2017-11-01,2017,November,78.0,false,625132.0,false,12.477364780558347,65.5,7.77525211517578
Vermont,2017-12-01,2017,December,73.0,false,625132.0,false,11.67753370488153,68.08333333333333,6.022055422789757
Vermont,2018-01-01,2018,January,74.0,false,624802.0,false,11.84375210066549,69.5,4.795831523312719
Vermont,2018-02-01,2018,February,76.0,false,624802.0,false,12.163853508791584,70.58333333333333,4.122186827695251
Vermont,2018-03-01,2018,March,80.0,false,624802.0,false,12.804056325043774,71.66666666666667,3.6265017787828477
Vermont,2018-04-01,2018,April,80.0,false,624802.0,false,12.804056325043774,73.0,3.4902461491731755
Vermont,2018-05-01,2018,May,87.0,false,624802.0,false,13.924411253485106,73.91666666666667,3.7769235516689426
Vermont,2018-06-01,2018,June,89.0,false,624802.0,false,14.244512661611198,75.33333333333333,5.122736011393151
Vermont,2018-07-01,2018,July,90.0,false,624802.0,false,14.404563365674246,76.83333333333333,6.249848483011898
Vermont,2018-08-01,2018,August,91.0,false,624802.0,false,14.564614069737292,78.25,7.162084511191875
Vermont,2018-09-01,2018,September,98.0,false,624802.0,false,15.684968998178622,79.83333333333333,7.732262203771852
Vermont,2018-10-01,2018,October,100.0,false,624802.0,false,16.005070406304718,82.25,8.52936105461598
Vermont,2018-11-01,2018,November,93.0,false,624802.0,false,14.884715477863386,84.66666666666667,9.138662457665866
Vermont,2018-12-01,2018,December,96.0,false,624802.0,false,15.36486759005253,85.91666666666667,9.169696468985952
Vermont,2019-01-01,2019,January,97.0,false,624046.0,false,15.54372594327982,87.83333333333333,8.611127403047472
Vermont,2019-02-01,2019,February,102.0,false,624046.0,false,16.344948930046822,89.75,7.770866337569038
Vermont,2019-03-01,2019,March,96.0,false,624046.0,false,15.383481345926421,91.91666666666667,7.191640770345597
Vermont,2019-04-01,2019,April,97.0,false,624046.0,false,15.54372594327982,93.25,6.195672976873749
Vermont,2019-05-01,2019,May,90.0,false,624046.0,false,14.42201376180602,94.66666666666667,4.638442789897437
Vermont,2019-06-01,2019,June,87.0,false,624046.0,false,13.941279969745821,94.91666666666667,4.25245027405769
Vermont,2019-07-01,2019,July,87.0,false,624046.0,false,13.941279969745821,94.75,4.53521574108463
Vermont,2019-08-01,2019,August,94.0,false,624046.0,false,15.062992151219621,94.5,4.889692312312803
Vermont,2019-09-01,2019,September,89.0,false,624046.0,false,14.26176916445262,94.75,4.7696960070847245
Vermont,2019-10-01,2019,October,85.0,false,624046.0,false,13.62079077503902,94.0,4.917501213199461
Vermont,2019-11-01,2019,November,88.0,false,624046.0,false,14.10152456709922,92.75,5.154433219877985
Vermont,2019-12-01,2019,December,88.0,false,624046.0,false,14.10152456709922,92.33333333333333,5.33143905753807
Vermont,2020-01-01,2020,January,89.0,false,642965.0,false,13.842122043968178,91.66666666666667,5.331439057538074
Vermont,2020-02-01,2020,February,84.0,false,642965.0,false,13.06447473812727,91.0,5.0990195135927845
Vermont,2020-03-01,2020,March,86.0,false,642965.0,false,13.375533660463633,89.5,4.12310562561766
Vermont,2020-04-01,2020,April,91.0,false,642965.0,false,14.153180966304543,88.66666666666667,3.676295896027893
Vermont,2020-05-01,2020,May,98.0,false,642965.0,false,15.241887194481814,88.16666666666667,2.724746304565331
Vermont,2020-06-01,2020,June,100.0,false,642965.0,false,15.552946116818177,88.83333333333333,3.9273709303097957
Vermont,2020-07-01,2020,July,105.0,false,642965.0,false,16.33059342265909,89.91666666666667,5.017393987344668
Vermont,2020-08-01,2020,August,106.0,false,642965.0,false,16.48612288382727,91.41666666666667,6.529072512906243
Vermont,2020-09-01,2020,September,110.0,false,642965.0,false,17.108240728499997,92.41666666666667,7.763063281666045
Vermont,2020-10-01,2020,October,117.0,false,642965.0,false,18.19694695667727,94.16666666666667,9.16349807495462
Vermont,2020-11-01,2020,November,125.0,false,642965.0,false,19.441182646022725,96.83333333333333,10.768922739517484
Vermont,2020-12-01,2020,December,133.0,false,642965.0,false,20.685418335368176,99.91666666666667,13.062495469043736
Vermont,2021-01-01,2021,January,137.0,false,647238.0,false,21.16686597511271,103.66666666666667,15.552452793009465
Vermont,2021-02-01,2021,February,141.0,false,647238.0,false,21.78487666051746,107.66666666666667,17.48939072348685
Vermont,2021-03-01,2021,March,157.0,false,647238.0,false,24.256919402136464,112.41666666666667,18.20318819894088
Vermont,2021-04-01,2021,April,161.0,false,647238.0,false,24.874930087541212,118.33333333333333,20.258929942725068
Vermont,2021-05-01,2021,May,167.0,false,647238.0,false,25.80194611564834,124.16666666666667,21.699741654655426
Vermont,2021-06-01,2021,June,175.0,false,647238.0,false,27.03796748645784,129.91666666666666,23.224040574500826
Vermont,2021-07-01,2021,July,180.0,false,647238.0,false,27.810480843213778,136.16666666666666,24.497990022683794
Vermont,2021-08-01,2021,August,181.0,false,647238.0,false,27.964983514564967,142.41666666666666,25.375214583358996
Vermont,2021-09-01,2021,September,195.0,false,647238.0,false,30.128020913481592,148.66666666666666,24.820568205836995
Vermont,2021-10-01,2021,October,203.0,false,647238.0,false,31.3640422842911,155.75,24.911205948692686
Vermont,2021-11-01,2021,November,208.0,false,647238.0,false,32.13655564104703,162.91666666666666,25.11956258063475
Vermont,2021-12-01,2021,December,207.0,false,647238.0,false,31.982052969695847,169.83333333333334,25.157082260842337
Vermont,2022-01-01,2022,January,212.0,false,647614.0,false,32.735549262369254,176.0,24.364653981461842
Vermont,2022-02-01,2022,February,214.0,false,647614.0,false,33.0443751988067,182.25,23.034065681467993
Vermont,2022-03-01,2022,March,201.0,false,647614.0,false,31.037006611963303,188.33333333333334,20.667644160656433
Vermont,2022-04-01,2022,April,202.0,false,647614.0,false,31.19141958018202,192.0,18.37983084302415
Vermont,2022-05-01,2022,May,204.0,false,647614.0,false,31.500245516619465,195.41666666666666,15.710207066127616
Vermont,2022-06-01,2022,June,204.0,false,647614.0,false,31.500245516619465,198.5,13.02794199892188
Vermont,2022-07-01,2022,July,212.0,false,647614.0,false,32.735549262369254,200.91666666666666,10.765756599120884
Vermont,2022-08-01,2022,August,219.0,false,647614.0,false,33.816440039900314,203.58333333333334,8.918401134053052
Vermont,2022-09-01,2022,September,213.0,false,647614.0,false,32.889962230587976,206.75,6.621246792780731
Vermont,2022-10-01,2022,October,213.0,false,647614.0,false,32.889962230587976,208.25,5.690901829794964
Vermont,2022-11-01,2022,November,210.0,false,647614.0,false,32.4267233259318,209.08333333333334,5.583389868551398
Vermont,2022-12-01,2022,December,218.0,false,647614.0,false,33.662027071681585,209.25,5.577959874688624
Vermont,2023-01-01,2023,January,215.0,false,647722.0,false,33.19325266086377,210.16666666666666,6.057802381802304
Vermont,2023-02-01,2023,February,222.0,false,647722.0,false,34.27396321261282,210.41666666666666,6.200562046860729
Vermont,2023-03-01,2023,March,229.0,false,647722.0,false,35.35467376436187,211.08333333333334,6.999458853541768
Vermont,2023-04-01,2023,April,237.0,false,647722.0,false,36.58977153778936,213.41666666666666,7.936776690976273
Vermont,2023-05-01,2023,May,232.0,false,647722.0,false,35.81783542939718,216.33333333333334,9.613752775282
Vermont,2023-06-01,2023,June,232.0,false,647722.0,false,35.81783542939718,218.66666666666666,9.745239708170201
Vermont,2023-07-01,2023,July,224.0,false,647722.0,false,34.58273765596969,221.0,9.253991767684012
Vermont,2023-08-01,2023,August,225.0,false,647722.0,false,34.73712487764813,222.0,8.831760866327858
Vermont,2023-09-01,2023,September,226.0,false,647722.0,false,34.89151209932656,222.5,8.816307204678864
Vermont,2023-10-01,2023,October,224.0,false,647722.0,false,34.58273765596969,223.58333333333334,8.328028614627877
Vermont,2023-11-01,2023,November,216.0,false,647722.0,false,33.3476398825422,224.5,7.633657529174803
Vermont,2023-12-01,2023,December,211.0,false,647722.0,false,32.57570377415002,225.0,6.741998624632422
Vermont,2024-01-01,2024,January,212.0,false,646521.0,false,32.7908915565001,224.41666666666666,7.645061785032859
Vermont,2024-02-01,2024,February,207.0,false,646521.0,false,32.01752147262038,224.16666666666666,8.020806277010637
Vermont,2024-03-01,2024,March,203.0,false,646521.0,false,31.398825405516604,222.91666666666666,9.433579609163456
Vermont,2024-04-01,2024,April,184.0,false,646521.0,false,28.46001908677367,220.75,10.796674572208884
Vermont,2024-05-01,2024,May,184.0,false,646521.0,false,28.46001908677367,216.33333333333334,13.930563738076298
Vermont,2024-06-01,2024,June,195.0,false,646521.0,false,30.161433271309054,212.33333333333334,15.790292376436014
Vermont,2024-07-01,2024,July,199.0,false,646521.0,false,30.780129338412827,209.25,15.202422055831649
Vermont,2024-08-01,2024,August,190.0,false,646521.0,false,29.388063187429335,207.16666666666666,14.702092203204108
Vermont,2024-09-01,2024,September,182.0,false,646521.0,false,28.15067105322178,204.25,14.309088021254189
Vermont,2024-10-01,2024,October,181.0,false,646521.0,false,27.995997036445836,200.58333333333334,13.859413166989912
Vermont,2024-11-01,2024,November,180.0,false,646521.0,false,27.841323019669893,197.0,12.770705113301656
Vermont,2024-12-01,2024,December,165.0,false,646521.0,false,25.521212768030736,194.0,12.113103348327913
Vermont,2025-01-01,2025,January,158.0,false,644663.0,false,24.50892947167745,190.16666666666666,13.449118479617459
Vermont,2025-02-01,2025,February,147.0,false,644663.0,false,22.802611597066996,185.66666666666666,14.474638217073045
Vermont,2025-03-01,2025,March,139.0,false,644663.0,false,21.561653142804843,180.66666666666666,16.636943192422056
Vermont,2025-04-01,2025,April,139.0,false,644663.0,false,21.561653142804843,175.33333333333334,18.927293103939203
Vermont,2025-05-01,2025,May,136.0,false,644663.0,false,21.09629372245654,171.58333333333334,21.356107635365884
Vermont,2025-06-01,2025,June,121.0,false,644663.0,false,18.76949662071501,167.58333333333334,23.231868133443278
Vermont,2025-07-01,2025,July,104.0,false,644663.0,false,16.13245990540794,161.41666666666666,25.04344709548275
Vermont,2025-08-01,2025,August,100.0,false,644663.0,false,15.511980678276865,153.5,27.020194468043876
Vermont,2025-09-01,2025,September,93.0,false,644663.0,false,14.426142030797486,146.0,28.422142456510578
Vermont,2025-10-01,2025,October,86.0,false,644663.0,false,13.340303383318107,138.58333333333334,29.754933382652034
Vermont,2025-11-01,2025,November,92.0,false,644663.0,false,14.271022224014718,130.66666666666666,30.07969213253154
Vermont,2025-12-01,2025,December,97.0,false,644663.0,false,15.046621257928562,123.33333333333333,27.582383486346483
Vermont,2026-01-01,2026,January,96.0,false,642810.0,true,14.93442852475848,117.66666666666667,25.11911019462467
Vermont,2026-02-01,2026,February,97.0,false,642810.0,true,15.089995488558051,112.5,22.285339657190857
Vermont,2026-03-01,2026,March,101.0,false,642810.0,true,15.71226334375632,108.33333333333333,19.782146833277046
Vermont,2026-04-01,2026,April,101.0,false,642810.0,true,15.71226334375632,105.16666666666667,17.314383580938674
Virginia,2015-01-01,2015,January,182.0,false,8367303.0,false,2.175133373322324,,
Virginia,2015-02-01,2015,February,192.0,false,8367303.0,false,2.2946461960323417,182.0,
Virginia,2015-03-01,2015,March,191.0,false,8367303.0,false,2.2826949137613397,187.0,7.0710678118654755
Virginia,2015-04-01,2015,April,198.0,false,8367303.0,false,2.3663538896583525,188.33333333333334,5.5075705472861
Virginia,2015-05-01,2015,May,206.0,false,8367303.0,false,2.4619641478263663,190.75,6.601767440112783
Virginia,2015-06-01,2015,June,217.0,false,8367303.0,false,2.5934282528073864,193.8,8.899438184514791
Virginia,2015-07-01,2015,July,214.0,false,8367303.0,false,2.5575744059943806,197.66666666666666,12.372011423639508
Virginia,2015-08-01,2015,August,209.0,false,8367303.0,false,2.4978179946393717,200.0,12.871156384205204
Virginia,2015-09-01,2015,September,230.0,false,8367303.0,false,2.748794922330409,201.125,12.333896383543998
Virginia,2015-10-01,2015,October,253.0,false,8367303.0,false,3.02367441456345,204.33333333333334,15.024979201316702
Virginia,2015-11-01,2015,November,256.0,false,8367303.0,false,3.0595282613764554,209.2,20.91676626802313
Virginia,2015-12-01,2015,December,261.0,false,8367303.0,false,3.1192846727314643,213.45454545454547,24.34897795129656
Virginia,2016-01-01,2016,January,263.0,false,8417651.0,false,3.124387076632187,217.41666666666666,26.969539495624677
Virginia,2016-02-01,2016,February,309.0,false,8417651.0,false,3.6708578200735578,224.16666666666666,27.432009614958062
Virginia,2016-03-01,2016,March,355.0,false,8417651.0,false,4.217328563514928,233.91666666666666,34.77056836237257
Virginia,2016-04-01,2016,April,390.0,false,8417651.0,false,4.633121520481189,247.58333333333334,46.59000738225728
Virginia,2016-05-01,2016,May,417.0,false,8417651.0,false,4.953876087283733,263.5833333333333,59.259764570657026
Virginia,2016-06-01,2016,June,447.0,false,8417651.0,false,5.31027005039767,281.1666666666667,70.8004023272253
Virginia,2016-07-01,2016,July,474.0,false,8417651.0,false,5.6310246172002145,300.3333333333333,82.0834756190122
Virginia,2016-08-01,2016,August,514.0,false,8417651.0,false,6.106216568018797,322.0,91.04843865667428
Virginia,2016-09-01,2016,September,534.0,false,8417651.0,false,6.343812543428089,347.4166666666667,98.87131979895827
Virginia,2016-10-01,2016,October,562.0,false,8417651.0,false,6.676446909001098,372.75,104.81856619025953
Virginia,2016-11-01,2016,November,610.0,false,8417651.0,false,7.246677249983398,398.5,110.52560377988931
Virginia,2016-12-01,2016,December,650.0,false,8417651.0,false,7.721869200801982,428.0,116.13393521745016
Virginia,2017-01-01,2017,January,694.0,false,8471011.0,false,8.19264666283635,460.4166666666667,119.5228835703427
Virginia,2017-02-01,2017,February,703.0,false,8471011.0,false,8.298891360193016,496.3333333333333,119.56385386694068
Virginia,2017-03-01,2017,March,696.0,false,8471011.0,false,8.216256595582275,529.1666666666666,117.5243366157397
Virginia,2017-04-01,2017,April,691.0,false,8471011.0,false,8.157231763717459,557.5833333333334,112.71077897419437
Virginia,2017-05-01,2017,May,697.0,false,8471011.0,false,8.228061561955238,582.6666666666666,105.27309362996911
Virginia,2017-06-01,2017,June,712.0,false,8471011.0,false,8.405136057549683,606.0,95.82180431310078
Virginia,2017-07-01,2017,July,736.0,false,8471011.0,false,8.688455250500796,628.0833333333334,85.86613083307317
Virginia,2017-08-01,2017,August,758.0,false,8471011.0,false,8.948164510705983,649.9166666666666,75.85088042077076
Virginia,2017-09-01,2017,September,765.0,false,8471011.0,false,9.030799275316724,670.25,68.44656177034621
Virginia,2017-10-01,2017,October,758.0,false,8471011.0,false,8.948164510705983,689.5,58.388199305868454
Virginia,2017-11-01,2017,November,774.0,false,8471011.0,false,9.137043972673393,705.8333333333334,45.4629386190421
Virginia,2017-12-01,2017,December,797.0,false,8471011.0,false,9.40855819925154,719.5,38.08722047664236
Virginia,2018-01-01,2018,January,785.0,false,8510920.0,false,9.223444703980299,731.75,37.334178832417145
Virginia,2018-02-01,2018,February,770.0,false,8510920.0,false,9.047200537662203,739.3333333333334,38.20122162095521
Virginia,2018-03-01,2018,March,787.0,false,8510920.0,false,9.246943926156044,744.9166666666666,37.29357325412258
Virginia,2018-04-01,2018,April,796.0,false,8510920.0,false,9.3526904259469,752.5,35.65873602001977
Virginia,2018-05-01,2018,May,806.0,false,8510920.0,false,9.470186536825631,761.25,31.877963320365126
Virginia,2018-06-01,2018,June,799.0,false,8510920.0,false,9.38793925921052,770.3333333333334,27.073413101596522
Virginia,2018-07-01,2018,July,801.0,false,8510920.0,false,9.411438481386266,777.5833333333334,20.9998196240449
Virginia,2018-08-01,2018,August,817.0,false,8510920.0,false,9.599432258792234,783.0,17.367681584954447
Virginia,2018-09-01,2018,September,847.0,false,8510920.0,false,9.951920591428424,787.9166666666666,17.987158719149566
Virginia,2018-10-01,2018,October,881.0,false,8510920.0,false,10.351407368416105,794.75,23.28528602904726
Virginia,2018-11-01,2018,November,867.0,false,8510920.0,false,10.186912813185884,805.0,31.322370745058684
Virginia,2018-12-01,2018,December,845.0,false,8510920.0,false,9.928421369252677,812.75,34.31703790989383
Virginia,2019-01-01,2019,January,865.0,false,8556642.0,false,10.109105885229276,816.75,35.10277119337655
Virginia,2019-02-01,2019,February,877.0,false,8556642.0,false,10.249347816585058,823.4166666666666,36.10705882469094
Virginia,2019-03-01,2019,March,876.0,false,8556642.0,false,10.237660988972076,832.3333333333334,34.908538505730384
Virginia,2019-04-01,2019,April,894.0,false,8556642.0,false,10.448023886005748,839.75,33.83952772075337
Virginia,2019-05-01,2019,May,901.0,false,8556642.0,false,10.529831679296622,847.9166666666666,34.14530004483069
Virginia,2019-06-01,2019,June,915.0,false,8556642.0,false,10.693447265878367,855.8333333333334,34.55386659940818
Virginia,2019-07-01,2019,July,909.0,false,8556642.0,false,10.623326300200477,865.5,33.416109343195
Virginia,2019-08-01,2019,August,894.0,false,8556642.0,false,10.448023886005748,874.5,28.6721277391635
Virginia,2019-09-01,2019,September,888.0,false,8556642.0,false,10.377902920327857,880.9166666666666,22.609162797950816
Virginia,2019-10-01,2019,October,911.0,false,8556642.0,false,10.64669995542644,884.3333333333334,19.960567186937418
Virginia,2019-11-01,2019,November,936.0,false,8556642.0,false,10.938870645750985,886.8333333333334,21.336410762881947
Virginia,2019-12-01,2019,December,970.0,false,8556642.0,false,11.336222784592366,892.5833333333334,24.559605909383883
Virginia,2020-01-01,2020,January,1003.0,false,8637303.0,false,11.612421145813688,903.0,28.702233045848228
Virginia,2020-02-01,2020,February,1022.0,false,8637303.0,false,11.832397219363498,914.5,38.175432366426854
Virginia,2020-03-01,2020,March,1059.0,false,8637303.0,false,12.260771678381552,926.5833333333334,47.12547725021581
Virginia,2020-04-01,2020,April,1138.0,false,8637303.0,false,13.1754090368255,941.8333333333334,57.69328515100479
Virginia,2020-05-01,2020,May,1246.0,false,8637303.0,false,14.42579934963495,962.1666666666666,78.53526519206441
Virginia,2020-06-01,2020,June,1307.0,false,8637303.0,false,15.132038322610656,990.9166666666666,110.67845181863407
Virginia,2020-07-01,2020,July,1405.0,false,8637303.0,false,16.266651754604418,1023.5833333333334,140.158000668942
Virginia,2020-08-01,2020,August,1480.0,false,8637303.0,false,17.13497836072209,1064.9166666666667,172.66228641922694
Virginia,2020-09-01,2020,September,1530.0,false,8637303.0,false,17.71386276480054,1113.75,200.5447694293086
Virginia,2020-10-01,2020,October,1557.0,false,8637303.0,false,18.026460343002903,1167.25,219.57691756483132
Virginia,2020-11-01,2020,November,1598.0,false,8637303.0,false,18.501145554347232,1221.0833333333333,229.98397506756586
Virginia,2020-12-01,2020,December,1640.0,false,8637303.0,false,18.987408453773128,1276.25,234.73239114903902
Virginia,2021-01-01,2021,January,1720.0,false,8660007.0,false,19.861415816407536,1332.0833333333333,234.948527567339
Virginia,2021-02-01,2021,February,1774.0,false,8660007.0,false,20.48497189436452,1391.8333333333333,234.82133762939986
Virginia,2021-03-01,2021,March,1861.0,false,8660007.0,false,21.489590019961877,1454.5,227.37653992681592
Virginia,2021-04-01,2021,April,1893.0,false,8660007.0,false,21.859104732825276,1521.3333333333333,218.24145649562863
Virginia,2021-05-01,2021,May,1862.0,false,8660007.0,false,21.50113735473886,1584.25,206.1800294535204
Virginia,2021-06-01,2021,June,1892.0,false,8660007.0,false,21.84755739804829,1635.5833333333333,190.3878616897303
Virginia,2021-07-01,2021,July,1897.0,false,8660007.0,false,21.9052940719332,1684.3333333333333,172.67590942852942
Virginia,2021-08-01,2021,August,1916.0,false,8660007.0,false,22.12469343269584,1725.3333333333333,158.11809932241573
Virginia,2021-09-01,2021,September,1960.0,false,8660007.0,false,22.632776162883008,1761.6666666666667,146.2683295947015
Virginia,2021-10-01,2021,October,1985.0,false,8660007.0,false,22.921459532307537,1797.5,136.71370217954157
Virginia,2021-11-01,2021,November,2009.0,false,8660007.0,false,23.198595566955085,1833.1666666666667,123.45321773731543
Virginia,2021-12-01,2021,December,2047.0,false,8660007.0,false,23.637394288480365,1867.4166666666667,108.37012195865319
Virginia,2022-01-01,2022,January,2015.0,false,8681038.0,false,23.211509959984046,1901.3333333333333,93.37737056339365
Virginia,2022-02-01,2022,February,2025.0,false,8681038.0,false,23.326703557800347,1925.9166666666667,79.02756519472219
Virginia,2022-03-01,2022,March,2007.0,false,8681038.0,false,23.11935508173101,1946.8333333333333,67.54639258698546
Virginia,2022-04-01,2022,April,1962.0,false,8681038.0,false,22.600983891557668,1959.0,63.72098270086267
Virginia,2022-05-01,2022,May,1979.0,false,8681038.0,false,22.796813007845376,1964.75,60.24212509833653
Virginia,2022-06-01,2022,June,1972.0,false,8681038.0,false,22.716177489373965,1974.5,50.83395429327633
Virginia,2022-07-01,2022,July,1972.0,false,8681038.0,false,22.716177489373965,1981.1666666666667,43.788403058620915
Virginia,2022-08-01,2022,August,1988.0,false,8681038.0,false,22.900487245880043,1987.4166666666667,35.19157526592078
Virginia,2022-09-01,2022,September,1972.0,false,8681038.0,false,22.716177489373965,1993.4166666666667,27.12080158822521
Virginia,2022-10-01,2022,October,1972.0,false,8681038.0,false,22.716177489373965,1994.4166666666667,25.973617150462264
Virginia,2022-11-01,2022,November,1966.0,false,8681038.0,false,22.64706133068419,1993.3333333333333,26.664015019679564
Virginia,2022-12-01,2022,December,1972.0,false,8681038.0,false,22.716177489373965,1989.75,27.250104253345274
Virginia,2023-01-01,2023,January,1993.0,false,8732034.0,false,22.82400641133555,1983.5,20.751779770332092
Virginia,2023-02-01,2023,February,1998.0,false,8732034.0,false,22.881266838860224,1981.6666666666667,18.5733598729389
Virginia,2023-03-01,2023,March,2006.0,false,8732034.0,false,22.972883522899707,1979.4166666666667,13.892171329292776
Virginia,2023-04-01,2023,April,2034.0,false,8732034.0,false,23.293541917037885,1979.3333333333333,13.713519098342626
Virginia,2023-05-01,2023,May,2046.0,false,8732034.0,false,23.430966943097108,1985.3333333333333,19.828048697527375
Virginia,2023-06-01,2023,June,2074.0,false,8732034.0,false,23.75162533723529,1990.9166666666667,26.269437248128032
Virginia,2023-07-01,2023,July,2081.0,false,8732034.0,false,23.831789935769834,1999.4166666666667,34.73132809892466
Virginia,2023-08-01,2023,August,2053.0,false,8732034.0,false,23.511131541631652,2008.5,40.65710270051222
Virginia,2023-09-01,2023,September,2021.0,false,8732034.0,false,23.14466480547373,2013.9166666666667,41.985838160749076
Virginia,2023-10-01,2023,October,1997.0,false,8732034.0,false,22.86981475335529,2018.0,39.867963899032304
Virginia,2023-11-01,2023,November,1974.0,false,8732034.0,false,22.606416786741782,2020.0833333333333,37.84768116671048
Virginia,2023-12-01,2023,December,1926.0,false,8732034.0,false,22.056716682504902,2020.75,36.8661584161361
Virginia,2024-01-01,2024,January,1864.0,false,8819642.0,false,21.13464469419507,2016.9166666666667,44.081450094390526
Virginia,2024-02-01,2024,February,1830.0,false,8819642.0,false,20.749141518442585,2006.1666666666667,62.376909092057296
Virginia,2024-03-01,2024,March,1732.0,false,8819642.0,false,19.63798530597954,1992.1666666666667,80.57501680628643
Virginia,2024-04-01,2024,April,1676.0,false,8819642.0,false,19.0030388988578,1969.3333333333333,109.81582377560694
Virginia,2024-05-01,2024,May,1609.0,false,8819642.0,false,18.243370876051433,1939.5,136.1272800126277
Virginia,2024-06-01,2024,June,1511.0,false,8819642.0,false,17.132214663588385,1903.0833333333333,161.19184410527927
Virginia,2024-07-01,2024,July,1411.0,false,8819642.0,false,15.998381793728134,1856.1666666666667,186.8187421653471
Virginia,2024-08-01,2024,August,1332.0,false,8819642.0,false,15.102653826538537,1800.3333333333333,211.945247360699
Virginia,2024-09-01,2024,September,1267.0,false,8819642.0,false,14.365662461129373,1740.25,234.77344011156424
Virginia,2024-10-01,2024,October,1180.0,false,8819642.0,false,13.379227864350955,1677.4166666666667,252.99531376663637
Virginia,2024-11-01,2024,November,1121.0,false,8819642.0,false,12.710266471133407,1609.3333333333333,268.62252438330745
Virginia,2024-12-01,2024,December,1064.0,false,8819642.0,false,12.063981735313066,1538.25,276.10805691053116
Virginia,2025-01-01,2025,January,1014.0,false,8880107.0,false,11.418781327747515,1466.4166666666667,278.1815817487606
Virginia,2025-02-01,2025,February,943.0,false,8880107.0,false,10.619241412293793,1395.5833333333333,275.9504100157829
Virginia,2025-03-01,2025,March,921.0,false,8880107.0,false,10.371496649758837,1321.6666666666667,267.68106304920326
Virginia,2025-04-01,2025,April,876.0,false,8880107.0,false,9.864745999119155,1254.0833333333333,256.822350462279
Virginia,2025-05-01,2025,May,820.0,false,8880107.0,false,9.234122967211995,1187.4166666666667,240.66856059860842
Virginia,2025-06-01,2025,June,793.0,false,8880107.0,false,8.930072576828184,1121.6666666666667,222.08120273012895
Virginia,2025-07-01,2025,July,791.0,false,8880107.0,false,8.907550325688645,1061.8333333333333,203.60426559799026
Virginia,2025-08-01,2025,August,785.0,false,8880107.0,false,8.839983572270018,1010.1666666666666,184.7360935021206
Virginia,2025-09-01,2025,September,773.0,false,8880107.0,false,8.70485006543277,964.5833333333334,164.4801498569651
Virginia,2025-10-01,2025,October,779.0,false,8880107.0,false,8.772416818851394,923.4166666666666,142.22354896003642
Virginia,2025-11-01,2025,November,765.0,false,8880107.0,false,8.614761060874605,890.0,122.14894038166534
Virginia,2025-12-01,2025,December,737.0,false,8880107.0,false,8.299449544921023,860.3333333333334,102.61431171964743
Virginia,2026-01-01,2026,January,679.0,false,8940987.0,true,7.594239875306831,833.0833333333334,85.62440002001695
Virginia,2026-02-01,2026,February,624.0,false,8940987.0,true,6.979095260959444,805.1666666666666,75.26055749960605
Virginia,2026-03-01,2026,March,557.0,false,8940987.0,true,6.229737276208992,778.5833333333334,78.42130778781693
Virginia,2026-04-01,2026,April,5.0,true,8940987.0,true,0.05592223766794426,748.25,88.1240086984864
California,2015-01-01,2015,January,5.0,true,38904296.0,false,0.012852051094819966,,
California,2015-02-01,2015,February,5.0,true,38904296.0,false,0.012852051094819966,5.0,
California,2015-03-01,2015,March,5.0,true,38904296.0,false,0.012852051094819966,5.0,0.0
California,2015-04-01,2015,April,5.0,true,38904296.0,false,0.012852051094819966,5.0,0.0
California,2015-05-01,2015,May,5.0,true,38904296.0,false,0.012852051094819966,5.0,0.0
California,2015-06-01,2015,June,5.0,true,38904296.0,false,0.012852051094819966,5.0,0.0
California,2015-07-01,2015,July,5.0,true,38904296.0,false,0.012852051094819966,5.0,0.0
California,2015-08-01,2015,August,5.0,true,38904296.0,false,0.012852051094819966,5.0,0.0
California,2015-09-01,2015,September,5.0,true,38904296.0,false,0.012852051094819966,5.0,0.0
California,2015-10-01,2015,October,5.0,true,38904296.0,false,0.012852051094819966,5.0,0.0
California,2015-11-01,2015,November,5.0,true,38904296.0,false,0.012852051094819966,5.0,0.0
California,2015-12-01,2015,December,5.0,true,38904296.0,false,0.012852051094819966,5.0,0.0
California,2016-01-01,2016,January,5.0,true,39149186.0,false,0.012771657627823988,5.0,0.0
California,2016-02-01,2016,February,5.0,true,39149186.0,false,0.012771657627823988,5.0,0.0
California,2016-03-01,2016,March,5.0,true,39149186.0,false,0.012771657627823988,5.0,0.0
California,2016-04-01,2016,April,5.0,true,39149186.0,false,0.012771657627823988,5.0,0.0
California,2016-05-01,2016,May,5.0,true,39149186.0,false,0.012771657627823988,5.0,0.0
California,2016-06-01,2016,June,5.0,true,39149186.0,false,0.012771657627823988,5.0,0.0
California,2016-07-01,2016,July,5.0,true,39149186.0,false,0.012771657627823988,5.0,0.0
California,2016-08-01,2016,August,5.0,true,39149186.0,false,0.012771657627823988,5.0,0.0
California,2016-09-01,2016,September,5.0,true,39149186.0,false,0.012771657627823988,5.0,0.0
California,2016-10-01,2016,October,5.0,true,39149186.0,false,0.012771657627823988,5.0,0.0
California,2016-11-01,2016,November,5.0,true,39149186.0,false,0.012771657627823988,5.0,0.0
California,2016-12-01,2016,December,5.0,true,39149186.0,false,0.012771657627823988,5.0,0.0
California,2017-01-01,2017,January,5.0,true,39337785.0,false,0.01271042586663179,5.0,0.0
California,2017-02-01,2017,February,5.0,true,39337785.0,false,0.01271042586663179,5.0,0.0
California,2017-03-01,2017,March,5.0,true,39337785.0,false,0.01271042586663179,5.0,0.0
California,2017-04-01,2017,April,5.0,true,39337785.0,false,0.01271042586663179,5.0,0.0
California,2017-05-01,2017,May,5.0,true,39337785.0,false,0.01271042586663179,5.0,0.0
California,2017-06-01,2017,June,5.0,true,39337785.0,false,0.01271042586663179,5.0,0.0
California,2017-07-01,2017,July,5.0,true,39337785.0,false,0.01271042586663179,5.0,0.0
California,2017-08-01,2017,August,5.0,true,39337785.0,false,0.01271042586663179,5.0,0.0
California,2017-09-01,2017,September,5.0,true,39337785.0,false,0.01271042586663179,5.0,0.0
California,2017-10-01,2017,October,5.0,true,39337785.0,false,0.01271042586663179,5.0,0.0
California,2017-11-01,2017,November,5.0,true,39337785.0,false,0.01271042586663179,5.0,0.0
California,2017-12-01,2017,December,5.0,true,39337785.0,false,0.01271042586663179,5.0,0.0
California,2018-01-01,2018,January,5.0,true,39437463.0,false,0.012678300325758785,5.0,0.0
California,2018-02-01,2018,February,5.0,true,39437463.0,false,0.012678300325758785,5.0,0.0
California,2018-03-01,2018,March,5.0,true,39437463.0,false,0.012678300325758785,5.0,0.0
California,2018-04-01,2018,April,5.0,true,39437463.0,false,0.012678300325758785,5.0,0.0
California,2018-05-01,2018,May,5.0,true,39437463.0,false,0.012678300325758785,5.0,0.0
California,2018-06-01,2018,June,5.0,true,39437463.0,false,0.012678300325758785,5.0,0.0
California,2018-07-01,2018,July,5.0,true,39437463.0,false,0.012678300325758785,5.0,0.0
California,2018-08-01,2018,August,5.0,true,39437463.0,false,0.012678300325758785,5.0,0.0
California,2018-09-01,2018,September,5.0,true,39437463.0,false,0.012678300325758785,5.0,0.0
California,2018-10-01,2018,October,5.0,true,39437463.0,false,0.012678300325758785,5.0,0.0
California,2018-11-01,2018,November,5.0,true,39437463.0,false,0.012678300325758785,5.0,0.0
California,2018-12-01,2018,December,5.0,true,39437463.0,false,0.012678300325758785,5.0,0.0
California,2019-01-01,2019,January,5.0,true,39437610.0,false,0.01267825306858098,5.0,0.0
California,2019-02-01,2019,February,5.0,true,39437610.0,false,0.01267825306858098,5.0,0.0
California,2019-03-01,2019,March,5.0,true,39437610.0,false,0.01267825306858098,5.0,0.0
California,2019-04-01,2019,April,5.0,true,39437610.0,false,0.01267825306858098,5.0,0.0
California,2019-05-01,2019,May,5.0,true,39437610.0,false,0.01267825306858098,5.0,0.0
California,2019-06-01,2019,June,1175.0,false,39437610.0,false,2.979389471116531,5.0,0.0
California,2019-07-01,2019,July,1262.0,false,39437610.0,false,3.19999107450984,102.5,337.7499074759311
California,2019-08-01,2019,August,1351.0,false,39437610.0,false,3.4256639791305807,207.25,472.7182757010968
California,2019-09-01,2019,September,1410.0,false,39437610.0,false,3.575267365339837,319.4166666666667,570.0375519262399
California,2019-10-01,2019,October,1499.0,false,39437610.0,false,3.800940269960578,436.5,639.6293671124922
California,2019-11-01,2019,November,1617.0,false,39437610.0,false,4.100147042379089,561.0,691.3158730736886
California,2019-12-01,2019,December,1727.0,false,39437610.0,false,4.379068609887871,695.3333333333334,729.04349955433
California,2020-01-01,2020,January,1835.0,false,39527808.0,false,4.642301440039376,838.8333333333334,749.9828886936909
California,2020-02-01,2020,February,1989.0,false,39527808.0,false,5.031900579966387,991.3333333333334,751.0727277862261
California,2020-03-01,2020,March,2140.0,false,39527808.0,false,5.413910126258456,1156.6666666666667,732.3484433138657
California,2020-04-01,2020,April,2327.0,false,39527808.0,false,5.886994796169826,1334.5833333333333,684.9308469849457
California,2020-05-01,2020,May,2559.0,false,39527808.0,false,6.473923370605322,1528.0833333333333,597.5879483896961
California,2020-06-01,2020,June,2803.0,false,39527808.0,false,7.091210319580585,1740.9166666666667,439.7990157360794
California,2020-07-01,2020,July,3073.0,false,39527808.0,false,7.774273746725343,1876.5833333333333,496.7667201437958
California,2020-08-01,2020,August,3382.0,false,39527808.0,false,8.556001891124344,2027.5,563.6681002795237
California,2020-09-01,2020,September,3587.0,false,39527808.0,false,9.074624122845364,2196.75,641.6038320277765
California,2020-10-01,2020,October,3821.0,false,39527808.0,false,9.666612426370822,2378.1666666666665,703.6970982323331
California,2020-11-01,2020,November,4007.0,false,39527808.0,false,10.137167231737212,2571.6666666666665,757.1845377729423
California,2020-12-01,2020,December,4195.0,false,39527808.0,false,10.612781766193562,2770.8333333333335,796.549243279847
California,2021-01-01,2021,January,4504.0,false,39152927.0,false,11.503609934450111,2976.5,820.7798398197567
California,2021-02-01,2021,February,4687.0,false,39152927.0,false,11.971007940223728,3198.9166666666665,844.6128169795088
California,2021-03-01,2021,March,4940.0,false,39152927.0,false,12.617192068424414,3423.75,852.3215489046801
California,2021-04-01,2021,April,5164.0,false,39152927.0,false,13.189307660191027,3657.0833333333335,852.1971025033771
California,2021-05-01,2021,May,5365.0,false,39152927.0,false,13.702679240303029,3893.5,843.1327405467174
California,2021-06-01,2021,June,5577.0,false,39152927.0,false,14.244145782510719,4127.333333333333,828.3547037057948
California,2021-07-01,2021,July,5699.0,false,39152927.0,false,14.555744453026461,4358.5,812.0851388415334
California,2021-08-01,2021,August,5796.0,false,39152927.0,false,14.803490936961111,4577.333333333333,787.6362027476822
California,2021-09-01,2021,September,5972.0,false,39152927.0,false,15.253010330492021,4778.5,762.4594773136829
California,2021-10-01,2021,October,6136.0,false,39152927.0,false,15.671880674464006,4977.25,733.9519584228436
California,2021-11-01,2021,November,6286.0,false,39152927.0,false,16.054993793950576,5170.166666666667,706.1242272025678
California,2021-12-01,2021,December,6411.0,false,39152927.0,false,16.37425472685605,5360.083333333333,670.4159439324127
California,2022-01-01,2022,January,6427.0,false,39125347.0,false,16.42669137221965,5544.75,623.9040026682427
California,2022-02-01,2022,February,6549.0,false,39125347.0,false,16.738509692961955,5705.0,577.5230810027502
California,2022-03-01,2022,March,6598.0,false,39125347.0,false,16.863748198833868,5860.166666666667,527.0806102456907
California,2022-04-01,2022,April,6661.0,false,39125347.0,false,17.02476913495489,5998.333333333333,479.06771837380023
California,2022-05-01,2022,May,6695.0,false,39125347.0,false,17.11166932270275,6123.083333333333,434.9324834402635
California,2022-06-01,2022,June,6681.0,false,39125347.0,false,17.07588689245363,6233.916666666667,391.47958459096606
California,2022-07-01,2022,July,6750.0,false,39125347.0,false,17.252243155824278,6325.916666666667,350.66105321581426
California,2022-08-01,2022,August,6786.0,false,39125347.0,false,17.344255119322007,6413.5,308.5695737077488
California,2022-09-01,2022,September,6847.0,false,39125347.0,false,17.50016427969316,6496.0,256.3984824802637
California,2022-10-01,2022,October,6876.0,false,39125347.0,false,17.57428502806633,6568.916666666667,214.89213291295428
California,2022-11-01,2022,November,6917.0,false,39125347.0,false,17.679076430938746,6630.583333333333,183.20751192088844
California,2022-12-01,2022,December,7045.0,false,39125347.0,false,18.006230078930674,6683.166666666667,164.960509507487
California,2023-01-01,2023,January,7196.0,false,39181667.0,false,18.365732116502343,6736.0,171.27436787479056
California,2023-02-01,2023,February,7253.0,false,39181667.0,false,18.511208315868746,6800.083333333333,188.1785700934733
California,2023-03-01,2023,March,7379.0,false,39181667.0,false,18.832787282889214,6858.75,211.12517829262111
California,2023-04-01,2023,April,7492.0,false,39181667.0,false,19.121187467598048,6923.833333333333,241.6142053821015
California,2023-05-01,2023,May,7631.0,false,39181667.0,false,19.475945216930153,6993.083333333333,276.0660192231146
California,2023-06-01,2023,June,7741.0,false,39181667.0,false,19.75668875956707,7071.083333333333,313.8344839773561
California,2023-07-01,2023,July,7886.0,false,39181667.0,false,20.126759793043007,7159.416666666667,341.97327336645725
California,2023-08-01,2023,August,7982.0,false,39181667.0,false,20.371772339344318,7254.083333333333,374.0640339770072
California,2023-09-01,2023,September,7996.0,false,39181667.0,false,20.407503335679923,7353.75,396.65903035685017
California,2023-10-01,2023,October,8019.0,false,39181667.0,false,20.46620425823128,7449.5,401.858749494713
California,2023-11-01,2023,November,7998.0,false,39181667.0,false,20.41260776372787,7544.75,388.81547972364393
California,2023-12-01,2023,December,7954.0,false,39181667.0,false,20.3003103466731,7634.833333333333,353.80241875254524
California,2024-01-01,2024,January,7853.0,false,39364774.0,false,19.949307977736645,7710.583333333333,310.7242151471108
California,2024-02-01,2024,February,7760.0,false,39364774.0,false,19.713056145070208,7765.333333333333,266.5538776626029
California,2024-03-01,2024,March,7611.0,false,39364774.0,false,19.334545144346567,7807.583333333333,212.70613887509563
California,2024-04-01,2024,April,7388.0,false,39364774.0,false,18.768048814404473,7826.916666666667,177.9067469379973
California,2024-05-01,2024,May,7166.0,false,39364774.0,false,18.20409282674911,7818.25,197.19308719213163
California,2024-06-01,2024,June,6976.0,false,39364774.0,false,17.721427792269303,7779.5,269.6942713518401
California,2024-07-01,2024,July,6583.0,false,39364774.0,false,16.723073273582113,7715.75,356.17235996073583
California,2024-08-01,2024,August,6222.0,false,39364774.0,false,15.806009708070468,7607.166666666667,477.5029430339257
California,2024-09-01,2024,September,5923.0,false,39364774.0,false,15.04644736433645,7460.5,605.1410804702713
California,2024-10-01,2024,October,5667.0,false,39364774.0,false,14.396119738932072,7287.75,722.8220106574717
California,2024-11-01,2024,November,5467.0,false,39364774.0,false,13.8880512815849,7091.75,818.9960733616606
California,2024-12-01,2024,December,5265.0,false,39364774.0,false,13.374902139664261,6880.833333333333,887.437253437041
California,2025-01-01,2025,January,5116.0,false,39355309.0,false,12.999516786921939,6656.75,930.2816899881846
California,2025-02-01,2025,February,5027.0,false,39355309.0,false,12.77337194836915,6428.666666666667,945.722266873634
California,2025-03-01,2025,March,4939.0,false,39355309.0,false,12.549768063058531,6200.916666666667,924.8133431655114
California,2025-04-01,2025,April,4879.0,false,39355309.0,false,12.397310868528564,5978.25,874.7576417603805
California,2025-05-01,2025,May,4797.0,false,39355309.0,false,12.18895270267094,5769.166666666667,804.1695697859356
California,2025-06-01,2025,June,4669.0,false,39355309.0,false,11.863710687673676,5571.75,716.0408984002366
California,2025-07-01,2025,July,4712.0,false,39355309.0,false,11.97297167708682,5379.5,605.9837231537431
California,2025-08-01,2025,August,4741.0,false,39355309.0,false,12.046659321109637,5223.583333333333,499.5273144471559
California,2025-09-01,2025,September,4783.0,false,39355309.0,false,12.153379357280615,5100.166666666667,404.30340392364076
California,2025-10-01,2025,October,4742.0,false,39355309.0,false,12.049200274351803,5005.166666666667,318.1357152746814
California,2025-11-01,2025,November,4732.0,false,39355309.0,false,12.023790741930142,4928.083333333333,247.39459034775484
California,2025-12-01,2025,December,4649.0,false,39355309.0,false,11.812891622830353,4866.833333333333,184.94315260903733
California,2026-01-01,2026,January,4604.0,false,39345846.0,true,11.701362324246377,4815.5,145.70736550921637
California,2026-02-01,2026,February,4462.0,false,39345846.0,true,11.340460184793079,4772.833333333333,122.89081135362146
California,2026-03-01,2026,March,4327.0,false,39345846.0,true,10.99734899587621,4725.75,124.87748541525163
California,2026-04-01,2026,April,4165.0,false,39345846.0,true,10.585615569175967,4674.75,151.9127291332999
North Carolina,2015-01-01,2015,January,209.0,false,10037218.0,false,2.0822502809045296,,
North Carolina,2015-02-01,2015,February,228.0,false,10037218.0,false,2.2715457609867595,209.0,
North Carolina,2015-03-01,2015,March,234.0,false,10037218.0,false,2.3313232810127267,218.5,13.435028842544403
North Carolina,2015-04-01,2015,April,236.0,false,10037218.0,false,2.3512491210213824,223.66666666666666,13.051181300301264
North Carolina,2015-05-01,2015,May,245.0,false,10037218.0,false,2.4409154010603333,226.75,12.311918344975059
North Carolina,2015-06-01,2015,June,257.0,false,10037218.0,false,2.5604704411122685,230.4,13.427583550289308
North Carolina,2015-07-01,2015,July,261.0,false,10037218.0,false,2.60032212112958,234.83333333333334,16.191561588267717
North Carolina,2015-08-01,2015,August,254.0,false,10037218.0,false,2.5305816810992847,238.57142857142858,17.784423361068363
North Carolina,2015-09-01,2015,September,269.0,false,10037218.0,false,2.680025481164203,240.5,17.345234009869763
North Carolina,2015-10-01,2015,October,267.0,false,10037218.0,false,2.660099641155547,243.66666666666666,18.801595676963164
North Carolina,2015-11-01,2015,November,285.0,false,10037218.0,false,2.8394322012334494,246.0,19.200694431886223
North Carolina,2015-12-01,2015,December,301.0,false,10037218.0,false,2.9988389213026956,249.54545454545453,21.68116065326594
North Carolina,2016-01-01,2016,January,324.0,false,10161802.0,false,3.1884108743705104,253.83333333333334,25.455248908028715
North Carolina,2016-02-01,2016,February,347.0,false,10161802.0,false,3.414748683353602,263.4166666666667,28.506644626802156
North Carolina,2016-03-01,2016,March,381.0,false,10161802.0,false,3.7493350096764333,273.3333333333333,35.02034040988528
North Carolina,2016-04-01,2016,April,403.0,false,10161802.0,false,3.9658320443559125,285.5833333333333,44.451113767278244
North Carolina,2016-05-01,2016,May,428.0,false,10161802.0,false,4.211851401946229,299.5,52.86260063082922
North Carolina,2016-06-01,2016,June,455.0,false,10161802.0,false,4.477552308143772,314.75,61.41531493927966
North Carolina,2016-07-01,2016,July,480.0,false,10161802.0,false,4.723571665734089,331.25,70.42613796802229
North Carolina,2016-08-01,2016,August,521.0,false,10161802.0,false,5.12704341218221,349.5,78.48161336493818
North Carolina,2016-09-01,2016,September,529.0,false,10161802.0,false,5.205769606611111,371.75,86.39457579774744
North Carolina,2016-10-01,2016,October,550.0,false,10161802.0,false,5.412425866986977,393.4166666666667,90.77490475529751
North Carolina,2016-11-01,2016,November,573.0,false,10161802.0,false,5.638763675970069,417.0,91.70307816782676
North Carolina,2016-12-01,2016,December,591.0,false,10161802.0,false,5.815897613435098,441.0,91.70307816782675
North Carolina,2017-01-01,2017,January,643.0,false,10275758.0,false,6.257445922724144,465.1666666666667,89.64357030467768
North Carolina,2017-02-01,2017,February,686.0,false,10275758.0,false,6.675906536529958,491.75,91.2599932261468
North Carolina,2017-03-01,2017,March,730.0,false,10275758.0,false,7.104098792517301,520.0,94.7801283353886
North Carolina,2017-04-01,2017,April,776.0,false,10275758.0,false,7.551754332867707,549.0833333333334,101.5537997439005
North Carolina,2017-05-01,2017,May,838.0,false,10275758.0,false,8.1551161481226,580.1666666666666,109.54520306773598
North Carolina,2017-06-01,2017,June,907.0,false,10275758.0,false,8.826599458648209,614.3333333333334,121.0997585263964
North Carolina,2017-07-01,2017,July,959.0,false,10275758.0,false,9.332644852087798,652.0,136.36781811769893
North Carolina,2017-08-01,2017,August,1028.0,false,10275758.0,false,10.004128162613405,691.9166666666666,150.78669963852514
North Carolina,2017-09-01,2017,September,1111.0,false,10275758.0,false,10.81185446368044,734.1666666666666,168.52883936279184
North Carolina,2017-10-01,2017,October,1177.0,false,10275758.0,false,11.454142847661457,782.6666666666666,186.8652082668308
North Carolina,2017-11-01,2017,November,1207.0,false,10275758.0,false,11.746092113107373,834.9166666666666,202.86782904296592
North Carolina,2017-12-01,2017,December,1270.0,false,10275758.0,false,12.359185570543797,887.75,210.8550234381218
North Carolina,2018-01-01,2018,January,1299.0,false,10391358.0,false,12.500772276347327,944.3333333333334,215.0460133989651
North Carolina,2018-02-01,2018,February,1298.0,false,10391358.0,false,12.491148895072232,999.0,214.86105446839994
North Carolina,2018-03-01,2018,March,1292.0,false,10391358.0,false,12.433408607421667,1050.0,206.2738691422379
North Carolina,2018-04-01,2018,April,1318.0,false,10391358.0,false,12.683616520574116,1096.8333333333333,190.18690966010416
North Carolina,2018-05-01,2018,May,1308.0,false,10391358.0,false,12.587382707823172,1142.0,170.39579593618876
North Carolina,2018-06-01,2018,June,1328.0,false,10391358.0,false,12.779850333325058,1181.1666666666667,146.5089716975679
North Carolina,2018-07-01,2018,July,1335.0,false,10391358.0,false,12.847214002250714,1216.25,123.4858291465056
North Carolina,2018-08-01,2018,August,1290.0,false,10391358.0,false,12.41416184487148,1247.5833333333333,97.17786722699714
North Carolina,2018-09-01,2018,September,1280.0,false,10391358.0,false,12.317928032120538,1269.4166666666667,68.58366931689862
North Carolina,2018-10-01,2018,October,1277.0,false,10391358.0,false,12.289057888295254,1283.5,47.07537476314883
North Carolina,2018-11-01,2018,November,1301.0,false,10391358.0,false,12.520019038897516,1291.8333333333333,33.36256294202537
North Carolina,2018-12-01,2018,December,1280.0,false,10391358.0,false,12.317928032120538,1299.6666666666667,19.987875112556374
North Carolina,2019-01-01,2019,January,1259.0,false,10501384.0,false,11.988895939811362,1300.5,18.812471685270122
North Carolina,2019-02-01,2019,February,1274.0,false,10501384.0,false,12.13173425521817,1297.1666666666667,22.31930812439111
North Carolina,2019-03-01,2019,March,1329.0,false,10501384.0,false,12.65547474504313,1295.1666666666667,23.29195465209298
North Carolina,2019-04-01,2019,April,1325.0,false,10501384.0,false,12.617384527601315,1298.25,25.205068032946354
North Carolina,2019-05-01,2019,May,1330.0,false,10501384.0,false,12.664997299403584,1298.8333333333333,25.778191393407585
North Carolina,2019-06-01,2019,June,1327.0,false,10501384.0,false,12.636429636322223,1300.6666666666667,27.230775815520754
North Carolina,2019-07-01,2019,July,1317.0,false,10501384.0,false,12.541204092717683,1300.5833333333333,27.140906172764144
North Carolina,2019-08-01,2019,August,1322.0,false,10501384.0,false,12.588816864519952,1299.0833333333333,25.51455318523965
North Carolina,2019-09-01,2019,September,1326.0,false,10501384.0,false,12.626907081961768,1301.75,26.143398262798048
North Carolina,2019-10-01,2019,October,1330.0,false,10501384.0,false,12.664997299403584,1305.5833333333333,26.036541919992306
North Carolina,2019-11-01,2019,November,1332.0,false,10501384.0,false,12.684042408124492,1310.0,25.229852447952595
North Carolina,2019-12-01,2019,December,1344.0,false,10501384.0,false,12.798313060449939,1312.5833333333333,25.805067625400902
North Carolina,2020-01-01,2020,January,1388.0,false,10450215.0,false,13.282023384207886,1317.9166666666667,25.06159079813833
North Carolina,2020-02-01,2020,February,1414.0,false,10450215.0,false,13.530822093133969,1328.6666666666667,25.15888902494895
North Carolina,2020-03-01,2020,March,1428.0,false,10450215.0,false,13.664790628709552,1340.3333333333333,29.57681319526974
North Carolina,2020-04-01,2020,April,1524.0,false,10450215.0,false,14.583432015513557,1348.5833333333333,38.56861261165459
North Carolina,2020-05-01,2020,May,1693.0,false,10450215.0,false,16.200623623533104,1365.1666666666667,62.724264310817674
North Carolina,2020-06-01,2020,June,1764.0,false,10450215.0,false,16.880035482523567,1395.4166666666667,112.22336358055445
North Carolina,2020-07-01,2020,July,1870.0,false,10450215.0,false,17.89436868045299,1431.8333333333333,151.89519911817985
North Carolina,2020-08-01,2020,August,1986.0,false,10450215.0,false,19.004393689507825,1477.9166666666667,192.38052175705084
North Carolina,2020-09-01,2020,September,2037.0,false,10450215.0,false,19.492421926247452,1533.25,234.36766958233497
North Carolina,2020-10-01,2020,October,2099.0,false,10450215.0,false,20.085711155225034,1592.5,265.0720313767218
North Carolina,2020-11-01,2020,November,2177.0,false,10450215.0,false,20.83210728200329,1656.5833333333333,287.8211118459561
North Carolina,2020-12-01,2020,December,2252.0,false,10450215.0,false,21.549795865443915,1727.0,304.097472411845
North Carolina,2021-01-01,2021,January,2343.0,false,10565503.0,false,22.175943729323627,1802.6666666666667,312.970905802421
North Carolina,2021-02-01,2021,February,2428.0,false,10565503.0,false,22.98044873017404,1882.25,319.29869885564693
North Carolina,2021-03-01,2021,March,2549.0,false,10565503.0,false,24.125685260796384,1966.75,318.2866418240583
North Carolina,2021-04-01,2021,April,2591.0,false,10565503.0,false,24.523205378863647,2060.1666666666665,310.1925599404735
North Carolina,2021-05-01,2021,May,2582.0,false,10565503.0,false,24.438022496420665,2149.0833333333335,295.08841766905084
North Carolina,2021-06-01,2021,June,2618.0,false,10565503.0,false,24.778754026192598,2223.1666666666665,281.4562240573231
North Carolina,2021-07-01,2021,July,2687.0,false,10565503.0,false,25.431822791588814,2294.3333333333335,262.1028019458755
North Carolina,2021-08-01,2021,August,2712.0,false,10565503.0,false,25.668441909485995,2362.4166666666665,247.56650468596158
North Carolina,2021-09-01,2021,September,2777.0,false,10565503.0,false,26.28365161601866,2422.9166666666665,235.63780308436137
North Carolina,2021-10-01,2021,October,2857.0,false,10565503.0,false,27.04083279328963,2484.5833333333335,221.8900048276717
North Carolina,2021-11-01,2021,November,2903.0,false,10565503.0,false,27.476211970220444,2547.75,209.70244070197097
North Carolina,2021-12-01,2021,December,3008.0,false,10565503.0,false,28.470012265388593,2608.25,197.38063136073816
North Carolina,2022-01-01,2022,January,3030.0,false,10705768.0,false,28.302500110220958,2671.25,193.9560048520845
North Carolina,2022-02-01,2022,February,3066.0,false,10705768.0,false,28.638767438263187,2728.5,189.60029727633008
North Carolina,2022-03-01,2022,March,3078.0,false,10705768.0,false,28.750856547610596,2781.6666666666665,187.11121308090014
North Carolina,2022-04-01,2022,April,3132.0,false,10705768.0,false,29.255257539673938,2825.75,189.61114514615528
North Carolina,2022-05-01,2022,May,3136.0,false,10705768.0,false,29.292620576123074,2870.8333333333335,193.0067513342631
North Carolina,2022-06-01,2022,June,3183.0,false,10705768.0,false,29.73163625440043,2917.0,183.66966394738537
North Carolina,2022-07-01,2022,July,3155.0,false,10705768.0,false,29.470094999256478,2964.0833333333335,172.10803073193375
North Carolina,2022-08-01,2022,August,3216.0,false,10705768.0,false,30.03988130510581,3003.0833333333335,155.87142623056806
North Carolina,2022-09-01,2022,September,3274.0,false,10705768.0,false,30.581645333618287,3045.0833333333335,137.076924875536
North Carolina,2022-10-01,2022,October,3300.0,false,10705768.0,false,30.824505070537676,3086.5,123.08201256959435
North Carolina,2022-11-01,2022,November,3342.0,false,10705768.0,false,31.21681695325361,3123.4166666666665,114.09681561434296
North Carolina,2022-12-01,2022,December,3339.0,false,10705768.0,false,31.18879467591676,3160.0,107.16766812294219
North Carolina,2023-01-01,2023,January,3364.0,false,10871849.0,false,30.94229877548888,3187.5833333333335,107.08574163074205
North Carolina,2023-02-01,2023,February,3378.0,false,10871849.0,false,31.071071719263212,3215.4166666666665,105.80209512733343
North Carolina,2023-03-01,2023,March,3394.0,false,10871849.0,false,31.218240797862446,3241.4166666666665,104.06768630719783
North Carolina,2023-04-01,2023,April,3384.0,false,10871849.0,false,31.126260123737918,3267.75,98.80478917358388
North Carolina,2023-05-01,2023,May,3448.0,false,10871849.0,false,31.714936438134856,3288.75,93.99238363728281
North Carolina,2023-06-01,2023,June,3419.0,false,10871849.0,false,31.44819248317375,3314.75,91.00262233983852
North Carolina,2023-07-01,2023,July,3386.0,false,10871849.0,false,31.144656258562826,3334.4166666666665,85.26158501217232
North Carolina,2023-08-01,2023,August,3303.0,false,10871849.0,false,30.381216663329305,3353.6666666666665,64.65901235549364
North Carolina,2023-09-01,2023,September,3188.0,false,10871849.0,false,29.32343891089731,3360.9166666666665,51.32155020214706
North Carolina,2023-10-01,2023,October,5.0,true,10871849.0,false,0.04599033706226052,3353.75,67.89179224726257
North Carolina,2023-11-01,2023,November,5.0,true,10871849.0,false,0.04599033706226052,3079.1666666666665,970.3414425610787
North Carolina,2023-12-01,2023,December,5.0,true,10871849.0,false,0.04599033706226052,2801.0833333333335,1307.6920306286556
North Carolina,2024-01-01,2024,January,5.0,true,11052061.0,false,0.04524043072147358,2523.25,1519.9603538489835
North Carolina,2024-02-01,2024,February,5.0,true,11052061.0,false,0.04524043072147358,2243.3333333333335,1654.4033988301057
North Carolina,2024-03-01,2024,March,5.0,true,11052061.0,false,0.04524043072147358,1962.25,1728.9547617511043
North Carolina,2024-04-01,2024,April,5.0,true,11052061.0,false,0.04524043072147358,1679.8333333333333,1750.4788868573462
North Carolina,2024-05-01,2024,May,5.0,true,11052061.0,false,0.04524043072147358,1398.25,1722.9824103465585
North Carolina,2024-06-01,2024,June,5.0,true,11052061.0,false,0.04524043072147358,1111.3333333333333,1635.0470848562647
North Carolina,2024-07-01,2024,July,5.0,true,11052061.0,false,0.04524043072147358,826.8333333333334,1487.35682784372
North Carolina,2024-08-01,2024,August,5.0,true,11052061.0,false,0.04524043072147358,545.0833333333334,1261.6011801987138
North Carolina,2024-09-01,2024,September,5.0,true,11052061.0,false,0.04524043072147358,270.25,918.8529534152894
North Carolina,2024-10-01,2024,October,1946.0,false,11052061.0,false,17.607575636797517,5.0,0.0
North Carolina,2024-11-01,2024,November,1942.0,false,11052061.0,false,17.57138329222034,166.75,560.3184362485318
North Carolina,2024-12-01,2024,December,1951.0,false,11052061.0,false,17.65281606751899,328.1666666666667,754.7552081585288
North Carolina,2025-01-01,2025,January,1852.0,false,11197968.0,false,16.538714881128435,490.3333333333333,878.0031407412591
North Carolina,2025-02-01,2025,February,1779.0,false,11197968.0,false,15.886810892833415,644.25,944.5580135222457
North Carolina,2025-03-01,2025,March,1745.0,false,11197968.0,false,15.583184377737105,792.0833333333334,973.7859068728826
North Carolina,2025-04-01,2025,April,1716.0,false,11197968.0,false,15.324208820743191,937.0833333333334,975.476523023336
North Carolina,2025-05-01,2025,May,1662.0,false,11197968.0,false,14.841978473237287,1079.6666666666667,951.6048963660701
North Carolina,2025-06-01,2025,June,1647.0,false,11197968.0,false,14.708025598930092,1217.75,900.3267209993573
North Carolina,2025-07-01,2025,July,1631.0,false,11197968.0,false,14.565142533002417,1354.5833333333333,820.4922533935271
North Carolina,2025-08-01,2025,August,1612.0,false,11197968.0,false,14.3954688922133,1490.0833333333333,703.2386712829997
North Carolina,2025-09-01,2025,September,1582.0,false,11197968.0,false,14.12756314359891,1624.0,525.1993560890603
North Carolina,2025-10-01,2025,October,1574.0,false,11197968.0,false,14.056121610635074,1755.4166666666667,137.35717099679377
North Carolina,2025-11-01,2025,November,1565.0,false,11197968.0,false,13.975749886050755,1724.4166666666667,132.32017528660836
North Carolina,2025-12-01,2025,December,1546.0,false,11197968.0,false,13.806076245261641,1693.0,120.15974216168922
North Carolina,2026-01-01,2026,January,1506.0,false,11345801.0,true,13.273633126475602,1659.25,95.44072410759371
North Carolina,2026-02-01,2026,February,1464.0,false,11345801.0,true,12.903452122948392,1630.4166666666667,83.42384478545613
North Carolina,2026-03-01,2026,March,1364.0,false,11345801.0,true,12.022068781216946,1604.1666666666667,81.96654897892896
North Carolina,2026-04-01,2026,April,1249.0,false,11345801.0,true,11.00847793822578,1572.4166666666667,95.1806496122297
